Id:,25015
Estación:,CULIACAN (DGE)-SIN
Posición:,24.7919444444N -107.389722222W
Variable:,Evaporación (mm)
Fecha Inicial:,01/01/1961
Fecha Final:,06/01/2016
No Dato:,nan
Mes,Día,Anio,Datos
01,01,1961,2.9
01,02,1961,2.7
01,03,1961,3.7
01,04,1961,2.5
01,05,1961,1.1
01,06,1961,1.9
01,07,1961,4.0
01,08,1961,6.3
01,09,1961,5.2
01,10,1961,3.6
01,11,1961,3.6
01,12,1961,4.2
01,13,1961,3.8
01,14,1961,3.5
01,15,1961,1.7
01,16,1961,1.9
01,17,1961,2.4
01,18,1961,1.2
01,19,1961,1.0
01,20,1961,1.7
01,21,1961,1.3
01,22,1961,1.3
01,23,1961,1.9
01,24,1961,1.1
01,25,1961,3.0
01,26,1961,2.4
01,27,1961,3.1
01,28,1961,2.1
01,29,1961,2.5
01,30,1961,2.4
01,31,1961,3.9
02,01,1961,3.4
02,02,1961,3.5
02,03,1961,3.3
02,04,1961,3.9
02,05,1961,4.3
02,06,1961,4.4
02,07,1961,4.1
02,08,1961,3.7
02,09,1961,4.3
02,10,1961,4.4
02,11,1961,6.1
02,12,1961,5.6
02,13,1961,5.1
02,14,1961,5.9
02,15,1961,5.3
02,16,1961,6.5
02,17,1961,4.5
02,18,1961,4.7
02,19,1961,3.3
02,20,1961,4.9
02,21,1961,4.9
02,22,1961,4.8
02,23,1961,3.1
02,24,1961,5.3
02,25,1961,4.7
02,26,1961,6.9
02,27,1961,5.1
02,28,1961,5.1
03,01,1961,5.5
03,02,1961,5.1
03,03,1961,6.0
03,04,1961,4.9
03,05,1961,5.7
03,06,1961,5.7
03,07,1961,5.3
03,08,1961,6.8
03,09,1961,6.0
03,10,1961,5.3
03,11,1961,6.2
03,12,1961,5.7
03,13,1961,5.9
03,14,1961,6.0
03,15,1961,4.9
03,16,1961,5.3
03,17,1961,5.9
03,18,1961,5.8
03,19,1961,6.3
03,20,1961,6.1
03,21,1961,6.2
03,22,1961,5.9
03,23,1961,6.2
03,24,1961,6.9
03,25,1961,5.7
03,26,1961,5.8
03,27,1961,6.8
03,28,1961,6.5
03,29,1961,4.7
03,30,1961,7.0
03,31,1961,5.4
04,01,1961,7.3
04,02,1961,6.3
04,03,1961,5.3
04,04,1961,4.1
04,05,1961,3.8
04,06,1961,6.3
04,07,1961,7.0
04,08,1961,7.0
04,09,1961,7.0
04,10,1961,7.1
04,11,1961,6.9
04,12,1961,7.1
04,13,1961,7.0
04,14,1961,6.5
04,15,1961,6.4
04,16,1961,7.6
04,17,1961,7.2
04,18,1961,7.6
04,19,1961,6.6
04,20,1961,7.8
04,21,1961,9.6
04,22,1961,7.3
04,23,1961,7.3
04,24,1961,6.7
04,25,1961,8.9
04,26,1961,9.0
04,27,1961,8.4
04,28,1961,7.7
04,29,1961,8.3
04,30,1961,7.6
05,01,1961,9.4
05,02,1961,7.2
05,03,1961,8.1
05,04,1961,7.2
05,05,1961,7.5
05,06,1961,7.5
05,07,1961,7.3
05,08,1961,5.5
05,09,1961,7.3
05,10,1961,8.1
05,11,1961,8.3
05,12,1961,7.3
05,13,1961,8.6
05,14,1961,9.1
05,15,1961,7.9
05,16,1961,8.4
05,17,1961,7.3
05,18,1961,8.1
05,19,1961,8.2
05,20,1961,7.5
05,21,1961,7.5
05,22,1961,9.3
05,23,1961,8.6
05,24,1961,8.6
05,25,1961,8.4
05,26,1961,8.0
05,27,1961,9.0
05,28,1961,8.6
05,29,1961,8.0
05,30,1961,8.6
05,31,1961,8.7
06,01,1961,8.5
06,02,1961,7.3
06,03,1961,10.0
06,04,1961,8.6
06,05,1961,8.6
06,06,1961,8.9
06,07,1961,9.5
06,08,1961,8.9
06,09,1961,9.8
06,10,1961,9.1
06,11,1961,9.0
06,12,1961,7.2
06,13,1961,4.9
06,14,1961,7.5
06,15,1961,6.2
06,16,1961,10.2
06,17,1961,10.0
06,18,1961,10.3
06,19,1961,9.8
06,20,1961,9.8
06,21,1961,8.1
06,22,1961,10.1
06,23,1961,8.3
06,24,1961,10.2
06,25,1961,7.9
06,26,1961,8.8
06,27,1961,8.5
06,28,1961,9.8
06,29,1961,9.6
06,30,1961,10.2
07,01,1961,8.3
07,02,1961,8.7
07,03,1961,8.2
07,04,1961,6.8
07,05,1961,5.8
07,06,1961,2.5
07,07,1961,5.9
07,08,1961,7.9
07,09,1961,7.5
07,10,1961,4.5
07,11,1961,5.9
07,12,1961,5.3
07,13,1961,6.4
07,14,1961,3.3
07,15,1961,7.9
07,16,1961,5.3
07,17,1961,8.4
07,18,1961,8.1
07,19,1961,5.4
07,20,1961,5.7
07,21,1961,5.0
07,22,1961,6.1
07,23,1961,6.8
07,24,1961,6.5
07,25,1961,5.9
07,26,1961,3.6
07,27,1961,9.4
07,28,1961,5.3
07,29,1961,5.7
07,30,1961,6.8
07,31,1961,8.0
08,01,1961,4.4
08,02,1961,3.2
08,03,1961,5.1
08,04,1961,6.7
08,05,1961,6.4
08,06,1961,6.6
08,07,1961,5.0
08,08,1961,6.9
08,09,1961,6.3
08,10,1961,4.4
08,11,1961,3.6
08,12,1961,6.2
08,13,1961,6.0
08,14,1961,4.4
08,15,1961,5.8
08,16,1961,8.3
08,17,1961,10.3
08,18,1961,3.8
08,19,1961,6.3
08,20,1961,7.1
08,21,1961,5.7
08,22,1961,6.3
08,23,1961,5.4
08,24,1961,6.9
08,25,1961,7.6
08,26,1961,6.4
08,27,1961,5.7
08,28,1961,4.6
08,29,1961,4.7
08,30,1961,7.9
08,31,1961,4.8
09,01,1961,2.3
09,02,1961,4.0
09,03,1961,5.2
09,04,1961,5.5
09,05,1961,5.7
09,06,1961,8.0
09,07,1961,5.9
09,08,1961,4.9
09,09,1961,3.3
09,10,1961,5.1
09,11,1961,5.8
09,12,1961,6.7
09,13,1961,6.1
09,14,1961,4.0
09,15,1961,4.2
09,16,1961,3.4
09,17,1961,5.9
09,18,1961,4.7
09,19,1961,6.3
09,20,1961,3.7
09,21,1961,5.4
09,22,1961,3.2
09,23,1961,5.5
09,24,1961,5.4
09,25,1961,7.2
09,26,1961,6.1
09,27,1961,4.5
09,28,1961,5.2
09,29,1961,5.1
09,30,1961,5.6
10,01,1961,4.7
10,02,1961,10.0
10,03,1961,4.4
10,04,1961,2.0
10,05,1961,4.8
10,06,1961,4.8
10,07,1961,4.8
10,08,1961,0.8
10,09,1961,0.3
10,10,1961,4.5
10,11,1961,5.4
10,12,1961,4.7
10,13,1961,4.9
10,14,1961,6.0
10,15,1961,6.5
10,16,1961,5.4
10,17,1961,6.8
10,18,1961,5.5
10,19,1961,4.2
10,20,1961,4.8
10,21,1961,4.9
10,22,1961,5.2
10,23,1961,5.1
10,24,1961,5.8
10,25,1961,5.8
10,26,1961,6.3
10,27,1961,5.5
10,28,1961,6.6
10,29,1961,1.8
10,30,1961,2.8
10,31,1961,4.4
11,01,1961,2.1
11,02,1961,4.9
11,03,1961,3.7
11,04,1961,3.7
11,05,1961,3.7
11,06,1961,3.8
11,07,1961,3.7
11,08,1961,3.3
11,09,1961,4.8
11,10,1961,4.2
11,11,1961,3.9
11,12,1961,3.9
11,13,1961,3.3
11,14,1961,5.6
11,15,1961,3.6
11,16,1961,4.1
11,17,1961,1.5
11,18,1961,3.9
11,19,1961,3.6
11,20,1961,3.5
11,21,1961,3.4
11,22,1961,3.0
11,23,1961,3.8
11,24,1961,3.5
11,25,1961,2.5
11,26,1961,4.8
11,27,1961,3.2
11,28,1961,3.2
11,29,1961,2.7
11,30,1961,3.5
12,01,1961,4.1
12,02,1961,3.3
12,03,1961,3.7
12,04,1961,3.7
12,05,1961,3.5
12,06,1961,3.4
12,07,1961,2.7
12,08,1961,0.2
12,09,1961,1.3
12,10,1961,0.5
12,11,1961,2.8
12,12,1961,2.7
12,13,1961,2.9
12,14,1961,1.7
12,15,1961,1.7
12,16,1961,3.6
12,17,1961,3.0
12,18,1961,4.1
12,19,1961,3.6
12,20,1961,4.0
12,21,1961,4.2
12,22,1961,3.7
12,23,1961,2.4
12,24,1961,3.1
12,25,1961,3.5
12,26,1961,3.7
12,27,1961,3.5
12,28,1961,2.8
12,29,1961,3.0
12,30,1961,3.7
12,31,1961,3.2
01,01,1962,3.1
01,02,1962,2.8
01,03,1962,3.8
01,04,1962,3.4
01,05,1962,3.7
01,06,1962,4.1
01,07,1962,3.9
01,08,1962,3.3
01,09,1962,3.6
01,10,1962,3.5
01,11,1962,3.8
01,12,1962,3.2
01,13,1962,3.1
01,14,1962,3.3
01,15,1962,2.0
01,16,1962,3.7
01,17,1962,3.1
01,18,1962,3.3
01,19,1962,3.6
01,20,1962,4.4
01,21,1962,3.2
01,22,1962,2.6
01,23,1962,3.7
01,24,1962,3.3
01,25,1962,1.3
01,26,1962,3.4
01,27,1962,4.9
01,28,1962,4.6
01,29,1962,3.0
01,30,1962,2.0
01,31,1962,3.1
02,01,1962,3.8
02,02,1962,4.4
02,03,1962,4.6
02,04,1962,4.4
02,05,1962,4.2
02,06,1962,4.8
02,07,1962,4.7
02,08,1962,4.2
02,09,1962,4.9
02,10,1962,4.4
02,11,1962,4.5
02,12,1962,4.7
02,13,1962,4.0
02,14,1962,5.4
02,15,1962,5.0
02,16,1962,5.7
02,17,1962,3.4
02,18,1962,4.6
02,19,1962,4.4
02,20,1962,5.0
02,21,1962,4.4
02,22,1962,2.0
02,23,1962,4.6
02,24,1962,4.8
02,25,1962,4.9
02,26,1962,4.7
02,27,1962,5.2
02,28,1962,4.2
03,01,1962,6.2
03,02,1962,4.1
03,03,1962,4.8
03,04,1962,5.2
03,05,1962,6.8
03,06,1962,4.5
03,07,1962,6.2
03,08,1962,6.2
03,09,1962,2.7
03,10,1962,6.3
03,11,1962,6.2
03,12,1962,5.6
03,13,1962,6.2
03,14,1962,5.8
03,15,1962,6.7
03,16,1962,5.9
03,17,1962,6.4
03,18,1962,5.1
03,19,1962,4.6
03,20,1962,6.8
03,21,1962,6.1
03,22,1962,6.3
03,23,1962,7.3
03,24,1962,6.9
03,25,1962,6.9
03,26,1962,7.2
03,27,1962,7.3
03,28,1962,8.6
03,29,1962,8.4
03,30,1962,7.3
03,31,1962,7.9
04,01,1962,7.6
04,02,1962,6.3
04,03,1962,6.7
04,04,1962,8.2
04,05,1962,7.7
04,06,1962,7.1
04,07,1962,8.0
04,08,1962,6.9
04,09,1962,5.5
04,10,1962,8.2
04,11,1962,7.7
04,12,1962,7.4
04,13,1962,7.9
04,14,1962,8.4
04,15,1962,11.0
04,16,1962,10.0
04,17,1962,9.2
04,18,1962,8.1
04,19,1962,8.3
04,20,1962,8.0
04,21,1962,6.6
04,22,1962,7.7
04,23,1962,8.2
04,24,1962,11.5
04,25,1962,8.4
04,26,1962,10.7
04,27,1962,8.4
04,28,1962,8.1
04,29,1962,7.5
04,30,1962,8.1
05,01,1962,8.9
05,02,1962,8.0
05,03,1962,7.6
05,04,1962,7.1
05,05,1962,8.5
05,06,1962,10.4
05,07,1962,10.1
05,08,1962,11.0
05,09,1962,8.5
05,10,1962,9.9
05,11,1962,8.3
05,12,1962,7.6
05,13,1962,6.8
05,14,1962,7.5
05,15,1962,8.2
05,16,1962,9.5
05,17,1962,7.9
05,18,1962,9.1
05,19,1962,9.6
05,20,1962,8.8
05,21,1962,9.0
05,22,1962,9.3
05,23,1962,8.9
05,24,1962,10.3
05,25,1962,12.1
05,26,1962,10.8
05,27,1962,11.8
05,28,1962,10.2
05,29,1962,9.8
05,30,1962,9.4
05,31,1962,9.4
06,01,1962,10.0
06,02,1962,8.9
06,03,1962,8.0
06,04,1962,7.6
06,05,1962,10.2
06,06,1962,10.0
06,07,1962,9.5
06,08,1962,8.6
06,09,1962,8.1
06,10,1962,9.4
06,11,1962,8.5
06,12,1962,8.8
06,13,1962,9.1
06,14,1962,8.7
06,15,1962,8.5
06,16,1962,9.7
06,17,1962,9.0
06,18,1962,8.4
06,19,1962,9.9
06,20,1962,8.4
06,21,1962,9.6
06,22,1962,9.7
06,23,1962,1.3
06,24,1962,5.9
06,25,1962,3.1
06,26,1962,5.4
06,27,1962,4.6
06,28,1962,6.5
06,29,1962,8.7
06,30,1962,2.2
07,01,1962,5.2
07,02,1962,6.8
07,03,1962,9.1
07,04,1962,8.1
07,05,1962,4.9
07,06,1962,9.4
07,07,1962,4.2
07,08,1962,10.2
07,09,1962,7.0
07,10,1962,3.4
07,11,1962,7.2
07,12,1962,8.2
07,13,1962,8.7
07,14,1962,9.7
07,15,1962,9.4
07,16,1962,9.5
07,17,1962,5.1
07,18,1962,9.5
07,19,1962,4.6
07,20,1962,8.6
07,21,1962,7.0
07,22,1962,6.6
07,23,1962,7.5
07,24,1962,2.9
07,25,1962,5.4
07,26,1962,6.6
07,27,1962,6.2
07,28,1962,8.1
07,29,1962,5.7
07,30,1962,6.5
07,31,1962,4.1
08,01,1962,6.1
08,02,1962,8.0
08,03,1962,6.1
08,04,1962,9.1
08,05,1962,5.5
08,06,1962,7.2
08,07,1962,7.3
08,08,1962,6.2
08,09,1962,8.8
08,10,1962,7.5
08,11,1962,7.5
08,12,1962,7.6
08,13,1962,7.6
08,14,1962,9.8
08,15,1962,3.3
08,16,1962,9.2
08,17,1962,5.9
08,18,1962,8.6
08,19,1962,4.5
08,20,1962,3.9
08,21,1962,5.0
08,22,1962,6.2
08,23,1962,4.4
08,24,1962,6.7
08,25,1962,8.1
08,26,1962,5.6
08,27,1962,5.1
08,28,1962,6.0
08,29,1962,6.2
08,30,1962,6.2
08,31,1962,8.4
09,01,1962,6.0
09,02,1962,5.7
09,03,1962,4.9
09,04,1962,5.9
09,05,1962,5.9
09,06,1962,2.6
09,07,1962,1.2
09,08,1962,4.8
09,09,1962,2.3
09,10,1962,7.9
09,11,1962,4.4
09,12,1962,3.4
09,13,1962,4.3
09,14,1962,4.6
09,15,1962,7.5
09,16,1962,5.0
09,17,1962,5.0
09,18,1962,5.9
09,19,1962,3.4
09,20,1962,3.5
09,21,1962,2.6
09,22,1962,4.5
09,23,1962,5.4
09,24,1962,4.9
09,25,1962,null
09,26,1962,6.5
09,27,1962,5.6
09,28,1962,5.3
09,29,1962,5.3
09,30,1962,6.1
10,01,1962,4.9
10,02,1962,6.1
10,03,1962,4.6
10,04,1962,2.2
10,05,1962,4.7
10,06,1962,4.4
10,07,1962,3.7
10,08,1962,4.4
10,09,1962,4.9
10,10,1962,2.3
10,11,1962,5.4
10,12,1962,4.4
10,13,1962,4.5
10,14,1962,3.5
10,15,1962,5.0
10,16,1962,4.7
10,17,1962,4.7
10,18,1962,5.1
10,19,1962,4.1
10,20,1962,5.1
10,21,1962,5.6
10,22,1962,4.8
10,23,1962,4.8
10,24,1962,4.7
10,25,1962,5.0
10,26,1962,5.1
10,27,1962,5.2
10,28,1962,5.5
10,29,1962,5.2
10,30,1962,4.4
10,31,1962,5.0
11,01,1962,4.4
11,02,1962,4.7
11,03,1962,3.5
11,04,1962,4.5
11,05,1962,4.6
11,06,1962,4.2
11,07,1962,3.3
11,08,1962,5.9
11,09,1962,5.2
11,10,1962,2.1
11,11,1962,6.9
11,12,1962,5.6
11,13,1962,5.5
11,14,1962,4.4
11,15,1962,3.6
11,16,1962,4.0
11,17,1962,4.0
11,18,1962,3.7
11,19,1962,5.4
11,20,1962,4.6
11,21,1962,5.1
11,22,1962,2.2
11,23,1962,2.0
11,24,1962,3.9
11,25,1962,4.5
11,26,1962,3.5
11,27,1962,3.4
11,28,1962,4.6
11,29,1962,2.0
11,30,1962,2.1
12,01,1962,3.6
12,02,1962,3.2
12,03,1962,3.2
12,04,1962,2.0
12,05,1962,3.4
12,06,1962,3.9
12,07,1962,3.6
12,08,1962,2.9
12,09,1962,4.1
12,10,1962,3.1
12,11,1962,2.3
12,12,1962,4.8
12,13,1962,4.6
12,14,1962,3.5
12,15,1962,3.2
12,16,1962,3.2
12,17,1962,3.5
12,18,1962,4.3
12,19,1962,3.0
12,20,1962,2.3
12,21,1962,2.7
12,22,1962,2.9
12,23,1962,3.9
12,24,1962,3.4
12,25,1962,3.8
12,26,1962,3.6
12,27,1962,4.7
12,28,1962,2.7
12,29,1962,2.8
12,30,1962,3.7
12,31,1962,3.2
01,01,1963,3.1
01,02,1963,3.9
01,03,1963,2.6
01,04,1963,0.8
01,05,1963,4.0
01,06,1963,1.5
01,07,1963,4.1
01,08,1963,1.4
01,09,1963,2.6
01,10,1963,1.8
01,11,1963,4.4
01,12,1963,3.6
01,13,1963,4.5
01,14,1963,3.3
01,15,1963,3.3
01,16,1963,3.9
01,17,1963,2.7
01,18,1963,3.0
01,19,1963,null
01,20,1963,4.9
01,21,1963,3.7
01,22,1963,3.7
01,23,1963,4.4
01,24,1963,4.2
01,25,1963,4.6
01,26,1963,4.7
01,27,1963,5.7
01,28,1963,3.0
01,29,1963,4.7
01,30,1963,4.7
01,31,1963,4.7
02,01,1963,4.4
02,02,1963,4.0
02,03,1963,2.9
02,04,1963,3.7
02,05,1963,4.1
02,06,1963,2.5
02,07,1963,3.5
02,08,1963,3.5
02,09,1963,4.2
02,10,1963,3.4
02,11,1963,4.7
02,12,1963,4.9
02,13,1963,4.3
02,14,1963,5.1
02,15,1963,6.3
02,16,1963,4.4
02,17,1963,2.1
02,18,1963,4.6
02,19,1963,5.2
02,20,1963,5.1
02,21,1963,4.7
02,22,1963,5.1
02,23,1963,3.2
02,24,1963,4.2
02,25,1963,4.3
02,26,1963,6.6
02,27,1963,4.4
02,28,1963,5.3
03,01,1963,6.5
03,02,1963,6.2
03,03,1963,6.2
03,04,1963,5.6
03,05,1963,6.1
03,06,1963,5.7
03,07,1963,5.6
03,08,1963,5.8
03,09,1963,6.3
03,10,1963,5.8
03,11,1963,6.4
03,12,1963,6.5
03,13,1963,6.8
03,14,1963,2.8
03,15,1963,4.2
03,16,1963,5.0
03,17,1963,5.1
03,18,1963,6.7
03,19,1963,5.4
03,20,1963,5.0
03,21,1963,6.5
03,22,1963,6.8
03,23,1963,7.2
03,24,1963,8.1
03,25,1963,8.9
03,26,1963,9.3
03,27,1963,5.9
03,28,1963,6.1
03,29,1963,7.5
03,30,1963,4.3
03,31,1963,7.8
04,01,1963,7.5
04,02,1963,8.4
04,03,1963,5.2
04,04,1963,7.4
04,05,1963,9.6
04,06,1963,7.4
04,07,1963,null
04,08,1963,7.9
04,09,1963,7.5
04,10,1963,6.0
04,11,1963,7.1
04,12,1963,9.0
04,13,1963,6.6
04,14,1963,8.9
04,15,1963,9.3
04,16,1963,8.4
04,17,1963,8.4
04,18,1963,8.1
04,19,1963,7.8
04,20,1963,6.4
04,21,1963,9.8
04,22,1963,9.0
04,23,1963,8.5
04,24,1963,6.7
04,25,1963,8.0
04,26,1963,7.9
04,27,1963,6.8
04,28,1963,8.4
04,29,1963,7.3
04,30,1963,7.5
05,01,1963,9.7
05,02,1963,7.6
05,03,1963,7.5
05,04,1963,7.4
05,05,1963,7.7
05,06,1963,8.9
05,07,1963,7.8
05,08,1963,7.3
05,09,1963,8.0
05,10,1963,8.1
05,11,1963,8.3
05,12,1963,9.9
05,13,1963,9.4
05,14,1963,8.0
05,15,1963,8.1
05,16,1963,9.0
05,17,1963,8.6
05,18,1963,8.5
05,19,1963,10.3
05,20,1963,7.9
05,21,1963,9.1
05,22,1963,10.2
05,23,1963,9.7
05,24,1963,7.8
05,25,1963,9.0
05,26,1963,8.8
05,27,1963,8.8
05,28,1963,8.8
05,29,1963,7.6
05,30,1963,11.6
05,31,1963,10.9
06,01,1963,8.9
06,02,1963,7.0
06,03,1963,8.1
06,04,1963,8.8
06,05,1963,6.6
06,06,1963,7.2
06,07,1963,8.1
06,08,1963,10.9
06,09,1963,9.8
06,10,1963,8.4
06,11,1963,4.3
06,12,1963,3.5
06,13,1963,9.0
06,14,1963,9.0
06,15,1963,7.8
06,16,1963,null
06,17,1963,8.0
06,18,1963,8.5
06,19,1963,8.8
06,20,1963,10.0
06,21,1963,8.5
06,22,1963,6.9
06,23,1963,9.1
06,24,1963,9.8
06,25,1963,9.8
06,26,1963,10.0
06,27,1963,9.7
06,28,1963,5.2
06,29,1963,5.3
06,30,1963,9.2
07,01,1963,9.0
07,02,1963,5.7
07,03,1963,5.4
07,04,1963,8.7
07,05,1963,9.5
07,06,1963,7.0
07,07,1963,6.3
07,08,1963,8.9
07,09,1963,6.1
07,10,1963,4.7
07,11,1963,9.5
07,12,1963,5.9
07,13,1963,8.2
07,14,1963,6.3
07,15,1963,7.5
07,16,1963,9.3
07,17,1963,7.7
07,18,1963,5.5
07,19,1963,6.5
07,20,1963,6.5
07,21,1963,6.4
07,22,1963,4.1
07,23,1963,5.2
07,24,1963,2.1
07,25,1963,4.4
07,26,1963,2.3
07,27,1963,6.2
07,28,1963,5.4
07,29,1963,2.9
07,30,1963,5.2
07,31,1963,5.1
08,01,1963,5.6
08,02,1963,5.6
08,03,1963,6.3
08,04,1963,4.4
08,05,1963,5.6
08,06,1963,4.8
08,07,1963,5.1
08,08,1963,7.7
08,09,1963,8.3
08,10,1963,6.2
08,11,1963,4.7
08,12,1963,6.0
08,13,1963,4.4
08,14,1963,5.7
08,15,1963,8.0
08,16,1963,4.4
08,17,1963,6.7
08,18,1963,4.5
08,19,1963,9.2
08,20,1963,5.9
08,21,1963,5.3
08,22,1963,5.3
08,23,1963,7.6
08,24,1963,6.3
08,25,1963,5.8
08,26,1963,6.0
08,27,1963,7.3
08,28,1963,8.0
08,29,1963,4.4
08,30,1963,5.4
08,31,1963,6.2
09,01,1963,5.8
09,02,1963,5.8
09,03,1963,5.5
09,04,1963,6.1
09,05,1963,6.5
09,06,1963,6.9
09,07,1963,5.0
09,08,1963,5.5
09,09,1963,5.8
09,10,1963,6.7
09,11,1963,5.2
09,12,1963,4.8
09,13,1963,5.8
09,14,1963,2.5
09,15,1963,4.8
09,16,1963,5.7
09,17,1963,3.7
09,18,1963,5.0
09,19,1963,6.7
09,20,1963,3.8
09,21,1963,5.5
09,22,1963,4.7
09,23,1963,6.4
09,24,1963,6.1
09,25,1963,4.4
09,26,1963,5.1
09,27,1963,4.0
09,28,1963,2.5
09,29,1963,2.7
09,30,1963,4.8
10,01,1963,5.9
10,02,1963,4.9
10,03,1963,5.4
10,04,1963,5.7
10,05,1963,5.6
10,06,1963,5.5
10,07,1963,6.9
10,08,1963,6.6
10,09,1963,5.7
10,10,1963,6.0
10,11,1963,6.2
10,12,1963,2.5
10,13,1963,3.1
10,14,1963,4.2
10,15,1963,5.2
10,16,1963,6.0
10,17,1963,6.9
10,18,1963,4.6
10,19,1963,2.1
10,20,1963,3.5
10,21,1963,3.8
10,22,1963,4.7
10,23,1963,7.6
10,24,1963,5.1
10,25,1963,5.4
10,26,1963,4.3
10,27,1963,5.4
10,28,1963,5.1
10,29,1963,4.7
10,30,1963,4.9
10,31,1963,5.5
11,01,1963,5.6
11,02,1963,2.3
11,03,1963,4.1
11,04,1963,1.0
11,05,1963,5.4
11,06,1963,4.2
11,07,1963,3.9
11,08,1963,6.1
11,09,1963,3.9
11,10,1963,4.3
11,11,1963,3.8
11,12,1963,5.5
11,13,1963,5.0
11,14,1963,3.3
11,15,1963,4.0
11,16,1963,4.4
11,17,1963,3.8
11,18,1963,4.0
11,19,1963,5.4
11,20,1963,1.9
11,21,1963,1.4
11,22,1963,3.7
11,23,1963,3.0
11,24,1963,4.2
11,25,1963,3.2
11,26,1963,3.9
11,27,1963,4.1
11,28,1963,3.0
11,29,1963,3.4
11,30,1963,3.6
12,01,1963,4.3
12,02,1963,4.7
12,03,1963,4.0
12,04,1963,3.3
12,05,1963,1.5
12,06,1963,1.5
12,07,1963,3.2
12,08,1963,2.1
12,09,1963,1.7
12,10,1963,1.7
12,11,1963,3.5
12,12,1963,3.4
12,13,1963,4.6
12,14,1963,3.1
12,15,1963,2.3
12,16,1963,2.8
12,17,1963,2.1
12,18,1963,2.4
12,19,1963,1.9
12,20,1963,3.7
12,21,1963,2.4
12,22,1963,2.8
12,23,1963,null
12,24,1963,null
12,25,1963,null
12,26,1963,null
12,27,1963,null
12,28,1963,null
12,29,1963,null
12,30,1963,null
12,31,1963,null
01,01,1964,null
01,02,1964,null
01,03,1964,null
01,04,1964,null
01,05,1964,null
01,06,1964,null
01,07,1964,null
01,08,1964,null
01,09,1964,null
01,10,1964,null
01,11,1964,null
01,12,1964,null
01,13,1964,null
01,14,1964,null
01,15,1964,null
01,16,1964,null
01,17,1964,null
01,18,1964,null
01,19,1964,null
01,20,1964,null
01,21,1964,null
01,22,1964,null
01,23,1964,null
01,24,1964,null
01,25,1964,null
01,26,1964,null
01,27,1964,null
01,28,1964,3.9
01,29,1964,4.0
01,30,1964,2.8
01,31,1964,2.0
02,01,1964,3.3
02,02,1964,4.9
02,03,1964,5.2
02,04,1964,3.9
02,05,1964,3.9
02,06,1964,4.1
02,07,1964,4.1
02,08,1964,4.0
02,09,1964,4.2
02,10,1964,4.6
02,11,1964,5.1
02,12,1964,6.2
02,13,1964,5.2
02,14,1964,4.9
02,15,1964,4.6
02,16,1964,4.5
02,17,1964,5.1
02,18,1964,4.2
02,19,1964,4.8
02,20,1964,4.9
02,21,1964,5.1
02,22,1964,5.3
02,23,1964,5.0
02,24,1964,5.2
02,25,1964,5.2
02,26,1964,4.1
02,27,1964,5.4
02,28,1964,4.7
02,29,1964,2.6
03,01,1964,5.7
03,02,1964,4.8
03,03,1964,4.7
03,04,1964,7.7
03,05,1964,5.7
03,06,1964,5.4
03,07,1964,4.5
03,08,1964,2.4
03,09,1964,5.5
03,10,1964,4.9
03,11,1964,5.6
03,12,1964,3.8
03,13,1964,4.3
03,14,1964,7.0
03,15,1964,7.1
03,16,1964,5.2
03,17,1964,4.4
03,18,1964,4.8
03,19,1964,6.1
03,20,1964,6.8
03,21,1964,5.9
03,22,1964,4.9
03,23,1964,4.5
03,24,1964,1.9
03,25,1964,6.5
03,26,1964,7.4
03,27,1964,6.6
03,28,1964,8.0
03,29,1964,6.7
03,30,1964,7.6
03,31,1964,5.5
04,01,1964,4.2
04,02,1964,4.4
04,03,1964,7.0
04,04,1964,6.2
04,05,1964,6.3
04,06,1964,7.6
04,07,1964,8.0
04,08,1964,5.6
04,09,1964,8.2
04,10,1964,9.7
04,11,1964,8.7
04,12,1964,9.3
04,13,1964,9.5
04,14,1964,8.3
04,15,1964,7.0
04,16,1964,9.7
04,17,1964,8.6
04,18,1964,9.8
04,19,1964,10.8
04,20,1964,12.6
04,21,1964,8.8
04,22,1964,8.3
04,23,1964,10.1
04,24,1964,9.7
04,25,1964,9.6
04,26,1964,8.4
04,27,1964,6.9
04,28,1964,5.9
04,29,1964,6.2
04,30,1964,12.8
05,01,1964,12.8
05,02,1964,8.9
05,03,1964,8.4
05,04,1964,8.8
05,05,1964,9.0
05,06,1964,9.4
05,07,1964,9.6
05,08,1964,8.8
05,09,1964,8.9
05,10,1964,9.1
05,11,1964,9.2
05,12,1964,9.3
05,13,1964,9.1
05,14,1964,9.7
05,15,1964,9.4
05,16,1964,7.9
05,17,1964,8.0
05,18,1964,6.8
05,19,1964,7.1
05,20,1964,7.7
05,21,1964,9.3
05,22,1964,7.1
05,23,1964,8.0
05,24,1964,7.1
05,25,1964,7.9
05,26,1964,8.9
05,27,1964,9.0
05,28,1964,10.8
05,29,1964,8.6
05,30,1964,9.4
05,31,1964,8.6
06,01,1964,7.2
06,02,1964,6.7
06,03,1964,7.7
06,04,1964,7.3
06,05,1964,6.6
06,06,1964,6.3
06,07,1964,7.5
06,08,1964,8.2
06,09,1964,5.8
06,10,1964,8.0
06,11,1964,8.6
06,12,1964,10.1
06,13,1964,8.9
06,14,1964,9.6
06,15,1964,9.3
06,16,1964,9.3
06,17,1964,7.2
06,18,1964,6.5
06,19,1964,8.1
06,20,1964,8.8
06,21,1964,10.2
06,22,1964,7.3
06,23,1964,5.1
06,24,1964,8.3
06,25,1964,9.5
06,26,1964,10.3
06,27,1964,8.8
06,28,1964,8.3
06,29,1964,9.0
06,30,1964,6.4
07,01,1964,8.6
07,02,1964,9.3
07,03,1964,9.6
07,04,1964,9.5
07,05,1964,9.2
07,06,1964,7.4
07,07,1964,9.3
07,08,1964,8.2
07,09,1964,8.2
07,10,1964,9.5
07,11,1964,9.8
07,12,1964,4.4
07,13,1964,7.3
07,14,1964,5.2
07,15,1964,7.2
07,16,1964,8.1
07,17,1964,11.7
07,18,1964,7.2
07,19,1964,5.4
07,20,1964,2.2
07,21,1964,5.2
07,22,1964,5.3
07,23,1964,7.4
07,24,1964,7.0
07,25,1964,7.4
07,26,1964,8.8
07,27,1964,9.4
07,28,1964,5.3
07,29,1964,6.0
07,30,1964,2.6
07,31,1964,4.6
08,01,1964,5.7
08,02,1964,8.9
08,03,1964,6.9
08,04,1964,4.7
08,05,1964,4.9
08,06,1964,6.7
08,07,1964,4.2
08,08,1964,6.4
08,09,1964,10.0
08,10,1964,5.7
08,11,1964,7.3
08,12,1964,7.5
08,13,1964,4.9
08,14,1964,4.7
08,15,1964,6.8
08,16,1964,5.8
08,17,1964,6.6
08,18,1964,6.3
08,19,1964,5.2
08,20,1964,5.9
08,21,1964,3.4
08,22,1964,2.3
08,23,1964,5.4
08,24,1964,4.4
08,25,1964,6.8
08,26,1964,6.4
08,27,1964,5.8
08,28,1964,6.6
08,29,1964,6.6
08,30,1964,6.7
08,31,1964,6.6
09,01,1964,6.7
09,02,1964,3.9
09,03,1964,6.3
09,04,1964,7.6
09,05,1964,6.2
09,06,1964,3.3
09,07,1964,4.0
09,08,1964,3.9
09,09,1964,4.6
09,10,1964,4.6
09,11,1964,5.4
09,12,1964,3.5
09,13,1964,5.2
09,14,1964,3.1
09,15,1964,6.9
09,16,1964,4.1
09,17,1964,2.1
09,18,1964,6.4
09,19,1964,5.0
09,20,1964,5.6
09,21,1964,5.9
09,22,1964,5.4
09,23,1964,5.9
09,24,1964,4.9
09,25,1964,5.4
09,26,1964,5.4
09,27,1964,5.9
09,28,1964,4.9
09,29,1964,5.5
09,30,1964,6.3
10,01,1964,3.0
10,02,1964,2.9
10,03,1964,4.3
10,04,1964,5.5
10,05,1964,5.3
10,06,1964,5.7
10,07,1964,3.1
10,08,1964,4.7
10,09,1964,5.0
10,10,1964,5.0
10,11,1964,3.6
10,12,1964,2.0
10,13,1964,1.7
10,14,1964,3.3
10,15,1964,3.6
10,16,1964,4.8
10,17,1964,4.8
10,18,1964,4.8
10,19,1964,4.1
10,20,1964,5.7
10,21,1964,6.2
10,22,1964,4.1
10,23,1964,5.1
10,24,1964,3.9
10,25,1964,4.9
10,26,1964,4.3
10,27,1964,4.6
10,28,1964,4.7
10,29,1964,5.2
10,30,1964,3.7
10,31,1964,4.5
11,01,1964,5.0
11,02,1964,4.7
11,03,1964,4.9
11,04,1964,5.0
11,05,1964,4.8
11,06,1964,5.1
11,07,1964,5.3
11,08,1964,5.1
11,09,1964,4.3
11,10,1964,5.4
11,11,1964,4.5
11,12,1964,4.7
11,13,1964,4.2
11,14,1964,4.4
11,15,1964,4.4
11,16,1964,4.4
11,17,1964,3.9
11,18,1964,2.6
11,19,1964,4.8
11,20,1964,3.3
11,21,1964,4.4
11,22,1964,5.0
11,23,1964,3.9
11,24,1964,4.5
11,25,1964,4.5
11,26,1964,3.3
11,27,1964,4.5
11,28,1964,4.5
11,29,1964,3.8
11,30,1964,2.8
12,01,1964,3.4
12,02,1964,3.0
12,03,1964,3.7
12,04,1964,3.9
12,05,1964,4.1
12,06,1964,3.6
12,07,1964,2.3
12,08,1964,2.2
12,09,1964,2.9
12,10,1964,3.1
12,11,1964,3.4
12,12,1964,3.6
12,13,1964,4.0
12,14,1964,3.9
12,15,1964,3.1
12,16,1964,0.9
12,17,1964,3.2
12,18,1964,3.8
12,19,1964,4.7
12,20,1964,3.9
12,21,1964,3.4
12,22,1964,2.0
12,23,1964,3.3
12,24,1964,1.9
12,25,1964,0.8
12,26,1964,3.3
12,27,1964,2.6
12,28,1964,2.1
12,29,1964,1.0
12,30,1964,3.5
12,31,1964,2.1
01,01,1965,2.7
01,02,1965,1.9
01,03,1965,3.6
01,04,1965,2.8
01,05,1965,3.0
01,06,1965,4.4
01,07,1965,4.0
01,08,1965,3.2
01,09,1965,2.2
01,10,1965,5.0
01,11,1965,3.4
01,12,1965,2.9
01,13,1965,3.5
01,14,1965,1.4
01,15,1965,2.4
01,16,1965,3.3
01,17,1965,5.2
01,18,1965,null
01,19,1965,4.6
01,20,1965,2.1
01,21,1965,2.8
01,22,1965,3.5
01,23,1965,3.6
01,24,1965,3.6
01,25,1965,3.8
01,26,1965,4.6
01,27,1965,4.8
01,28,1965,3.7
01,29,1965,4.5
01,30,1965,5.0
01,31,1965,3.6
02,01,1965,2.5
02,02,1965,1.5
02,03,1965,3.1
02,04,1965,3.4
02,05,1965,3.5
02,06,1965,3.7
02,07,1965,1.1
02,08,1965,2.0
02,09,1965,3.8
02,10,1965,3.9
02,11,1965,4.5
02,12,1965,4.5
02,13,1965,4.7
02,14,1965,4.1
02,15,1965,4.2
02,16,1965,5.1
02,17,1965,4.7
02,18,1965,6.9
02,19,1965,6.2
02,20,1965,5.4
02,21,1965,5.9
02,22,1965,5.3
02,23,1965,4.8
02,24,1965,5.6
02,25,1965,4.3
02,26,1965,6.8
02,27,1965,4.5
02,28,1965,4.8
03,01,1965,4.2
03,02,1965,4.4
03,03,1965,7.0
03,04,1965,6.3
03,05,1965,5.7
03,06,1965,5.5
03,07,1965,5.9
03,08,1965,4.5
03,09,1965,5.5
03,10,1965,6.6
03,11,1965,2.5
03,12,1965,8.3
03,13,1965,7.3
03,14,1965,6.4
03,15,1965,7.3
03,16,1965,7.5
03,17,1965,6.1
03,18,1965,6.6
03,19,1965,6.9
03,20,1965,6.5
03,21,1965,6.7
03,22,1965,7.9
03,23,1965,6.0
03,24,1965,6.9
03,25,1965,6.9
03,26,1965,5.8
03,27,1965,6.2
03,28,1965,5.2
03,29,1965,3.9
03,30,1965,6.0
03,31,1965,4.3
04,01,1965,3.5
04,02,1965,3.1
04,03,1965,5.3
04,04,1965,4.2
04,05,1965,8.3
04,06,1965,6.7
04,07,1965,6.4
04,08,1965,6.6
04,09,1965,5.0
04,10,1965,7.0
04,11,1965,5.5
04,12,1965,6.7
04,13,1965,6.3
04,14,1965,6.4
04,15,1965,7.7
04,16,1965,5.7
04,17,1965,6.9
04,18,1965,10.4
04,19,1965,9.1
04,20,1965,8.5
04,21,1965,6.9
04,22,1965,7.7
04,23,1965,6.6
04,24,1965,7.1
04,25,1965,6.8
04,26,1965,7.1
04,27,1965,7.7
04,28,1965,8.8
04,29,1965,8.0
04,30,1965,10.1
05,01,1965,6.2
05,02,1965,7.8
05,03,1965,7.7
05,04,1965,8.4
05,05,1965,10.6
05,06,1965,8.1
05,07,1965,8.0
05,08,1965,9.6
05,09,1965,9.1
05,10,1965,8.3
05,11,1965,10.3
05,12,1965,7.1
05,13,1965,8.1
05,14,1965,8.7
05,15,1965,8.6
05,16,1965,7.6
05,17,1965,9.0
05,18,1965,8.2
05,19,1965,7.9
05,20,1965,7.6
05,21,1965,7.9
05,22,1965,8.7
05,23,1965,8.2
05,24,1965,8.6
05,25,1965,8.5
05,26,1965,8.5
05,27,1965,8.3
05,28,1965,8.1
05,29,1965,8.4
05,30,1965,8.2
05,31,1965,9.3
06,01,1965,11.8
06,02,1965,13.6
06,03,1965,12.6
06,04,1965,10.0
06,05,1965,10.4
06,06,1965,10.9
06,07,1965,10.3
06,08,1965,8.6
06,09,1965,8.5
06,10,1965,8.0
06,11,1965,8.4
06,12,1965,8.1
06,13,1965,8.1
06,14,1965,7.4
06,15,1965,5.1
06,16,1965,7.8
06,17,1965,6.3
06,18,1965,4.0
06,19,1965,5.5
06,20,1965,7.0
06,21,1965,8.6
06,22,1965,7.5
06,23,1965,7.7
06,24,1965,7.9
06,25,1965,9.2
06,26,1965,10.1
06,27,1965,8.4
06,28,1965,6.4
06,29,1965,8.0
06,30,1965,8.3
07,01,1965,10.3
07,02,1965,7.3
07,03,1965,7.9
07,04,1965,9.5
07,05,1965,8.0
07,06,1965,6.4
07,07,1965,7.6
07,08,1965,7.7
07,09,1965,7.8
07,10,1965,8.4
07,11,1965,7.8
07,12,1965,7.5
07,13,1965,7.6
07,14,1965,12.1
07,15,1965,7.5
07,16,1965,6.1
07,17,1965,6.7
07,18,1965,8.8
07,19,1965,8.7
07,20,1965,6.1
07,21,1965,3.2
07,22,1965,6.6
07,23,1965,6.5
07,24,1965,4.5
07,25,1965,6.2
07,26,1965,6.8
07,27,1965,6.3
07,28,1965,5.1
07,29,1965,6.1
07,30,1965,3.2
07,31,1965,5.7
08,01,1965,5.6
08,02,1965,6.4
08,03,1965,2.8
08,04,1965,6.6
08,05,1965,5.0
08,06,1965,3.3
08,07,1965,4.7
08,08,1965,4.9
08,09,1965,4.1
08,10,1965,5.4
08,11,1965,4.9
08,12,1965,1.8
08,13,1965,5.8
08,14,1965,6.0
08,15,1965,4.4
08,16,1965,2.0
08,17,1965,5.4
08,18,1965,4.4
08,19,1965,7.3
08,20,1965,8.4
08,21,1965,3.3
08,22,1965,4.7
08,23,1965,6.2
08,24,1965,5.4
08,25,1965,6.6
08,26,1965,5.8
08,27,1965,6.3
08,28,1965,4.8
08,29,1965,4.4
08,30,1965,5.0
08,31,1965,4.4
09,01,1965,2.7
09,02,1965,1.2
09,03,1965,5.18
09,04,1965,6.6
09,05,1965,5.7
09,06,1965,5.6
09,07,1965,5.8
09,08,1965,6.3
09,09,1965,5.2
09,10,1965,5.8
09,11,1965,5.7
09,12,1965,8.4
09,13,1965,6.2
09,14,1965,7.2
09,15,1965,6.9
09,16,1965,2.9
09,17,1965,4.9
09,18,1965,6.85
09,19,1965,5.1
09,20,1965,6.6
09,21,1965,7.02
09,22,1965,5.7
09,23,1965,5.6
09,24,1965,1.3
09,25,1965,4.4
09,26,1965,8.2
09,27,1965,4.0
09,28,1965,3.7
09,29,1965,4.9
09,30,1965,5.8
10,01,1965,6.9
10,02,1965,6.3
10,03,1965,7.0
10,04,1965,5.7
10,05,1965,5.2
10,06,1965,5.6
10,07,1965,5.4
10,08,1965,5.3
10,09,1965,5.5
10,10,1965,5.3
10,11,1965,5.4
10,12,1965,4.1
10,13,1965,5.0
10,14,1965,4.9
10,15,1965,4.9
10,16,1965,5.4
10,17,1965,5.0
10,18,1965,6.4
10,19,1965,5.3
10,20,1965,5.4
10,21,1965,5.0
10,22,1965,6.4
10,23,1965,7.5
10,24,1965,7.3
10,25,1965,5.9
10,26,1965,5.6
10,27,1965,6.8
10,28,1965,5.6
10,29,1965,5.9
10,30,1965,6.1
10,31,1965,4.2
11,01,1965,5.1
11,02,1965,4.3
11,03,1965,3.3
11,04,1965,5.6
11,05,1965,5.1
11,06,1965,5.9
11,07,1965,4.9
11,08,1965,5.8
11,09,1965,4.7
11,10,1965,5.1
11,11,1965,5.0
11,12,1965,5.9
11,13,1965,5.0
11,14,1965,4.7
11,15,1965,6.8
11,16,1965,7.0
11,17,1965,7.9
11,18,1965,4.8
11,19,1965,4.7
11,20,1965,4.0
11,21,1965,3.9
11,22,1965,4.3
11,23,1965,4.5
11,24,1965,4.0
11,25,1965,4.8
11,26,1965,5.5
11,27,1965,4.6
11,28,1965,4.8
11,29,1965,4.2
11,30,1965,2.3
12,01,1965,4.8
12,02,1965,4.1
12,03,1965,5.9
12,04,1965,6.9
12,05,1965,3.1
12,06,1965,5.9
12,07,1965,5.8
12,08,1965,4.2
12,09,1965,4.2
12,10,1965,1.4
12,11,1965,2.2
12,12,1965,3.5
12,13,1965,1.2
12,14,1965,1.5
12,15,1965,1.3
12,16,1965,2.6
12,17,1965,2.2
12,18,1965,2.9
12,19,1965,3.4
12,20,1965,3.9
12,21,1965,2.7
12,22,1965,2.1
12,23,1965,2.6
12,24,1965,2.6
12,25,1965,1.4
12,26,1965,3.4
12,27,1965,3.0
12,28,1965,1.1
12,29,1965,3.0
12,30,1965,3.8
12,31,1965,2.6
01,01,1966,1.8
01,02,1966,3.6
01,03,1966,1.6
01,04,1966,2.0
01,05,1966,3.3
01,06,1966,3.9
01,07,1966,4.0
01,08,1966,4.3
01,09,1966,3.8
01,10,1966,4.4
01,11,1966,2.8
01,12,1966,2.9
01,13,1966,2.4
01,14,1966,3.0
01,15,1966,0.5
01,16,1966,2.3
01,17,1966,3.5
01,18,1966,1.8
01,19,1966,3.8
01,20,1966,2.5
01,21,1966,4.3
01,22,1966,3.3
01,23,1966,2.7
01,24,1966,0.6
01,25,1966,3.5
01,26,1966,3.7
01,27,1966,3.2
01,28,1966,3.8
01,29,1966,0.6
01,30,1966,4.5
01,31,1966,3.1
02,01,1966,3.5
02,02,1966,5.3
02,03,1966,4.4
02,04,1966,5.3
02,05,1966,3.7
02,06,1966,5.1
02,07,1966,5.7
02,08,1966,5.3
02,09,1966,5.5
02,10,1966,5.1
02,11,1966,5.2
02,12,1966,5.9
02,13,1966,5.5
02,14,1966,4.7
02,15,1966,4.8
02,16,1966,6.4
02,17,1966,5.3
02,18,1966,2.4
02,19,1966,4.6
02,20,1966,6.0
02,21,1966,4.4
02,22,1966,5.8
02,23,1966,4.5
02,24,1966,7.4
02,25,1966,6.2
02,26,1966,6.3
02,27,1966,6.5
02,28,1966,6.5
03,01,1966,4.5
03,02,1966,5.3
03,03,1966,7.7
03,04,1966,6.3
03,05,1966,5.4
03,06,1966,4.0
03,07,1966,5.6
03,08,1966,5.9
03,09,1966,5.8
03,10,1966,5.8
03,11,1966,7.8
03,12,1966,7.4
03,13,1966,6.9
03,14,1966,5.2
03,15,1966,7.3
03,16,1966,5.3
03,17,1966,7.7
03,18,1966,6.7
03,19,1966,6.8
03,20,1966,6.9
03,21,1966,8.5
03,22,1966,8.8
03,23,1966,4.3
03,24,1966,3.8
03,25,1966,5.4
03,26,1966,7.5
03,27,1966,6.2
03,28,1966,7.4
03,29,1966,5.1
03,30,1966,6.7
03,31,1966,5.8
04,01,1966,7.1
04,02,1966,4.8
04,03,1966,5.9
04,04,1966,6.8
04,05,1966,7.6
04,06,1966,6.4
04,07,1966,7.0
04,08,1966,6.4
04,09,1966,8.3
04,10,1966,6.0
04,11,1966,6.6
04,12,1966,6.4
04,13,1966,4.7
04,14,1966,7.2
04,15,1966,6.2
04,16,1966,7.6
04,17,1966,7.7
04,18,1966,7.4
04,19,1966,6.6
04,20,1966,7.3
04,21,1966,8.2
04,22,1966,6.9
04,23,1966,7.4
04,24,1966,7.8
04,25,1966,7.5
04,26,1966,9.5
04,27,1966,8.7
04,28,1966,8.6
04,29,1966,8.9
04,30,1966,8.6
05,01,1966,8.0
05,02,1966,10.1
05,03,1966,8.6
05,04,1966,8.5
05,05,1966,10.0
05,06,1966,11.1
05,07,1966,9.8
05,08,1966,7.2
05,09,1966,8.0
05,10,1966,6.7
05,11,1966,8.4
05,12,1966,8.6
05,13,1966,9.6
05,14,1966,8.6
05,15,1966,9.2
05,16,1966,4.2
05,17,1966,8.3
05,18,1966,8.2
05,19,1966,10.5
05,20,1966,8.7
05,21,1966,8.9
05,22,1966,8.6
05,23,1966,7.5
05,24,1966,8.7
05,25,1966,9.5
05,26,1966,7.6
05,27,1966,5.8
05,28,1966,8.5
05,29,1966,9.2
05,30,1966,8.8
05,31,1966,8.8
06,01,1966,7.7
06,02,1966,8.4
06,03,1966,8.4
06,04,1966,8.9
06,05,1966,9.1
06,06,1966,7.8
06,07,1966,9.2
06,08,1966,9.4
06,09,1966,9.6
06,10,1966,9.3
06,11,1966,8.7
06,12,1966,10.6
06,13,1966,9.8
06,14,1966,10.0
06,15,1966,9.6
06,16,1966,9.6
06,17,1966,8.1
06,18,1966,3.5
06,19,1966,7.0
06,20,1966,8.3
06,21,1966,4.2
06,22,1966,8.9
06,23,1966,3.8
06,24,1966,5.5
06,25,1966,3.8
06,26,1966,9.0
06,27,1966,9.9
06,28,1966,9.7
06,29,1966,8.4
06,30,1966,8.4
07,01,1966,8.6
07,02,1966,8.4
07,03,1966,9.6
07,04,1966,6.4
07,05,1966,4.8
07,06,1966,8.5
07,07,1966,9.8
07,08,1966,10.7
07,09,1966,11.0
07,10,1966,9.4
07,11,1966,7.8
07,12,1966,10.8
07,13,1966,7.7
07,14,1966,6.3
07,15,1966,9.6
07,16,1966,11.1
07,17,1966,8.5
07,18,1966,6.1
07,19,1966,7.4
07,20,1966,7.4
07,21,1966,6.5
07,22,1966,6.3
07,23,1966,5.8
07,24,1966,7.7
07,25,1966,6.4
07,26,1966,5.0
07,27,1966,2.3
07,28,1966,5.4
07,29,1966,7.2
07,30,1966,6.5
07,31,1966,2.9
08,01,1966,5.1
08,02,1966,4.1
08,03,1966,5.3
08,04,1966,8.8
08,05,1966,8.2
08,06,1966,8.1
08,07,1966,9.2
08,08,1966,6.2
08,09,1966,7.1
08,10,1966,5.9
08,11,1966,12.2
08,12,1966,6.8
08,13,1966,3.8
08,14,1966,1.5
08,15,1966,3.3
08,16,1966,2.7
08,17,1966,6.1
08,18,1966,7.0
08,19,1966,4.1
08,20,1966,3.5
08,21,1966,5.0
08,22,1966,5.2
08,23,1966,1.5
08,24,1966,6.4
08,25,1966,4.8
08,26,1966,5.1
08,27,1966,7.6
08,28,1966,4.4
08,29,1966,4.7
08,30,1966,6.7
08,31,1966,1.3
09,01,1966,6.39
09,02,1966,6.59
09,03,1966,7.69
09,04,1966,5.86
09,05,1966,6.6
09,06,1966,5.64
09,07,1966,6.32
09,08,1966,6.19
09,09,1966,6.82
09,10,1966,7.2
09,11,1966,1.18
09,12,1966,4.52
09,13,1966,5.29
09,14,1966,5.29
09,15,1966,5.59
09,16,1966,5.63
09,17,1966,7.54
09,18,1966,6.43
09,19,1966,4.95
09,20,1966,5.56
09,21,1966,5.51
09,22,1966,6.5
09,23,1966,5.48
09,24,1966,5.95
09,25,1966,5.54
09,26,1966,6.22
09,27,1966,6.47
09,28,1966,5.17
09,29,1966,5.48
09,30,1966,6.27
10,01,1966,6.2
10,02,1966,5.7
10,03,1966,5.1
10,04,1966,8.3
10,05,1966,7.1
10,06,1966,5.8
10,07,1966,5.8
10,08,1966,6.0
10,09,1966,6.3
10,10,1966,6.9
10,11,1966,6.2
10,12,1966,6.0
10,13,1966,5.3
10,14,1966,6.2
10,15,1966,5.8
10,16,1966,6.3
10,17,1966,7.0
10,18,1966,6.2
10,19,1966,6.7
10,20,1966,6.1
10,21,1966,5.3
10,22,1966,5.5
10,23,1966,4.4
10,24,1966,6.3
10,25,1966,7.1
10,26,1966,9.5
10,27,1966,7.0
10,28,1966,6.6
10,29,1966,6.5
10,30,1966,6.8
10,31,1966,5.5
11,01,1966,4.8
11,02,1966,6.4
11,03,1966,3.2
11,04,1966,6.6
11,05,1966,5.3
11,06,1966,4.6
11,07,1966,4.9
11,08,1966,5.4
11,09,1966,6.0
11,10,1966,4.8
11,11,1966,5.4
11,12,1966,4.6
11,13,1966,4.2
11,14,1966,4.4
11,15,1966,3.4
11,16,1966,4.8
11,17,1966,4.6
11,18,1966,2.9
11,19,1966,4.6
11,20,1966,6.4
11,21,1966,4.9
11,22,1966,5.6
11,23,1966,3.4
11,24,1966,4.7
11,25,1966,2.1
11,26,1966,7.3
11,27,1966,4.1
11,28,1966,5.4
11,29,1966,5.0
11,30,1966,4.2
12,01,1966,5.7
12,02,1966,3.3
12,03,1966,2.5
12,04,1966,3.2
12,05,1966,5.3
12,06,1966,6.5
12,07,1966,4.1
12,08,1966,3.4
12,09,1966,4.0
12,10,1966,3.8
12,11,1966,3.3
12,12,1966,3.5
12,13,1966,1.7
12,14,1966,1.9
12,15,1966,5.1
12,16,1966,2.2
12,17,1966,3.0
12,18,1966,2.6
12,19,1966,1.4
12,20,1966,2.6
12,21,1966,2.5
12,22,1966,3.7
12,23,1966,1.4
12,24,1966,3.8
12,25,1966,3.4
12,26,1966,3.0
12,27,1966,2.8
12,28,1966,3.0
12,29,1966,2.0
12,30,1966,2.3
12,31,1966,1.6
01,01,1967,3.5
01,02,1967,3.9
01,03,1967,3.7
01,04,1967,4.1
01,05,1967,5.1
01,06,1967,4.2
01,07,1967,1.2
01,08,1967,1.6
01,09,1967,5.4
01,10,1967,5.4
01,11,1967,1.1
01,12,1967,2.1
01,13,1967,3.1
01,14,1967,3.5
01,15,1967,4.0
01,16,1967,4.7
01,17,1967,4.7
01,18,1967,3.8
01,19,1967,4.2
01,20,1967,4.1
01,21,1967,4.3
01,22,1967,4.4
01,23,1967,4.9
01,24,1967,3.7
01,25,1967,4.0
01,26,1967,4.6
01,27,1967,4.6
01,28,1967,4.5
01,29,1967,4.9
01,30,1967,4.4
01,31,1967,4.6
02,01,1967,2.6
02,02,1967,3.2
02,03,1967,4.8
02,04,1967,4.8
02,05,1967,4.6
02,06,1967,4.8
02,07,1967,2.5
02,08,1967,2.1
02,09,1967,3.6
02,10,1967,2.7
02,11,1967,3.9
02,12,1967,4.0
02,13,1967,4.1
02,14,1967,0.9
02,15,1967,5.0
02,16,1967,5.2
02,17,1967,5.6
02,18,1967,5.0
02,19,1967,5.7
02,20,1967,5.2
02,21,1967,4.4
02,22,1967,6.6
02,23,1967,4.8
02,24,1967,4.3
02,25,1967,4.7
02,26,1967,3.3
02,27,1967,4.5
02,28,1967,5.9
03,01,1967,6.8
03,02,1967,5.9
03,03,1967,8.3
03,04,1967,7.9
03,05,1967,7.4
03,06,1967,5.5
03,07,1967,4.1
03,08,1967,4.4
03,09,1967,5.8
03,10,1967,8.0
03,11,1967,8.1
03,12,1967,6.5
03,13,1967,9.2
03,14,1967,10.5
03,15,1967,5.2
03,16,1967,7.3
03,17,1967,5.5
03,18,1967,5.5
03,19,1967,6.2
03,20,1967,6.9
03,21,1967,8.9
03,22,1967,7.8
03,23,1967,7.7
03,24,1967,8.7
03,25,1967,6.7
03,26,1967,8.2
03,27,1967,7.5
03,28,1967,7.1
03,29,1967,6.4
03,30,1967,7.8
03,31,1967,7.9
04,01,1967,7.6
04,02,1967,6.3
04,03,1967,6.4
04,04,1967,7.6
04,05,1967,6.2
04,06,1967,8.1
04,07,1967,10.0
04,08,1967,9.1
04,09,1967,9.6
04,10,1967,10.7
04,11,1967,8.8
04,12,1967,2.1
04,13,1967,9.3
04,14,1967,8.2
04,15,1967,9.0
04,16,1967,9.0
04,17,1967,9.3
04,18,1967,8.3
04,19,1967,7.9
04,20,1967,8.6
04,21,1967,9.2
04,22,1967,9.8
04,23,1967,9.3
04,24,1967,8.1
04,25,1967,10.4
04,26,1967,7.4
04,27,1967,9.5
04,28,1967,8.5
04,29,1967,8.6
04,30,1967,9.1
05,01,1967,8.8
05,02,1967,9.8
05,03,1967,9.7
05,04,1967,9.3
05,05,1967,11.7
05,06,1967,13.0
05,07,1967,11.1
05,08,1967,8.5
05,09,1967,6.9
05,10,1967,7.3
05,11,1967,14.3
05,12,1967,8.4
05,13,1967,8.1
05,14,1967,0.9
05,15,1967,7.8
05,16,1967,8.0
05,17,1967,8.4
05,18,1967,9.4
05,19,1967,9.6
05,20,1967,8.4
05,21,1967,9.6
05,22,1967,10.1
05,23,1967,9.0
05,24,1967,9.7
05,25,1967,10.0
05,26,1967,10.6
05,27,1967,11.3
05,28,1967,7.8
05,29,1967,9.6
05,30,1967,8.4
05,31,1967,9.1
06,01,1967,8.9
06,02,1967,9.2
06,03,1967,8.9
06,04,1967,9.0
06,05,1967,9.7
06,06,1967,8.6
06,07,1967,10.3
06,08,1967,8.6
06,09,1967,10.4
06,10,1967,9.9
06,11,1967,9.4
06,12,1967,8.9
06,13,1967,9.5
06,14,1967,11.5
06,15,1967,9.8
06,16,1967,8.2
06,17,1967,9.8
06,18,1967,10.1
06,19,1967,10.6
06,20,1967,8.3
06,21,1967,10.8
06,22,1967,9.3
06,23,1967,10.6
06,24,1967,8.0
06,25,1967,4.1
06,26,1967,8.3
06,27,1967,9.2
06,28,1967,9.1
06,29,1967,10.6
06,30,1967,8.4
07,01,1967,5.7
07,02,1967,4.4
07,03,1967,5.8
07,04,1967,5.9
07,05,1967,7.3
07,06,1967,7.2
07,07,1967,8.2
07,08,1967,7.4
07,09,1967,7.4
07,10,1967,9.5
07,11,1967,6.9
07,12,1967,7.6
07,13,1967,3.6
07,14,1967,7.0
07,15,1967,8.1
07,16,1967,6.3
07,17,1967,9.3
07,18,1967,7.4
07,19,1967,6.1
07,20,1967,5.6
07,21,1967,5.9
07,22,1967,5.9
07,23,1967,7.1
07,24,1967,2.6
07,25,1967,7.5
07,26,1967,6.0
07,27,1967,6.7
07,28,1967,8.0
07,29,1967,6.5
07,30,1967,6.1
07,31,1967,4.0
08,01,1967,10.3
08,02,1967,6.3
08,03,1967,3.6
08,04,1967,10.6
08,05,1967,5.5
08,06,1967,6.9
08,07,1967,4.4
08,08,1967,7.9
08,09,1967,4.7
08,10,1967,4.9
08,11,1967,3.6
08,12,1967,3.1
08,13,1967,5.9
08,14,1967,7.5
08,15,1967,5.0
08,16,1967,6.6
08,17,1967,4.7
08,18,1967,4.9
08,19,1967,5.1
08,20,1967,8.3
08,21,1967,3.9
08,22,1967,4.6
08,23,1967,5.3
08,24,1967,5.2
08,25,1967,4.6
08,26,1967,2.0
08,27,1967,4.4
08,28,1967,5.2
08,29,1967,5.5
08,30,1967,5.4
08,31,1967,6.7
09,01,1967,3.4
09,02,1967,5.8
09,03,1967,5.2
09,04,1967,6.4
09,05,1967,5.8
09,06,1967,5.2
09,07,1967,5.6
09,08,1967,6.0
09,09,1967,5.5
09,10,1967,5.5
09,11,1967,5.6
09,12,1967,5.7
09,13,1967,7.1
09,14,1967,4.7
09,15,1967,1.8
09,16,1967,5.1
09,17,1967,5.0
09,18,1967,6.5
09,19,1967,5.3
09,20,1967,5.7
09,21,1967,6.1
09,22,1967,6.3
09,23,1967,4.6
09,24,1967,5.2
09,25,1967,4.8
09,26,1967,9.0
09,27,1967,2.8
09,28,1967,3.6
09,29,1967,5.5
09,30,1967,5.6
10,01,1967,5.4
10,02,1967,5.8
10,03,1967,5.6
10,04,1967,6.2
10,05,1967,3.9
10,06,1967,2.7
10,07,1967,7.4
10,08,1967,4.0
10,09,1967,6.5
10,10,1967,3.8
10,11,1967,3.8
10,12,1967,2.0
10,13,1967,3.8
10,14,1967,4.3
10,15,1967,5.3
10,16,1967,5.1
10,17,1967,4.9
10,18,1967,3.4
10,19,1967,5.3
10,20,1967,5.3
10,21,1967,5.3
10,22,1967,5.2
10,23,1967,5.3
10,24,1967,5.7
10,25,1967,5.3
10,26,1967,5.8
10,27,1967,4.9
10,28,1967,4.1
10,29,1967,6.0
10,30,1967,2.4
10,31,1967,5.0
11,01,1967,5.0
11,02,1967,4.4
11,03,1967,5.8
11,04,1967,4.8
11,05,1967,3.8
11,06,1967,5.7
11,07,1967,4.9
11,08,1967,5.7
11,09,1967,5.4
11,10,1967,5.5
11,11,1967,5.8
11,12,1967,7.0
11,13,1967,6.3
11,14,1967,5.2
11,15,1967,3.9
11,16,1967,1.7
11,17,1967,5.8
11,18,1967,4.2
11,19,1967,3.6
11,20,1967,5.0
11,21,1967,4.9
11,22,1967,4.7
11,23,1967,4.3
11,24,1967,3.5
11,25,1967,4.7
11,26,1967,3.9
11,27,1967,3.1
11,28,1967,8.8
11,29,1967,4.3
11,30,1967,3.5
12,01,1967,4.1
12,02,1967,4.4
12,03,1967,4.6
12,04,1967,3.0
12,05,1967,3.9
12,06,1967,4.9
12,07,1967,3.1
12,08,1967,3.4
12,09,1967,4.4
12,10,1967,4.3
12,11,1967,1.8
12,12,1967,6.8
12,13,1967,4.2
12,14,1967,4.6
12,15,1967,3.3
12,16,1967,4.4
12,17,1967,5.2
12,18,1967,3.4
12,19,1967,3.7
12,20,1967,3.1
12,21,1967,3.0
12,22,1967,3.5
12,23,1967,3.0
12,24,1967,2.4
12,25,1967,1.5
12,26,1967,1.4
12,27,1967,3.1
12,28,1967,3.8
12,29,1967,2.5
12,30,1967,3.0
12,31,1967,3.5
01,01,1968,1.2
01,02,1968,1.7
01,03,1968,2.5
01,04,1968,3.8
01,05,1968,4.0
01,06,1968,2.4
01,07,1968,1.7
01,08,1968,1.7
01,09,1968,2.8
01,10,1968,3.2
01,11,1968,5.3
01,12,1968,3.3
01,13,1968,3.5
01,14,1968,3.4
01,15,1968,1.5
01,16,1968,2.6
01,17,1968,3.5
01,18,1968,3.0
01,19,1968,3.4
01,20,1968,3.4
01,21,1968,3.0
01,22,1968,4.8
01,23,1968,5.2
01,24,1968,4.6
01,25,1968,3.2
01,26,1968,1.2
01,27,1968,0.5
01,28,1968,3.1
01,29,1968,3.2
01,30,1968,3.2
01,31,1968,2.2
02,01,1968,2.7
02,02,1968,2.7
02,03,1968,3.5
02,04,1968,3.5
02,05,1968,4.8
02,06,1968,4.4
02,07,1968,4.3
02,08,1968,4.3
02,09,1968,1.9
02,10,1968,2.7
02,11,1968,3.8
02,12,1968,3.2
02,13,1968,1.4
02,14,1968,1.7
02,15,1968,4.0
02,16,1968,2.2
02,17,1968,4.8
02,18,1968,4.5
02,19,1968,4.3
02,20,1968,5.0
02,21,1968,4.4
02,22,1968,4.4
02,23,1968,4.0
02,24,1968,4.7
02,25,1968,4.8
02,26,1968,5.1
02,27,1968,5.6
02,28,1968,3.0
02,29,1968,1.6
03,01,1968,2.0
03,02,1968,4.9
03,03,1968,1.7
03,04,1968,2.9
03,05,1968,2.1
03,06,1968,3.4
03,07,1968,5.8
03,08,1968,4.2
03,09,1968,4.4
03,10,1968,4.7
03,11,1968,4.2
03,12,1968,5.9
03,13,1968,5.6
03,14,1968,5.4
03,15,1968,5.2
03,16,1968,5.7
03,17,1968,5.8
03,18,1968,4.6
03,19,1968,5.0
03,20,1968,4.8
03,21,1968,6.8
03,22,1968,7.8
03,23,1968,7.2
03,24,1968,7.9
03,25,1968,7.6
03,26,1968,6.5
03,27,1968,6.4
03,28,1968,6.6
03,29,1968,5.6
03,30,1968,7.1
03,31,1968,6.7
04,01,1968,7.4
04,02,1968,7.7
04,03,1968,7.0
04,04,1968,7.0
04,05,1968,6.3
04,06,1968,5.8
04,07,1968,5.7
04,08,1968,4.7
04,09,1968,5.2
04,10,1968,2.6
04,11,1968,1.2
04,12,1968,5.8
04,13,1968,6.4
04,14,1968,8.8
04,15,1968,6.2
04,16,1968,7.1
04,17,1968,null
04,18,1968,8.9
04,19,1968,3.8
04,20,1968,5.6
04,21,1968,3.1
04,22,1968,8.4
04,23,1968,7.7
04,24,1968,5.9
04,25,1968,8.5
04,26,1968,8.1
04,27,1968,9.6
04,28,1968,5.4
04,29,1968,7.1
04,30,1968,6.6
05,01,1968,6.4
05,02,1968,9.7
05,03,1968,6.7
05,04,1968,10.4
05,05,1968,8.6
05,06,1968,8.5
05,07,1968,6.9
05,08,1968,7.7
05,09,1968,9.4
05,10,1968,10.2
05,11,1968,10.1
05,12,1968,8.6
05,13,1968,8.6
05,14,1968,9.6
05,15,1968,8.9
05,16,1968,8.4
05,17,1968,9.3
05,18,1968,9.6
05,19,1968,8.1
05,20,1968,8.5
05,21,1968,9.3
05,22,1968,8.8
05,23,1968,8.1
05,24,1968,8.1
05,25,1968,8.6
05,26,1968,9.1
05,27,1968,8.7
05,28,1968,8.7
05,29,1968,9.2
05,30,1968,8.3
05,31,1968,8.5
06,01,1968,7.9
06,02,1968,5.0
06,03,1968,7.2
06,04,1968,4.5
06,05,1968,2.8
06,06,1968,4.2
06,07,1968,5.7
06,08,1968,7.2
06,09,1968,8.3
06,10,1968,4.0
06,11,1968,3.3
06,12,1968,5.6
06,13,1968,7.2
06,14,1968,8.6
06,15,1968,8.7
06,16,1968,8.0
06,17,1968,8.6
06,18,1968,9.0
06,19,1968,8.8
06,20,1968,9.5
06,21,1968,10.1
06,22,1968,9.1
06,23,1968,10.0
06,24,1968,6.6
06,25,1968,9.1
06,26,1968,8.4
06,27,1968,9.0
06,28,1968,8.0
06,29,1968,6.4
06,30,1968,6.4
07,01,1968,10.3
07,02,1968,7.0
07,03,1968,7.9
07,04,1968,9.5
07,05,1968,7.9
07,06,1968,8.6
07,07,1968,8.8
07,08,1968,8.4
07,09,1968,8.3
07,10,1968,6.5
07,11,1968,6.6
07,12,1968,5.8
07,13,1968,6.1
07,14,1968,7.0
07,15,1968,4.1
07,16,1968,4.4
07,17,1968,9.5
07,18,1968,6.7
07,19,1968,7.4
07,20,1968,4.0
07,21,1968,6.7
07,22,1968,4.0
07,23,1968,6.0
07,24,1968,6.3
07,25,1968,2.0
07,26,1968,5.6
07,27,1968,5.4
07,28,1968,7.6
07,29,1968,7.6
07,30,1968,6.0
07,31,1968,4.6
08,01,1968,2.7
08,02,1968,6.1
08,03,1968,5.5
08,04,1968,5.9
08,05,1968,7.6
08,06,1968,6.1
08,07,1968,9.1
08,08,1968,5.2
08,09,1968,6.3
08,10,1968,5.9
08,11,1968,5.1
08,12,1968,7.4
08,13,1968,7.0
08,14,1968,8.4
08,15,1968,8.6
08,16,1968,6.1
08,17,1968,4.7
08,18,1968,1.9
08,19,1968,4.3
08,20,1968,6.0
08,21,1968,5.4
08,22,1968,6.9
08,23,1968,3.0
08,24,1968,6.4
08,25,1968,5.8
08,26,1968,6.8
08,27,1968,5.3
08,28,1968,8.1
08,29,1968,4.8
08,30,1968,2.3
08,31,1968,4.4
09,01,1968,5.7
09,02,1968,9.1
09,03,1968,4.7
09,04,1968,5.9
09,05,1968,4.9
09,06,1968,4.9
09,07,1968,5.7
09,08,1968,7.4
09,09,1968,6.0
09,10,1968,7.0
09,11,1968,5.0
09,12,1968,11.0
09,13,1968,2.1
09,14,1968,4.6
09,15,1968,5.4
09,16,1968,3.6
09,17,1968,3.3
09,18,1968,7.3
09,19,1968,6.1
09,20,1968,4.4
09,21,1968,4.7
09,22,1968,5.0
09,23,1968,4.6
09,24,1968,7.0
09,25,1968,3.9
09,26,1968,4.7
09,27,1968,8.8
09,28,1968,5.1
09,29,1968,5.2
09,30,1968,4.7
10,01,1968,4.7
10,02,1968,5.2
10,03,1968,6.6
10,04,1968,6.0
10,05,1968,5.9
10,06,1968,6.6
10,07,1968,5.4
10,08,1968,5.4
10,09,1968,5.9
10,10,1968,5.9
10,11,1968,4.8
10,12,1968,5.4
10,13,1968,5.6
10,14,1968,5.5
10,15,1968,5.7
10,16,1968,5.1
10,17,1968,5.8
10,18,1968,5.7
10,19,1968,5.4
10,20,1968,5.4
10,21,1968,5.6
10,22,1968,5.8
10,23,1968,4.9
10,24,1968,4.7
10,25,1968,5.1
10,26,1968,4.4
10,27,1968,5.0
10,28,1968,4.9
10,29,1968,3.4
10,30,1968,3.8
10,31,1968,4.6
11,01,1968,7.1
11,02,1968,6.3
11,03,1968,4.9
11,04,1968,3.2
11,05,1968,4.4
11,06,1968,5.3
11,07,1968,4.4
11,08,1968,4.4
11,09,1968,4.9
11,10,1968,5.1
11,11,1968,4.8
11,12,1968,4.0
11,13,1968,2.6
11,14,1968,4.4
11,15,1968,3.4
11,16,1968,3.4
11,17,1968,3.7
11,18,1968,3.8
11,19,1968,3.5
11,20,1968,3.7
11,21,1968,3.7
11,22,1968,3.1
11,23,1968,3.5
11,24,1968,4.9
11,25,1968,1.4
11,26,1968,3.9
11,27,1968,3.6
11,28,1968,3.0
11,29,1968,2.1
11,30,1968,4.5
12,01,1968,1.1
12,02,1968,3.3
12,03,1968,4.6
12,04,1968,3.0
12,05,1968,2.6
12,06,1968,3.4
12,07,1968,4.7
12,08,1968,3.3
12,09,1968,2.9
12,10,1968,2.7
12,11,1968,3.4
12,12,1968,3.2
12,13,1968,4.6
12,14,1968,5.9
12,15,1968,4.5
12,16,1968,4.8
12,17,1968,4.6
12,18,1968,2.7
12,19,1968,1.2
12,20,1968,1.1
12,21,1968,1.4
12,22,1968,1.3
12,23,1968,2.3
12,24,1968,3.4
12,25,1968,2.8
12,26,1968,2.8
12,27,1968,3.5
12,28,1968,2.8
12,29,1968,1.3
12,30,1968,2.1
12,31,1968,0.9
01,01,1969,2.0
01,02,1969,3.1
01,03,1969,3.2
01,04,1969,3.2
01,05,1969,3.5
01,06,1969,4.4
01,07,1969,3.7
01,08,1969,3.6
01,09,1969,3.6
01,10,1969,4.6
01,11,1969,3.7
01,12,1969,3.4
01,13,1969,3.5
01,14,1969,3.5
01,15,1969,4.4
01,16,1969,3.6
01,17,1969,4.2
01,18,1969,3.6
01,19,1969,3.3
01,20,1969,3.8
01,21,1969,4.4
01,22,1969,4.2
01,23,1969,4.1
01,24,1969,4.4
01,25,1969,3.8
01,26,1969,4.3
01,27,1969,4.4
01,28,1969,4.2
01,29,1969,3.8
01,30,1969,4.1
01,31,1969,2.7
02,01,1969,4.1
02,02,1969,1.6
02,03,1969,2.0
02,04,1969,5.1
02,05,1969,4.4
02,06,1969,3.0
02,07,1969,5.0
02,08,1969,2.1
02,09,1969,4.5
02,10,1969,4.4
02,11,1969,4.3
02,12,1969,4.9
02,13,1969,2.5
02,14,1969,4.3
02,15,1969,4.4
02,16,1969,4.2
02,17,1969,4.5
02,18,1969,3.7
02,19,1969,1.9
02,20,1969,3.7
02,21,1969,4.8
02,22,1969,3.5
02,23,1969,3.6
02,24,1969,2.7
02,25,1969,4.2
02,26,1969,2.8
02,27,1969,8.2
02,28,1969,5.2
03,01,1969,5.7
03,02,1969,6.5
03,03,1969,5.7
03,04,1969,1.2
03,05,1969,6.8
03,06,1969,5.8
03,07,1969,4.3
03,08,1969,6.9
03,09,1969,3.8
03,10,1969,3.3
03,11,1969,6.9
03,12,1969,6.4
03,13,1969,3.4
03,14,1969,4.8
03,15,1969,6.8
03,16,1969,6.3
03,17,1969,7.0
03,18,1969,6.2
03,19,1969,9.2
03,20,1969,8.1
03,21,1969,7.0
03,22,1969,7.5
03,23,1969,7.6
03,24,1969,5.0
03,25,1969,5.7
03,26,1969,7.7
03,27,1969,7.2
03,28,1969,7.7
03,29,1969,8.3
03,30,1969,7.6
03,31,1969,6.9
04,01,1969,8.0
04,02,1969,6.3
04,03,1969,4.9
04,04,1969,8.1
04,05,1969,6.8
04,06,1969,9.7
04,07,1969,8.0
04,08,1969,9.4
04,09,1969,7.5
04,10,1969,8.9
04,11,1969,8.8
04,12,1969,8.4
04,13,1969,7.5
04,14,1969,7.2
04,15,1969,8.0
04,16,1969,7.0
04,17,1969,7.6
04,18,1969,8.2
04,19,1969,8.9
04,20,1969,8.2
04,21,1969,9.5
04,22,1969,9.1
04,23,1969,10.2
04,24,1969,7.4
04,25,1969,7.1
04,26,1969,7.7
04,27,1969,7.3
04,28,1969,7.7
04,29,1969,8.0
04,30,1969,6.5
05,01,1969,6.9
05,02,1969,6.2
05,03,1969,6.6
05,04,1969,7.2
05,05,1969,9.3
05,06,1969,8.3
05,07,1969,5.7
05,08,1969,5.3
05,09,1969,8.6
05,10,1969,9.7
05,11,1969,8.4
05,12,1969,7.4
05,13,1969,7.7
05,14,1969,8.1
05,15,1969,6.2
05,16,1969,7.5
05,17,1969,7.7
05,18,1969,7.8
05,19,1969,6.9
05,20,1969,7.8
05,21,1969,8.0
05,22,1969,8.2
05,23,1969,8.6
05,24,1969,8.4
05,25,1969,8.2
05,26,1969,8.2
05,27,1969,8.6
05,28,1969,8.6
05,29,1969,8.5
05,30,1969,8.0
05,31,1969,9.6
06,01,1969,8.7
06,02,1969,8.9
06,03,1969,8.3
06,04,1969,9.6
06,05,1969,8.8
06,06,1969,10.0
06,07,1969,7.5
06,08,1969,7.6
06,09,1969,7.6
06,10,1969,7.3
06,11,1969,6.8
06,12,1969,8.5
06,13,1969,7.6
06,14,1969,8.0
06,15,1969,8.0
06,16,1969,7.9
06,17,1969,6.8
06,18,1969,4.6
06,19,1969,1.5
06,20,1969,3.4
06,21,1969,5.6
06,22,1969,10.0
06,23,1969,8.6
06,24,1969,8.6
06,25,1969,8.1
06,26,1969,8.0
06,27,1969,7.9
06,28,1969,8.3
06,29,1969,5.9
06,30,1969,8.1
07,01,1969,8.0
07,02,1969,7.4
07,03,1969,13.1
07,04,1969,8.0
07,05,1969,8.8
07,06,1969,3.3
07,07,1969,5.3
07,08,1969,4.0
07,09,1969,5.8
07,10,1969,3.4
07,11,1969,5.0
07,12,1969,5.8
07,13,1969,6.0
07,14,1969,2.2
07,15,1969,5.4
07,16,1969,4.3
07,17,1969,7.5
07,18,1969,7.9
07,19,1969,9.2
07,20,1969,7.8
07,21,1969,7.1
07,22,1969,12.0
07,23,1969,4.4
07,24,1969,6.1
07,25,1969,3.3
07,26,1969,5.1
07,27,1969,7.1
07,28,1969,7.1
07,29,1969,5.3
07,30,1969,6.9
07,31,1969,6.0
08,01,1969,6.4
08,02,1969,6.4
08,03,1969,6.3
08,04,1969,7.6
08,05,1969,6.7
08,06,1969,3.1
08,07,1969,5.3
08,08,1969,1.3
08,09,1969,5.2
08,10,1969,5.9
08,11,1969,6.5
08,12,1969,6.7
08,13,1969,4.2
08,14,1969,4.7
08,15,1969,6.2
08,16,1969,3.4
08,17,1969,2.1
08,18,1969,5.2
08,19,1969,6.4
08,20,1969,5.4
08,21,1969,7.0
08,22,1969,7.9
08,23,1969,4.7
08,24,1969,5.2
08,25,1969,6.8
08,26,1969,2.3
08,27,1969,2.7
08,28,1969,1.6
08,29,1969,5.5
08,30,1969,5.0
08,31,1969,5.1
09,01,1969,4.4
09,02,1969,5.8
09,03,1969,4.3
09,04,1969,5.8
09,05,1969,5.4
09,06,1969,6.3
09,07,1969,7.2
09,08,1969,6.0
09,09,1969,7.1
09,10,1969,5.2
09,11,1969,4.9
09,12,1969,6.9
09,13,1969,5.3
09,14,1969,5.9
09,15,1969,6.6
09,16,1969,5.8
09,17,1969,5.8
09,18,1969,4.3
09,19,1969,5.1
09,20,1969,6.7
09,21,1969,5.1
09,22,1969,5.4
09,23,1969,6.7
09,24,1969,5.9
09,25,1969,5.1
09,26,1969,6.3
09,27,1969,6.1
09,28,1969,6.5
09,29,1969,7.1
09,30,1969,6.2
10,01,1969,1.0
10,02,1969,5.0
10,03,1969,1.3
10,04,1969,5.4
10,05,1969,5.8
10,06,1969,7.0
10,07,1969,5.9
10,08,1969,7.5
10,09,1969,5.9
10,10,1969,4.6
10,11,1969,1.9
10,12,1969,4.2
10,13,1969,5.9
10,14,1969,5.0
10,15,1969,4.8
10,16,1969,5.8
10,17,1969,5.5
10,18,1969,4.6
10,19,1969,4.4
10,20,1969,6.5
10,21,1969,4.6
10,22,1969,6.0
10,23,1969,4.5
10,24,1969,6.2
10,25,1969,5.4
10,26,1969,5.1
10,27,1969,5.3
10,28,1969,6.4
10,29,1969,5.3
10,30,1969,6.2
10,31,1969,5.0
11,01,1969,4.6
11,02,1969,4.5
11,03,1969,4.3
11,04,1969,4.2
11,05,1969,5.7
11,06,1969,4.0
11,07,1969,4.2
11,08,1969,3.8
11,09,1969,4.4
11,10,1969,3.5
11,11,1969,6.0
11,12,1969,3.9
11,13,1969,3.5
11,14,1969,4.3
11,15,1969,4.6
11,16,1969,4.9
11,17,1969,4.1
11,18,1969,6.3
11,19,1969,5.7
11,20,1969,5.8
11,21,1969,5.3
11,22,1969,5.9
11,23,1969,3.2
11,24,1969,4.9
11,25,1969,3.8
11,26,1969,4.5
11,27,1969,4.6
11,28,1969,4.0
11,29,1969,4.0
11,30,1969,3.9
12,01,1969,4.2
12,02,1969,2.5
12,03,1969,1.6
12,04,1969,2.4
12,05,1969,3.2
12,06,1969,3.3
12,07,1969,3.0
12,08,1969,2.1
12,09,1969,4.1
12,10,1969,3.0
12,11,1969,2.3
12,12,1969,3.4
12,13,1969,4.0
12,14,1969,4.2
12,15,1969,3.5
12,16,1969,3.1
12,17,1969,1.4
12,18,1969,3.3
12,19,1969,1.6
12,20,1969,2.9
12,21,1969,3.2
12,22,1969,3.3
12,23,1969,3.6
12,24,1969,4.0
12,25,1969,4.9
12,26,1969,3.8
12,27,1969,5.2
12,28,1969,2.1
12,29,1969,3.0
12,30,1969,3.1
12,31,1969,3.9
01,01,1970,3.2
01,02,1970,2.2
01,03,1970,1.4
01,04,1970,1.4
01,05,1970,2.1
01,06,1970,3.3
01,07,1970,1.7
01,08,1970,3.2
01,09,1970,2.5
01,10,1970,3.3
01,11,1970,3.8
01,12,1970,3.2
01,13,1970,3.7
01,14,1970,3.0
01,15,1970,3.0
01,16,1970,3.4
01,17,1970,3.3
01,18,1970,3.3
01,19,1970,3.4
01,20,1970,3.6
01,21,1970,3.9
01,22,1970,3.9
01,23,1970,3.6
01,24,1970,4.3
01,25,1970,2.6
01,26,1970,4.3
01,27,1970,5.4
01,28,1970,4.8
01,29,1970,4.9
01,30,1970,4.3
01,31,1970,2.9
02,01,1970,4.0
02,02,1970,4.5
02,03,1970,4.4
02,04,1970,4.5
02,05,1970,3.7
02,06,1970,3.4
02,07,1970,4.7
02,08,1970,5.0
02,09,1970,3.4
02,10,1970,4.9
02,11,1970,5.6
02,12,1970,5.3
02,13,1970,4.9
02,14,1970,3.5
02,15,1970,5.4
02,16,1970,5.9
02,17,1970,5.1
02,18,1970,3.1
02,19,1970,6.2
02,20,1970,4.1
02,21,1970,2.4
02,22,1970,2.8
02,23,1970,5.6
02,24,1970,5.3
02,25,1970,6.6
02,26,1970,6.8
02,27,1970,7.1
02,28,1970,7.0
03,01,1970,6.2
03,02,1970,5.8
03,03,1970,5.1
03,04,1970,5.6
03,05,1970,5.1
03,06,1970,5.8
03,07,1970,5.6
03,08,1970,5.6
03,09,1970,5.4
03,10,1970,5.2
03,11,1970,5.7
03,12,1970,4.8
03,13,1970,5.7
03,14,1970,6.2
03,15,1970,5.0
03,16,1970,5.5
03,17,1970,6.4
03,18,1970,3.8
03,19,1970,5.7
03,20,1970,3.6
03,21,1970,5.3
03,22,1970,5.8
03,23,1970,4.9
03,24,1970,7.1
03,25,1970,7.9
03,26,1970,6.9
03,27,1970,7.0
03,28,1970,7.0
03,29,1970,6.4
03,30,1970,5.7
03,31,1970,5.5
04,01,1970,6.7
04,02,1970,7.5
04,03,1970,7.4
04,04,1970,9.3
04,05,1970,6.1
04,06,1970,5.9
04,07,1970,5.0
04,08,1970,7.2
04,09,1970,11.4
04,10,1970,9.0
04,11,1970,8.0
04,12,1970,7.5
04,13,1970,6.7
04,14,1970,6.5
04,15,1970,6.5
04,16,1970,5.9
04,17,1970,4.9
04,18,1970,7.7
04,19,1970,8.3
04,20,1970,8.1
04,21,1970,6.9
04,22,1970,8.1
04,23,1970,8.8
04,24,1970,5.2
04,25,1970,8.6
04,26,1970,9.1
04,27,1970,8.6
04,28,1970,8.1
04,29,1970,8.5
04,30,1970,9.4
05,01,1970,7.6
05,02,1970,7.7
05,03,1970,8.6
05,04,1970,9.5
05,05,1970,8.9
05,06,1970,10.4
05,07,1970,9.7
05,08,1970,9.6
05,09,1970,9.5
05,10,1970,9.0
05,11,1970,7.8
05,12,1970,7.3
05,13,1970,8.0
05,14,1970,9.2
05,15,1970,8.6
05,16,1970,4.2
05,17,1970,10.4
05,18,1970,7.8
05,19,1970,7.5
05,20,1970,7.3
05,21,1970,6.1
05,22,1970,7.1
05,23,1970,8.2
05,24,1970,7.7
05,25,1970,9.2
05,26,1970,9.3
05,27,1970,9.5
05,28,1970,9.5
05,29,1970,9.6
05,30,1970,7.5
05,31,1970,8.1
06,01,1970,8.0
06,02,1970,10.0
06,03,1970,10.0
06,04,1970,10.6
06,05,1970,9.3
06,06,1970,9.6
06,07,1970,10.3
06,08,1970,9.2
06,09,1970,11.6
06,10,1970,10.8
06,11,1970,9.8
06,12,1970,9.5
06,13,1970,9.4
06,14,1970,9.5
06,15,1970,9.5
06,16,1970,9.1
06,17,1970,9.9
06,18,1970,10.6
06,19,1970,10.1
06,20,1970,9.8
06,21,1970,10.1
06,22,1970,10.1
06,23,1970,9.2
06,24,1970,8.1
06,25,1970,9.8
06,26,1970,9.8
06,27,1970,9.8
06,28,1970,10.3
06,29,1970,5.3
06,30,1970,5.2
07,01,1970,8.3
07,02,1970,6.2
07,03,1970,6.8
07,04,1970,6.1
07,05,1970,8.2
07,06,1970,7.3
07,07,1970,8.9
07,08,1970,7.4
07,09,1970,7.7
07,10,1970,6.4
07,11,1970,8.0
07,12,1970,9.1
07,13,1970,10.4
07,14,1970,5.0
07,15,1970,7.4
07,16,1970,5.9
07,17,1970,4.3
07,18,1970,6.9
07,19,1970,4.0
07,20,1970,5.3
07,21,1970,7.0
07,22,1970,7.0
07,23,1970,7.2
07,24,1970,7.4
07,25,1970,6.9
07,26,1970,3.7
07,27,1970,9.1
07,28,1970,5.5
07,29,1970,4.8
07,30,1970,4.7
07,31,1970,5.7
08,01,1970,3.5
08,02,1970,2.4
08,03,1970,4.9
08,04,1970,6.4
08,05,1970,7.4
08,06,1970,3.9
08,07,1970,6.5
08,08,1970,5.3
08,09,1970,8.9
08,10,1970,8.1
08,11,1970,6.0
08,12,1970,3.8
08,13,1970,4.4
08,14,1970,4.0
08,15,1970,5.9
08,16,1970,6.3
08,17,1970,6.4
08,18,1970,5.5
08,19,1970,4.8
08,20,1970,5.3
08,21,1970,6.4
08,22,1970,6.7
08,23,1970,2.6
08,24,1970,4.4
08,25,1970,4.8
08,26,1970,6.5
08,27,1970,7.2
08,28,1970,7.8
08,29,1970,7.8
08,30,1970,7.3
08,31,1970,8.0
09,01,1970,6.9
09,02,1970,2.1
09,03,1970,3.7
09,04,1970,4.2
09,05,1970,4.6
09,06,1970,5.5
09,07,1970,5.1
09,08,1970,5.5
09,09,1970,4.7
09,10,1970,5.8
09,11,1970,3.2
09,12,1970,2.8
09,13,1970,2.4
09,14,1970,4.3
09,15,1970,2.1
09,16,1970,5.2
09,17,1970,5.5
09,18,1970,5.4
09,19,1970,5.5
09,20,1970,5.1
09,21,1970,5.7
09,22,1970,5.3
09,23,1970,4.8
09,24,1970,5.2
09,25,1970,5.8
09,26,1970,1.6
09,27,1970,1.9
09,28,1970,4.9
09,29,1970,5.3
09,30,1970,5.9
10,01,1970,5.9
10,02,1970,6.8
10,03,1970,4.4
10,04,1970,5.9
10,05,1970,5.7
10,06,1970,5.6
10,07,1970,6.8
10,08,1970,5.2
10,09,1970,5.3
10,10,1970,5.7
10,11,1970,5.9
10,12,1970,7.2
10,13,1970,5.5
10,14,1970,6.0
10,15,1970,5.6
10,16,1970,5.8
10,17,1970,5.8
10,18,1970,6.1
10,19,1970,7.1
10,20,1970,6.8
10,21,1970,7.0
10,22,1970,4.6
10,23,1970,6.1
10,24,1970,6.1
10,25,1970,5.9
10,26,1970,6.8
10,27,1970,4.2
10,28,1970,5.4
10,29,1970,5.9
10,30,1970,5.1
10,31,1970,5.5
11,01,1970,6.2
11,02,1970,2.9
11,03,1970,5.3
11,04,1970,3.4
11,05,1970,6.5
11,06,1970,5.2
11,07,1970,4.8
11,08,1970,5.0
11,09,1970,5.0
11,10,1970,4.7
11,11,1970,4.9
11,12,1970,5.1
11,13,1970,4.4
11,14,1970,4.7
11,15,1970,7.7
11,16,1970,7.4
11,17,1970,5.2
11,18,1970,4.5
11,19,1970,4.4
11,20,1970,4.7
11,21,1970,3.2
11,22,1970,3.8
11,23,1970,3.1
11,24,1970,2.7
11,25,1970,3.4
11,26,1970,3.1
11,27,1970,4.6
11,28,1970,3.4
11,29,1970,2.9
11,30,1970,5.0
12,01,1970,4.1
12,02,1970,4.8
12,03,1970,3.6
12,04,1970,3.6
12,05,1970,3.3
12,06,1970,3.1
12,07,1970,3.1
12,08,1970,4.3
12,09,1970,4.0
12,10,1970,4.6
12,11,1970,3.5
12,12,1970,1.6
12,13,1970,2.4
12,14,1970,4.0
12,15,1970,4.3
12,16,1970,3.9
12,17,1970,3.3
12,18,1970,7.5
12,19,1970,3.0
12,20,1970,2.3
12,21,1970,3.9
12,22,1970,4.4
12,23,1970,3.7
12,24,1970,3.7
12,25,1970,3.9
12,26,1970,4.4
12,27,1970,5.0
12,28,1970,3.8
12,29,1970,3.2
12,30,1970,3.0
12,31,1970,3.5
01,01,1971,3.0
01,02,1971,3.8
01,03,1971,3.4
01,04,1971,5.3
01,05,1971,2.0
01,06,1971,2.6
01,07,1971,3.3
01,08,1971,3.5
01,09,1971,1.4
01,10,1971,2.2
01,11,1971,4.9
01,12,1971,2.2
01,13,1971,6.2
01,14,1971,4.1
01,15,1971,3.7
01,16,1971,4.4
01,17,1971,4.8
01,18,1971,4.0
01,19,1971,4.1
01,20,1971,3.2
01,21,1971,3.3
01,22,1971,3.0
01,23,1971,3.4
01,24,1971,4.8
01,25,1971,4.1
01,26,1971,5.0
01,27,1971,3.8
01,28,1971,3.1
01,29,1971,5.1
01,30,1971,4.3
01,31,1971,4.4
02,01,1971,4.2
02,02,1971,4.4
02,03,1971,3.5
02,04,1971,7.0
02,05,1971,5.2
02,06,1971,4.8
02,07,1971,5.4
02,08,1971,4.9
02,09,1971,4.5
02,10,1971,5.9
02,11,1971,6.2
02,12,1971,5.4
02,13,1971,6.3
02,14,1971,4.8
02,15,1971,4.6
02,16,1971,4.9
02,17,1971,4.6
02,18,1971,4.4
02,19,1971,3.9
02,20,1971,4.9
02,21,1971,5.4
02,22,1971,5.0
02,23,1971,3.1
02,24,1971,2.1
02,25,1971,4.3
02,26,1971,5.7
02,27,1971,4.9
02,28,1971,5.7
03,01,1971,6.7
03,02,1971,7.8
03,03,1971,7.1
03,04,1971,4.4
03,05,1971,6.5
03,06,1971,6.1
03,07,1971,7.4
03,08,1971,5.9
03,09,1971,8.8
03,10,1971,9.9
03,11,1971,8.8
03,12,1971,7.2
03,13,1971,6.4
03,14,1971,7.1
03,15,1971,7.7
03,16,1971,6.3
03,17,1971,6.2
03,18,1971,7.0
03,19,1971,7.6
03,20,1971,8.0
03,21,1971,7.2
03,22,1971,9.4
03,23,1971,7.8
03,24,1971,8.3
03,25,1971,10.6
03,26,1971,10.2
03,27,1971,10.1
03,28,1971,10.7
03,29,1971,7.1
03,30,1971,7.1
03,31,1971,7.1
04,01,1971,8.4
04,02,1971,7.5
04,03,1971,6.9
04,04,1971,8.4
04,05,1971,8.5
04,06,1971,8.5
04,07,1971,9.1
04,08,1971,10.2
04,09,1971,10.1
04,10,1971,8.0
04,11,1971,6.1
04,12,1971,8.6
04,13,1971,8.5
04,14,1971,7.4
04,15,1971,7.5
04,16,1971,7.5
04,17,1971,7.2
04,18,1971,5.9
04,19,1971,6.8
04,20,1971,7.7
04,21,1971,7.2
04,22,1971,7.0
04,23,1971,7.7
04,24,1971,6.1
04,25,1971,5.2
04,26,1971,7.4
04,27,1971,5.4
04,28,1971,6.4
04,29,1971,5.8
04,30,1971,8.2
05,01,1971,8.2
05,02,1971,8.5
05,03,1971,8.3
05,04,1971,8.1
05,05,1971,8.0
05,06,1971,9.9
05,07,1971,5.5
05,08,1971,6.8
05,09,1971,6.1
05,10,1971,6.8
05,11,1971,8.4
05,12,1971,7.1
05,13,1971,9.7
05,14,1971,7.5
05,15,1971,7.4
05,16,1971,8.6
05,17,1971,8.7
05,18,1971,10.2
05,19,1971,9.4
05,20,1971,9.0
05,21,1971,8.5
05,22,1971,9.0
05,23,1971,10.1
05,24,1971,10.5
05,25,1971,9.6
05,26,1971,7.5
05,27,1971,8.2
05,28,1971,8.8
05,29,1971,9.0
05,30,1971,8.5
05,31,1971,8.9
06,01,1971,10.7
06,02,1971,8.6
06,03,1971,9.5
06,04,1971,10.3
06,05,1971,7.7
06,06,1971,13.3
06,07,1971,12.7
06,08,1971,10.2
06,09,1971,8.8
06,10,1971,11.6
06,11,1971,9.1
06,12,1971,7.4
06,13,1971,8.7
06,14,1971,8.7
06,15,1971,10.0
06,16,1971,9.4
06,17,1971,10.6
06,18,1971,6.8
06,19,1971,7.3
06,20,1971,5.6
06,21,1971,8.9
06,22,1971,7.8
06,23,1971,9.2
06,24,1971,8.3
06,25,1971,7.5
06,26,1971,8.5
06,27,1971,6.8
06,28,1971,3.3
06,29,1971,5.3
06,30,1971,7.1
07,01,1971,5.1
07,02,1971,6.2
07,03,1971,4.7
07,04,1971,6.2
07,05,1971,6.5
07,06,1971,6.7
07,07,1971,7.7
07,08,1971,7.9
07,09,1971,6.7
07,10,1971,8.1
07,11,1971,7.0
07,12,1971,4.9
07,13,1971,5.5
07,14,1971,3.8
07,15,1971,6.7
07,16,1971,3.7
07,17,1971,4.3
07,18,1971,7.4
07,19,1971,5.6
07,20,1971,5.1
07,21,1971,6.9
07,22,1971,6.6
07,23,1971,7.5
07,24,1971,5.3
07,25,1971,6.9
07,26,1971,4.0
07,27,1971,6.2
07,28,1971,4.7
07,29,1971,5.5
07,30,1971,6.5
07,31,1971,7.5
08,01,1971,1.4
08,02,1971,5.3
08,03,1971,3.8
08,04,1971,6.1
08,05,1971,4.8
08,06,1971,5.9
08,07,1971,6.7
08,08,1971,7.5
08,09,1971,4.1
08,10,1971,4.5
08,11,1971,5.1
08,12,1971,1.6
08,13,1971,3.8
08,14,1971,5.3
08,15,1971,2.5
08,16,1971,4.3
08,17,1971,6.7
08,18,1971,7.3
08,19,1971,5.3
08,20,1971,5.0
08,21,1971,6.8
08,22,1971,6.3
08,23,1971,3.9
08,24,1971,4.3
08,25,1971,3.8
08,26,1971,6.4
08,27,1971,4.8
08,28,1971,6.6
08,29,1971,6.7
08,30,1971,5.0
08,31,1971,8.0
09,01,1971,1.4
09,02,1971,2.0
09,03,1971,3.5
09,04,1971,5.4
09,05,1971,4.9
09,06,1971,3.7
09,07,1971,4.3
09,08,1971,5.4
09,09,1971,4.5
09,10,1971,7.2
09,11,1971,4.1
09,12,1971,4.5
09,13,1971,4.9
09,14,1971,2.3
09,15,1971,4.4
09,16,1971,6.0
09,17,1971,4.3
09,18,1971,5.7
09,19,1971,4.9
09,20,1971,5.9
09,21,1971,6.9
09,22,1971,7.1
09,23,1971,6.5
09,24,1971,6.0
09,25,1971,6.3
09,26,1971,5.9
09,27,1971,5.9
09,28,1971,6.6
09,29,1971,2.0
09,30,1971,5.4
10,01,1971,5.6
10,02,1971,6.3
10,03,1971,6.3
10,04,1971,5.7
10,05,1971,5.7
10,06,1971,5.4
10,07,1971,3.7
10,08,1971,5.5
10,09,1971,6.7
10,10,1971,7.1
10,11,1971,6.6
10,12,1971,6.7
10,13,1971,5.7
10,14,1971,5.1
10,15,1971,7.0
10,16,1971,6.0
10,17,1971,6.2
10,18,1971,5.0
10,19,1971,6.4
10,20,1971,5.1
10,21,1971,5.1
10,22,1971,5.7
10,23,1971,5.3
10,24,1971,4.2
10,25,1971,3.3
10,26,1971,2.8
10,27,1971,1.9
10,28,1971,2.8
10,29,1971,4.7
10,30,1971,3.3
10,31,1971,4.7
11,01,1971,4.2
11,02,1971,5.2
11,03,1971,3.9
11,04,1971,3.3
11,05,1971,4.3
11,06,1971,4.8
11,07,1971,4.7
11,08,1971,5.8
11,09,1971,5.5
11,10,1971,3.8
11,11,1971,4.6
11,12,1971,4.9
11,13,1971,3.0
11,14,1971,3.5
11,15,1971,2.3
11,16,1971,3.3
11,17,1971,4.5
11,18,1971,3.2
11,19,1971,3.5
11,20,1971,5.1
11,21,1971,6.1
11,22,1971,4.7
11,23,1971,3.2
11,24,1971,3.3
11,25,1971,3.7
11,26,1971,3.9
11,27,1971,3.4
11,28,1971,3.6
11,29,1971,3.5
11,30,1971,3.2
12,01,1971,2.2
12,02,1971,3.3
12,03,1971,3.4
12,04,1971,3.4
12,05,1971,5.0
12,06,1971,2.9
12,07,1971,2.8
12,08,1971,3.3
12,09,1971,3.5
12,10,1971,3.1
12,11,1971,4.1
12,12,1971,2.6
12,13,1971,3.2
12,14,1971,3.4
12,15,1971,2.2
12,16,1971,0.9
12,17,1971,2.0
12,18,1971,1.1
12,19,1971,1.3
12,20,1971,2.0
12,21,1971,2.7
12,22,1971,2.7
12,23,1971,2.9
12,24,1971,3.6
12,25,1971,3.0
12,26,1971,3.0
12,27,1971,1.5
12,28,1971,3.9
12,29,1971,3.4
12,30,1971,3.3
12,31,1971,2.5
01,01,1972,2.7
01,02,1972,2.2
01,03,1972,1.2
01,04,1972,2.3
01,05,1972,2.2
01,06,1972,2.8
01,07,1972,3.2
01,08,1972,2.8
01,09,1972,3.1
01,10,1972,2.8
01,11,1972,2.3
01,12,1972,2.0
01,13,1972,2.9
01,14,1972,2.9
01,15,1972,3.2
01,16,1972,3.0
01,17,1972,2.7
01,18,1972,2.3
01,19,1972,4.6
01,20,1972,4.8
01,21,1972,5.0
01,22,1972,4.4
01,23,1972,3.5
01,24,1972,4.0
01,25,1972,1.9
01,26,1972,3.9
01,27,1972,2.9
01,28,1972,2.4
01,29,1972,1.8
01,30,1972,2.8
01,31,1972,4.1
02,01,1972,4.2
02,02,1972,4.4
02,03,1972,3.7
02,04,1972,3.9
02,05,1972,2.5
02,06,1972,3.9
02,07,1972,5.2
02,08,1972,5.0
02,09,1972,3.1
02,10,1972,2.4
02,11,1972,3.7
02,12,1972,1.8
02,13,1972,1.8
02,14,1972,4.3
02,15,1972,5.4
02,16,1972,5.4
02,17,1972,4.7
02,18,1972,4.4
02,19,1972,5.8
02,20,1972,6.0
02,21,1972,6.7
02,22,1972,5.9
02,23,1972,4.8
02,24,1972,5.3
02,25,1972,4.8
02,26,1972,7.6
02,27,1972,3.4
02,28,1972,5.5
02,29,1972,6.2
03,01,1972,6.1
03,02,1972,6.3
03,03,1972,5.5
03,04,1972,6.0
03,05,1972,7.7
03,06,1972,6.7
03,07,1972,6.3
03,08,1972,7.9
03,09,1972,6.4
03,10,1972,6.0
03,11,1972,8.4
03,12,1972,7.7
03,13,1972,6.2
03,14,1972,6.9
03,15,1972,6.9
03,16,1972,6.3
03,17,1972,6.7
03,18,1972,5.3
03,19,1972,5.9
03,20,1972,5.4
03,21,1972,7.0
03,22,1972,7.6
03,23,1972,7.3
03,24,1972,9.4
03,25,1972,5.5
03,26,1972,9.8
03,27,1972,8.6
03,28,1972,7.1
03,29,1972,8.9
03,30,1972,8.4
03,31,1972,6.7
04,01,1972,7.7
04,02,1972,7.0
04,03,1972,8.4
04,04,1972,9.9
04,05,1972,8.4
04,06,1972,7.3
04,07,1972,7.5
04,08,1972,7.2
04,09,1972,7.2
04,10,1972,6.7
04,11,1972,9.1
04,12,1972,8.8
04,13,1972,7.7
04,14,1972,8.9
04,15,1972,9.2
04,16,1972,7.7
04,17,1972,8.3
04,18,1972,4.9
04,19,1972,6.3
04,20,1972,6.7
04,21,1972,8.1
04,22,1972,9.2
04,23,1972,9.5
04,24,1972,10.0
04,25,1972,7.0
04,26,1972,6.6
04,27,1972,9.4
04,28,1972,9.5
04,29,1972,10.8
04,30,1972,6.5
05,01,1972,11.1
05,02,1972,11.1
05,03,1972,7.4
05,04,1972,8.5
05,05,1972,9.6
05,06,1972,9.8
05,07,1972,8.5
05,08,1972,6.2
05,09,1972,9.6
05,10,1972,8.9
05,11,1972,6.9
05,12,1972,9.8
05,13,1972,9.4
05,14,1972,8.7
05,15,1972,9.0
05,16,1972,9.6
05,17,1972,9.5
05,18,1972,9.4
05,19,1972,8.3
05,20,1972,8.9
05,21,1972,10.3
05,22,1972,8.3
05,23,1972,10.2
05,24,1972,10.7
05,25,1972,8.5
05,26,1972,9.2
05,27,1972,7.3
05,28,1972,5.7
05,29,1972,5.6
05,30,1972,4.1
05,31,1972,8.2
06,01,1972,12.5
06,02,1972,8.5
06,03,1972,9.0
06,04,1972,8.8
06,05,1972,8.6
06,06,1972,7.8
06,07,1972,8.8
06,08,1972,8.3
06,09,1972,5.0
06,10,1972,5.0
06,11,1972,3.9
06,12,1972,3.0
06,13,1972,3.1
06,14,1972,5.3
06,15,1972,6.3
06,16,1972,8.4
06,17,1972,5.3
06,18,1972,6.0
06,19,1972,5.7
06,20,1972,5.9
06,21,1972,5.8
06,22,1972,6.6
06,23,1972,8.4
06,24,1972,7.4
06,25,1972,7.7
06,26,1972,8.1
06,27,1972,8.4
06,28,1972,11.0
06,29,1972,10.1
06,30,1972,9.9
07,01,1972,8.4
07,02,1972,10.3
07,03,1972,10.2
07,04,1972,9.5
07,05,1972,8.7
07,06,1972,8.6
07,07,1972,9.1
07,08,1972,6.4
07,09,1972,10.8
07,10,1972,5.9
07,11,1972,8.5
07,12,1972,6.7
07,13,1972,1.4
07,14,1972,5.2
07,15,1972,7.3
07,16,1972,8.3
07,17,1972,8.4
07,18,1972,8.5
07,19,1972,8.1
07,20,1972,9.9
07,21,1972,4.4
07,22,1972,7.8
07,23,1972,3.7
07,24,1972,7.4
07,25,1972,6.2
07,26,1972,6.7
07,27,1972,4.3
07,28,1972,3.6
07,29,1972,6.2
07,30,1972,8.4
07,31,1972,8.2
08,01,1972,6.3
08,02,1972,5.1
08,03,1972,3.8
08,04,1972,4.8
08,05,1972,5.2
08,06,1972,9.9
08,07,1972,8.7
08,08,1972,1.8
08,09,1972,3.4
08,10,1972,5.2
08,11,1972,6.9
08,12,1972,7.7
08,13,1972,7.9
08,14,1972,3.4
08,15,1972,6.9
08,16,1972,7.4
08,17,1972,7.3
08,18,1972,5.8
08,19,1972,7.0
08,20,1972,5.9
08,21,1972,6.1
08,22,1972,7.0
08,23,1972,null
08,24,1972,null
08,25,1972,null
08,26,1972,null
08,27,1972,7.1
08,28,1972,5.5
08,29,1972,5.8
08,30,1972,6.3
08,31,1972,7.3
09,01,1972,2.7
09,02,1972,5.1
09,03,1972,6.5
09,04,1972,5.9
09,05,1972,3.9
09,06,1972,5.7
09,07,1972,3.3
09,08,1972,4.3
09,09,1972,5.4
09,10,1972,4.0
09,11,1972,2.0
09,12,1972,5.9
09,13,1972,2.9
09,14,1972,6.1
09,15,1972,5.9
09,16,1972,5.7
09,17,1972,3.4
09,18,1972,5.9
09,19,1972,5.3
09,20,1972,4.6
09,21,1972,6.3
09,22,1972,5.4
09,23,1972,3.9
09,24,1972,5.0
09,25,1972,5.7
09,26,1972,6.1
09,27,1972,5.5
09,28,1972,5.5
09,29,1972,6.0
09,30,1972,5.6
10,01,1972,5.4
10,02,1972,2.8
10,03,1972,5.3
10,04,1972,4.3
10,05,1972,3.0
10,06,1972,4.1
10,07,1972,4.9
10,08,1972,6.1
10,09,1972,5.8
10,10,1972,5.5
10,11,1972,5.2
10,12,1972,6.5
10,13,1972,7.0
10,14,1972,6.0
10,15,1972,5.6
10,16,1972,5.7
10,17,1972,5.9
10,18,1972,6.1
10,19,1972,3.9
10,20,1972,4.2
10,21,1972,5.0
10,22,1972,6.8
10,23,1972,6.1
10,24,1972,3.8
10,25,1972,4.4
10,26,1972,5.2
10,27,1972,3.3
10,28,1972,0.1
10,29,1972,1.6
10,30,1972,1.3
10,31,1972,4.0
11,01,1972,3.3
11,02,1972,2.5
11,03,1972,4.0
11,04,1972,2.2
11,05,1972,4.5
11,06,1972,3.8
11,07,1972,5.3
11,08,1972,3.0
11,09,1972,4.4
11,10,1972,2.7
11,11,1972,3.9
11,12,1972,2.8
11,13,1972,3.6
11,14,1972,3.5
11,15,1972,3.5
11,16,1972,3.7
11,17,1972,3.0
11,18,1972,4.3
11,19,1972,3.1
11,20,1972,3.8
11,21,1972,2.9
11,22,1972,3.2
11,23,1972,1.4
11,24,1972,2.7
11,25,1972,1.9
11,26,1972,3.6
11,27,1972,2.7
11,28,1972,3.3
11,29,1972,3.6
11,30,1972,3.7
12,01,1972,3.2
12,02,1972,3.1
12,03,1972,2.8
12,04,1972,2.5
12,05,1972,3.3
12,06,1972,2.9
12,07,1972,3.3
12,08,1972,2.4
12,09,1972,4.0
12,10,1972,1.2
12,11,1972,4.4
12,12,1972,5.4
12,13,1972,3.2
12,14,1972,3.3
12,15,1972,4.9
12,16,1972,4.6
12,17,1972,3.7
12,18,1972,3.9
12,19,1972,2.3
12,20,1972,4.0
12,21,1972,3.5
12,22,1972,3.5
12,23,1972,3.3
12,24,1972,2.9
12,25,1972,1.6
12,26,1972,4.0
12,27,1972,2.3
12,28,1972,1.5
12,29,1972,2.3
12,30,1972,3.0
12,31,1972,2.5
01,01,1973,3.3
01,02,1973,2.3
01,03,1973,1.6
01,04,1973,1.3
01,05,1973,1.1
01,06,1973,0.7
01,07,1973,2.7
01,08,1973,1.5
01,09,1973,1.3
01,10,1973,3.9
01,11,1973,3.7
01,12,1973,4.0
01,13,1973,2.0
01,14,1973,4.6
01,15,1973,4.0
01,16,1973,4.0
01,17,1973,3.6
01,18,1973,4.4
01,19,1973,2.6
01,20,1973,3.9
01,21,1973,3.7
01,22,1973,3.6
01,23,1973,3.8
01,24,1973,3.2
01,25,1973,4.9
01,26,1973,4.4
01,27,1973,4.9
01,28,1973,5.2
01,29,1973,5.6
01,30,1973,4.3
01,31,1973,4.7
02,01,1973,4.1
02,02,1973,3.7
02,03,1973,5.3
02,04,1973,4.1
02,05,1973,3.9
02,06,1973,3.3
02,07,1973,3.3
02,08,1973,5.3
02,09,1973,4.7
02,10,1973,4.8
02,11,1973,4.5
02,12,1973,1.3
02,13,1973,4.4
02,14,1973,5.3
02,15,1973,5.0
02,16,1973,1.0
02,17,1973,6.1
02,18,1973,3.3
02,19,1973,1.3
02,20,1973,1.1
02,21,1973,2.1
02,22,1973,3.3
02,23,1973,4.2
02,24,1973,4.3
02,25,1973,3.9
02,26,1973,5.3
02,27,1973,4.7
02,28,1973,5.0
03,01,1973,4.5
03,02,1973,5.5
03,03,1973,6.6
03,04,1973,2.5
03,05,1973,4.4
03,06,1973,4.2
03,07,1973,5.1
03,08,1973,4.7
03,09,1973,2.8
03,10,1973,5.4
03,11,1973,5.7
03,12,1973,3.8
03,13,1973,6.2
03,14,1973,5.9
03,15,1973,6.5
03,16,1973,6.5
03,17,1973,6.6
03,18,1973,4.2
03,19,1973,3.9
03,20,1973,5.6
03,21,1973,4.1
03,22,1973,5.8
03,23,1973,4.9
03,24,1973,6.3
03,25,1973,5.6
03,26,1973,6.5
03,27,1973,4.1
03,28,1973,6.1
03,29,1973,5.4
03,30,1973,6.0
03,31,1973,6.7
04,01,1973,6.5
04,02,1973,6.8
04,03,1973,7.9
04,04,1973,4.3
04,05,1973,5.7
04,06,1973,8.0
04,07,1973,6.7
04,08,1973,7.0
04,09,1973,6.8
04,10,1973,7.6
04,11,1973,7.9
04,12,1973,7.1
04,13,1973,7.4
04,14,1973,7.0
04,15,1973,5.7
04,16,1973,8.8
04,17,1973,7.9
04,18,1973,8.6
04,19,1973,7.2
04,20,1973,7.8
04,21,1973,4.6
04,22,1973,6.5
04,23,1973,5.7
04,24,1973,8.2
04,25,1973,8.0
04,26,1973,7.5
04,27,1973,7.7
04,28,1973,7.3
04,29,1973,6.2
04,30,1973,5.1
05,01,1973,8.3
05,02,1973,7.3
05,03,1973,9.6
05,04,1973,9.2
05,05,1973,3.7
05,06,1973,7.3
05,07,1973,9.5
05,08,1973,9.4
05,09,1973,9.1
05,10,1973,9.1
05,11,1973,10.0
05,12,1973,9.9
05,13,1973,7.7
05,14,1973,7.7
05,15,1973,9.1
05,16,1973,8.6
05,17,1973,9.1
05,18,1973,10.5
05,19,1973,8.1
05,20,1973,8.1
05,21,1973,8.8
05,22,1973,8.2
05,23,1973,7.0
05,24,1973,6.9
05,25,1973,8.1
05,26,1973,6.2
05,27,1973,8.3
05,28,1973,3.4
05,29,1973,5.4
05,30,1973,7.6
05,31,1973,7.5
06,01,1973,4.6
06,02,1973,6.1
06,03,1973,7.7
06,04,1973,9.5
06,05,1973,8.0
06,06,1973,9.0
06,07,1973,10.2
06,08,1973,9.4
06,09,1973,8.1
06,10,1973,8.8
06,11,1973,7.3
06,12,1973,7.0
06,13,1973,8.2
06,14,1973,7.3
06,15,1973,7.9
06,16,1973,8.8
06,17,1973,8.7
06,18,1973,8.7
06,19,1973,8.3
06,20,1973,8.7
06,21,1973,9.2
06,22,1973,9.5
06,23,1973,10.3
06,24,1973,8.6
06,25,1973,7.9
06,26,1973,7.8
06,27,1973,7.4
06,28,1973,8.2
06,29,1973,8.0
06,30,1973,4.3
07,01,1973,7.9
07,02,1973,7.0
07,03,1973,6.4
07,04,1973,6.7
07,05,1973,5.5
07,06,1973,7.5
07,07,1973,7.5
07,08,1973,9.7
07,09,1973,7.4
07,10,1973,5.6
07,11,1973,7.2
07,12,1973,7.5
07,13,1973,7.9
07,14,1973,8.0
07,15,1973,9.5
07,16,1973,6.2
07,17,1973,4.8
07,18,1973,9.0
07,19,1973,9.0
07,20,1973,9.9
07,21,1973,8.9
07,22,1973,7.8
07,23,1973,9.0
07,24,1973,3.5
07,25,1973,5.8
07,26,1973,7.4
07,27,1973,7.7
07,28,1973,5.7
07,29,1973,2.5
07,30,1973,5.5
07,31,1973,7.0
08,01,1973,2.6
08,02,1973,5.7
08,03,1973,5.9
08,04,1973,5.8
08,05,1973,4.6
08,06,1973,1.3
08,07,1973,3.8
08,08,1973,5.4
08,09,1973,4.4
08,10,1973,4.2
08,11,1973,4.1
08,12,1973,2.3
08,13,1973,4.3
08,14,1973,7.7
08,15,1973,4.6
08,16,1973,3.4
08,17,1973,4.9
08,18,1973,7.6
08,19,1973,5.9
08,20,1973,7.9
08,21,1973,9.0
08,22,1973,8.6
08,23,1973,8.1
08,24,1973,7.6
08,25,1973,6.0
08,26,1973,5.9
08,27,1973,4.9
08,28,1973,6.0
08,29,1973,5.0
08,30,1973,6.1
08,31,1973,6.2
09,01,1973,6.3
09,02,1973,4.6
09,03,1973,5.9
09,04,1973,6.4
09,05,1973,6.4
09,06,1973,7.5
09,07,1973,8.6
09,08,1973,4.8
09,09,1973,1.4
09,10,1973,4.4
09,11,1973,2.1
09,12,1973,2.5
09,13,1973,5.1
09,14,1973,4.4
09,15,1973,5.2
09,16,1973,4.5
09,17,1973,7.6
09,18,1973,2.0
09,19,1973,4.2
09,20,1973,4.9
09,21,1973,5.1
09,22,1973,6.8
09,23,1973,4.7
09,24,1973,4.7
09,25,1973,0.8
09,26,1973,1.8
09,27,1973,4.0
09,28,1973,5.7
09,29,1973,4.1
09,30,1973,4.9
10,01,1973,6.0
10,02,1973,5.7
10,03,1973,5.6
10,04,1973,6.1
10,05,1973,5.4
10,06,1973,6.5
10,07,1973,5.5
10,08,1973,5.8
10,09,1973,7.6
10,10,1973,6.3
10,11,1973,6.4
10,12,1973,6.8
10,13,1973,7.2
10,14,1973,6.1
10,15,1973,4.6
10,16,1973,6.3
10,17,1973,5.4
10,18,1973,6.3
10,19,1973,6.4
10,20,1973,5.0
10,21,1973,5.6
10,22,1973,5.2
10,23,1973,6.6
10,24,1973,5.0
10,25,1973,5.4
10,26,1973,6.8
10,27,1973,5.8
10,28,1973,5.6
10,29,1973,1.9
10,30,1973,2.1
10,31,1973,4.8
11,01,1973,5.1
11,02,1973,5.9
11,03,1973,6.0
11,04,1973,4.9
11,05,1973,5.6
11,06,1973,4.9
11,07,1973,5.4
11,08,1973,4.3
11,09,1973,4.7
11,10,1973,4.3
11,11,1973,4.8
11,12,1973,4.9
11,13,1973,4.0
11,14,1973,3.9
11,15,1973,4.2
11,16,1973,4.2
11,17,1973,5.2
11,18,1973,5.1
11,19,1973,3.7
11,20,1973,4.2
11,21,1973,3.8
11,22,1973,3.5
11,23,1973,5.2
11,24,1973,3.8
11,25,1973,3.3
11,26,1973,3.2
11,27,1973,5.8
11,28,1973,4.2
11,29,1973,4.8
11,30,1973,5.0
12,01,1973,4.4
12,02,1973,4.3
12,03,1973,4.1
12,04,1973,3.2
12,05,1973,4.3
12,06,1973,5.4
12,07,1973,4.5
12,08,1973,3.8
12,09,1973,3.8
12,10,1973,4.2
12,11,1973,3.9
12,12,1973,3.9
12,13,1973,4.0
12,14,1973,3.5
12,15,1973,3.6
12,16,1973,3.3
12,17,1973,3.1
12,18,1973,2.1
12,19,1973,2.1
12,20,1973,4.1
12,21,1973,4.7
12,22,1973,4.2
12,23,1973,2.2
12,24,1973,4.6
12,25,1973,3.7
12,26,1973,2.5
12,27,1973,4.7
12,28,1973,3.5
12,29,1973,4.0
12,30,1973,4.0
12,31,1973,3.8
01,01,1974,2.9
01,02,1974,2.5
01,03,1974,3.8
01,04,1974,3.6
01,05,1974,4.6
01,06,1974,4.4
01,07,1974,3.1
01,08,1974,3.1
01,09,1974,3.3
01,10,1974,4.4
01,11,1974,3.9
01,12,1974,3.0
01,13,1974,3.9
01,14,1974,3.6
01,15,1974,3.7
01,16,1974,2.4
01,17,1974,2.1
01,18,1974,2.0
01,19,1974,2.4
01,20,1974,2.6
01,21,1974,3.5
01,22,1974,4.1
01,23,1974,4.0
01,24,1974,4.0
01,25,1974,4.0
01,26,1974,3.9
01,27,1974,4.2
01,28,1974,5.2
01,29,1974,4.5
01,30,1974,4.2
01,31,1974,4.5
02,01,1974,4.0
02,02,1974,4.4
02,03,1974,4.1
02,04,1974,3.8
02,05,1974,3.1
02,06,1974,2.3
02,07,1974,4.4
02,08,1974,4.8
02,09,1974,4.7
02,10,1974,4.2
02,11,1974,5.5
02,12,1974,5.0
02,13,1974,4.1
02,14,1974,3.1
02,15,1974,6.4
02,16,1974,5.3
02,17,1974,5.0
02,18,1974,5.5
02,19,1974,5.1
02,20,1974,4.8
02,21,1974,4.9
02,22,1974,5.3
02,23,1974,4.1
02,24,1974,6.6
02,25,1974,5.3
02,26,1974,3.7
02,27,1974,7.3
02,28,1974,6.4
03,01,1974,6.4
03,02,1974,5.4
03,03,1974,5.1
03,04,1974,4.7
03,05,1974,6.4
03,06,1974,5.5
03,07,1974,6.3
03,08,1974,4.2
03,09,1974,5.7
03,10,1974,5.4
03,11,1974,5.8
03,12,1974,5.4
03,13,1974,5.8
03,14,1974,3.6
03,15,1974,5.5
03,16,1974,4.9
03,17,1974,6.5
03,18,1974,5.8
03,19,1974,6.5
03,20,1974,7.4
03,21,1974,6.3
03,22,1974,6.9
03,23,1974,5.2
03,24,1974,3.6
03,25,1974,7.7
03,26,1974,6.6
03,27,1974,6.7
03,28,1974,7.9
03,29,1974,5.8
03,30,1974,7.9
03,31,1974,7.1
04,01,1974,7.2
04,02,1974,8.0
04,03,1974,8.6
04,04,1974,9.2
04,05,1974,7.6
04,06,1974,7.1
04,07,1974,8.6
04,08,1974,10.0
04,09,1974,8.9
04,10,1974,8.6
04,11,1974,8.1
04,12,1974,8.7
04,13,1974,8.3
04,14,1974,9.3
04,15,1974,8.8
04,16,1974,9.7
04,17,1974,10.0
04,18,1974,11.2
04,19,1974,11.7
04,20,1974,10.1
04,21,1974,10.6
04,22,1974,9.0
04,23,1974,8.4
04,24,1974,7.4
04,25,1974,8.1
04,26,1974,8.9
04,27,1974,10.0
04,28,1974,9.2
04,29,1974,8.4
04,30,1974,7.7
05,01,1974,9.4
05,02,1974,9.1
05,03,1974,9.8
05,04,1974,7.9
05,05,1974,8.3
05,06,1974,8.2
05,07,1974,6.9
05,08,1974,6.1
05,09,1974,7.1
05,10,1974,7.4
05,11,1974,9.4
05,12,1974,7.9
05,13,1974,8.1
05,14,1974,7.3
05,15,1974,7.1
05,16,1974,7.4
05,17,1974,9.0
05,18,1974,10.0
05,19,1974,13.7
05,20,1974,7.7
05,21,1974,7.6
05,22,1974,8.0
05,23,1974,9.3
05,24,1974,7.7
05,25,1974,8.6
05,26,1974,7.9
05,27,1974,8.5
05,28,1974,4.0
05,29,1974,3.6
05,30,1974,8.3
05,31,1974,8.9
06,01,1974,6.8
06,02,1974,7.1
06,03,1974,7.9
06,04,1974,8.8
06,05,1974,9.4
06,06,1974,10.1
06,07,1974,10.2
06,08,1974,6.8
06,09,1974,9.3
06,10,1974,8.5
06,11,1974,7.3
06,12,1974,11.0
06,13,1974,8.4
06,14,1974,9.4
06,15,1974,7.8
06,16,1974,10.3
06,17,1974,11.0
06,18,1974,8.5
06,19,1974,9.8
06,20,1974,9.2
06,21,1974,7.1
06,22,1974,6.6
06,23,1974,4.9
06,24,1974,6.6
06,25,1974,5.9
06,26,1974,9.1
06,27,1974,8.8
06,28,1974,6.6
06,29,1974,9.6
06,30,1974,8.6
07,01,1974,7.8
07,02,1974,8.6
07,03,1974,8.6
07,04,1974,8.6
07,05,1974,7.4
07,06,1974,7.6
07,07,1974,4.9
07,08,1974,8.0
07,09,1974,3.4
07,10,1974,1.7
07,11,1974,1.4
07,12,1974,6.0
07,13,1974,5.6
07,14,1974,7.3
07,15,1974,9.6
07,16,1974,5.7
07,17,1974,4.2
07,18,1974,2.7
07,19,1974,5.7
07,20,1974,6.9
07,21,1974,6.9
07,22,1974,7.6
07,23,1974,6.0
07,24,1974,7.3
07,25,1974,5.4
07,26,1974,6.9
07,27,1974,7.4
07,28,1974,3.5
07,29,1974,5.9
07,30,1974,6.2
07,31,1974,2.3
08,01,1974,5.6
08,02,1974,7.8
08,03,1974,7.1
08,04,1974,6.3
08,05,1974,5.7
08,06,1974,3.6
08,07,1974,4.9
08,08,1974,5.6
08,09,1974,6.4
08,10,1974,6.4
08,11,1974,3.1
08,12,1974,8.0
08,13,1974,6.4
08,14,1974,7.6
08,15,1974,6.7
08,16,1974,10.3
08,17,1974,5.9
08,18,1974,8.0
08,19,1974,6.3
08,20,1974,4.5
08,21,1974,5.4
08,22,1974,6.0
08,23,1974,5.9
08,24,1974,5.9
08,25,1974,5.8
08,26,1974,6.7
08,27,1974,7.0
08,28,1974,5.7
08,29,1974,8.0
08,30,1974,5.9
08,31,1974,5.5
09,01,1974,5.9
09,02,1974,6.6
09,03,1974,3.0
09,04,1974,4.2
09,05,1974,4.0
09,06,1974,6.5
09,07,1974,6.9
09,08,1974,6.7
09,09,1974,6.3
09,10,1974,5.3
09,11,1974,3.4
09,12,1974,5.6
09,13,1974,4.9
09,14,1974,1.4
09,15,1974,3.1
09,16,1974,5.7
09,17,1974,4.3
09,18,1974,6.2
09,19,1974,2.0
09,20,1974,1.9
09,21,1974,6.9
09,22,1974,5.2
09,23,1974,4.7
09,24,1974,5.0
09,25,1974,2.3
09,26,1974,2.8
09,27,1974,2.1
09,28,1974,4.9
09,29,1974,3.1
09,30,1974,5.4
10,01,1974,3.5
10,02,1974,6.2
10,03,1974,4.9
10,04,1974,5.8
10,05,1974,4.6
10,06,1974,5.6
10,07,1974,5.4
10,08,1974,5.9
10,09,1974,6.1
10,10,1974,3.4
10,11,1974,4.3
10,12,1974,5.5
10,13,1974,5.6
10,14,1974,7.6
10,15,1974,4.9
10,16,1974,5.4
10,17,1974,5.5
10,18,1974,6.2
10,19,1974,6.1
10,20,1974,5.7
10,21,1974,3.5
10,22,1974,4.1
10,23,1974,4.0
10,24,1974,6.2
10,25,1974,5.1
10,26,1974,5.2
10,27,1974,5.1
10,28,1974,4.0
10,29,1974,5.3
10,30,1974,3.0
10,31,1974,4.9
11,01,1974,4.7
11,02,1974,4.8
11,03,1974,4.0
11,04,1974,4.7
11,05,1974,3.3
11,06,1974,1.4
11,07,1974,2.0
11,08,1974,2.8
11,09,1974,1.7
11,10,1974,3.2
11,11,1974,3.9
11,12,1974,4.1
11,13,1974,3.6
11,14,1974,3.9
11,15,1974,2.8
11,16,1974,4.0
11,17,1974,3.4
11,18,1974,3.3
11,19,1974,3.1
11,20,1974,3.0
11,21,1974,2.5
11,22,1974,3.2
11,23,1974,3.4
11,24,1974,5.3
11,25,1974,5.7
11,26,1974,4.5
11,27,1974,3.5
11,28,1974,3.9
11,29,1974,2.5
11,30,1974,2.7
12,01,1974,1.1
12,02,1974,3.2
12,03,1974,3.4
12,04,1974,3.5
12,05,1974,3.8
12,06,1974,3.1
12,07,1974,3.2
12,08,1974,2.3
12,09,1974,3.0
12,10,1974,3.7
12,11,1974,2.3
12,12,1974,2.3
12,13,1974,3.3
12,14,1974,2.4
12,15,1974,2.5
12,16,1974,2.9
12,17,1974,2.8
12,18,1974,2.1
12,19,1974,1.8
12,20,1974,4.0
12,21,1974,3.8
12,22,1974,3.0
12,23,1974,3.2
12,24,1974,1.0
12,25,1974,0.9
12,26,1974,0.7
12,27,1974,1.0
12,28,1974,2.7
12,29,1974,3.0
12,30,1974,4.2
12,31,1974,2.0
01,01,1975,2.5
01,02,1975,2.7
01,03,1975,2.9
01,04,1975,2.9
01,05,1975,2.3
01,06,1975,4.8
01,07,1975,2.4
01,08,1975,0.8
01,09,1975,2.5
01,10,1975,4.8
01,11,1975,3.5
01,12,1975,2.2
01,13,1975,3.3
01,14,1975,4.4
01,15,1975,3.6
01,16,1975,3.4
01,17,1975,2.9
01,18,1975,1.9
01,19,1975,1.6
01,20,1975,3.2
01,21,1975,3.4
01,22,1975,3.2
01,23,1975,3.3
01,24,1975,4.5
01,25,1975,4.9
01,26,1975,4.3
01,27,1975,2.9
01,28,1975,4.4
01,29,1975,2.4
01,30,1975,1.5
01,31,1975,2.0
02,01,1975,1.5
02,02,1975,0.7
02,03,1975,1.4
02,04,1975,3.4
02,05,1975,3.9
02,06,1975,2.1
02,07,1975,3.5
02,08,1975,3.5
02,09,1975,5.8
02,10,1975,1.4
02,11,1975,3.7
02,12,1975,4.8
02,13,1975,5.0
02,14,1975,4.1
02,15,1975,3.3
02,16,1975,3.8
02,17,1975,2.9
02,18,1975,3.9
02,19,1975,1.9
02,20,1975,3.8
02,21,1975,4.1
02,22,1975,4.9
02,23,1975,4.2
02,24,1975,5.5
02,25,1975,5.5
02,26,1975,5.8
02,27,1975,3.7
02,28,1975,5.5
03,01,1975,5.9
03,02,1975,6.3
03,03,1975,5.8
03,04,1975,5.3
03,05,1975,5.8
03,06,1975,6.3
03,07,1975,6.6
03,08,1975,5.5
03,09,1975,5.2
03,10,1975,5.1
03,11,1975,5.1
03,12,1975,4.7
03,13,1975,7.2
03,14,1975,4.8
03,15,1975,5.3
03,16,1975,2.9
03,17,1975,6.8
03,18,1975,6.2
03,19,1975,6.8
03,20,1975,6.7
03,21,1975,6.3
03,22,1975,4.7
03,23,1975,7.1
03,24,1975,6.9
03,25,1975,7.3
03,26,1975,6.1
03,27,1975,6.0
03,28,1975,5.6
03,29,1975,5.9
03,30,1975,4.3
03,31,1975,7.5
04,01,1975,7.4
04,02,1975,8.3
04,03,1975,5.5
04,04,1975,4.3
04,05,1975,8.6
04,06,1975,8.2
04,07,1975,3.5
04,08,1975,6.5
04,09,1975,6.2
04,10,1975,12.6
04,11,1975,4.1
04,12,1975,7.7
04,13,1975,6.7
04,14,1975,7.8
04,15,1975,7.2
04,16,1975,5.1
04,17,1975,8.4
04,18,1975,7.9
04,19,1975,4.1
04,20,1975,7.2
04,21,1975,6.2
04,22,1975,8.9
04,23,1975,9.0
04,24,1975,7.4
04,25,1975,8.3
04,26,1975,9.0
04,27,1975,7.5
04,28,1975,8.3
04,29,1975,7.8
04,30,1975,8.7
05,01,1975,7.8
05,02,1975,9.2
05,03,1975,8.6
05,04,1975,9.5
05,05,1975,8.0
05,06,1975,8.2
05,07,1975,8.5
05,08,1975,8.3
05,09,1975,6.9
05,10,1975,8.5
05,11,1975,5.6
05,12,1975,8.6
05,13,1975,7.3
05,14,1975,7.1
05,15,1975,8.0
05,16,1975,7.6
05,17,1975,7.5
05,18,1975,7.4
05,19,1975,6.7
05,20,1975,8.7
05,21,1975,8.5
05,22,1975,8.2
05,23,1975,9.5
05,24,1975,9.3
05,25,1975,11.3
05,26,1975,10.5
05,27,1975,9.4
05,28,1975,9.4
05,29,1975,10.6
05,30,1975,11.1
05,31,1975,9.3
06,01,1975,8.4
06,02,1975,9.3
06,03,1975,9.4
06,04,1975,7.6
06,05,1975,7.6
06,06,1975,6.9
06,07,1975,5.9
06,08,1975,6.5
06,09,1975,5.2
06,10,1975,5.1
06,11,1975,6.1
06,12,1975,9.3
06,13,1975,9.6
06,14,1975,10.1
06,15,1975,11.0
06,16,1975,9.8
06,17,1975,10.6
06,18,1975,9.6
06,19,1975,9.4
06,20,1975,10.5
06,21,1975,8.5
06,22,1975,10.0
06,23,1975,9.4
06,24,1975,9.3
06,25,1975,10.2
06,26,1975,10.4
06,27,1975,10.1
06,28,1975,10.8
06,29,1975,9.2
06,30,1975,9.3
07,01,1975,8.5
07,02,1975,10.2
07,03,1975,6.9
07,04,1975,8.6
07,05,1975,7.7
07,06,1975,6.9
07,07,1975,6.9
07,08,1975,8.9
07,09,1975,10.9
07,10,1975,7.6
07,11,1975,5.6
07,12,1975,4.4
07,13,1975,6.1
07,14,1975,4.9
07,15,1975,4.8
07,16,1975,6.1
07,17,1975,5.6
07,18,1975,5.2
07,19,1975,3.7
07,20,1975,5.4
07,21,1975,5.7
07,22,1975,3.9
07,23,1975,5.4
07,24,1975,5.0
07,25,1975,6.4
07,26,1975,4.8
07,27,1975,5.6
07,28,1975,6.3
07,29,1975,8.0
07,30,1975,5.8
07,31,1975,5.6
08,01,1975,4.6
08,02,1975,3.9
08,03,1975,5.7
08,04,1975,6.1
08,05,1975,5.5
08,06,1975,4.6
08,07,1975,2.2
08,08,1975,5.2
08,09,1975,6.3
08,10,1975,5.3
08,11,1975,6.6
08,12,1975,6.2
08,13,1975,5.2
08,14,1975,4.8
08,15,1975,4.5
08,16,1975,4.5
08,17,1975,3.4
08,18,1975,4.7
08,19,1975,5.2
08,20,1975,5.0
08,21,1975,5.2
08,22,1975,5.1
08,23,1975,4.3
08,24,1975,4.2
08,25,1975,5.7
08,26,1975,4.3
08,27,1975,2.8
08,28,1975,3.2
08,29,1975,5.3
08,30,1975,3.3
08,31,1975,6.4
09,01,1975,5.2
09,02,1975,2.7
09,03,1975,3.4
09,04,1975,2.3
09,05,1975,4.6
09,06,1975,4.6
09,07,1975,4.6
09,08,1975,5.4
09,09,1975,5.8
09,10,1975,5.9
09,11,1975,3.0
09,12,1975,4.0
09,13,1975,2.8
09,14,1975,2.8
09,15,1975,5.7
09,16,1975,5.9
09,17,1975,4.1
09,18,1975,4.2
09,19,1975,3.3
09,20,1975,3.6
09,21,1975,5.5
09,22,1975,7.2
09,23,1975,4.3
09,24,1975,5.5
09,25,1975,5.7
09,26,1975,6.0
09,27,1975,4.7
09,28,1975,6.2
09,29,1975,5.3
09,30,1975,4.7
10,01,1975,7.3
10,02,1975,5.4
10,03,1975,5.9
10,04,1975,5.6
10,05,1975,5.3
10,06,1975,5.9
10,07,1975,5.4
10,08,1975,6.4
10,09,1975,6.6
10,10,1975,4.9
10,11,1975,5.6
10,12,1975,5.3
10,13,1975,6.3
10,14,1975,5.4
10,15,1975,7.3
10,16,1975,5.4
10,17,1975,6.6
10,18,1975,4.4
10,19,1975,5.5
10,20,1975,5.0
10,21,1975,4.7
10,22,1975,5.5
10,23,1975,4.2
10,24,1975,2.0
10,25,1975,5.3
10,26,1975,6.0
10,27,1975,6.1
10,28,1975,6.1
10,29,1975,4.3
10,30,1975,4.9
10,31,1975,5.7
11,01,1975,4.2
11,02,1975,5.6
11,03,1975,6.6
11,04,1975,4.2
11,05,1975,4.7
11,06,1975,6.2
11,07,1975,4.8
11,08,1975,5.8
11,09,1975,5.4
11,10,1975,5.9
11,11,1975,4.3
11,12,1975,3.7
11,13,1975,3.8
11,14,1975,4.5
11,15,1975,4.2
11,16,1975,4.4
11,17,1975,3.8
11,18,1975,2.8
11,19,1975,3.3
11,20,1975,4.5
11,21,1975,4.2
11,22,1975,3.9
11,23,1975,4.6
11,24,1975,4.4
11,25,1975,2.3
11,26,1975,3.8
11,27,1975,4.7
11,28,1975,1.2
11,29,1975,2.3
11,30,1975,3.3
12,01,1975,3.7
12,02,1975,3.4
12,03,1975,3.0
12,04,1975,4.2
12,05,1975,5.4
12,06,1975,3.9
12,07,1975,3.7
12,08,1975,2.1
12,09,1975,3.3
12,10,1975,3.3
12,11,1975,3.0
12,12,1975,3.0
12,13,1975,4.0
12,14,1975,2.4
12,15,1975,2.0
12,16,1975,2.2
12,17,1975,2.0
12,18,1975,2.0
12,19,1975,3.2
12,20,1975,2.0
12,21,1975,3.4
12,22,1975,3.4
12,23,1975,5.1
12,24,1975,3.8
12,25,1975,3.3
12,26,1975,4.2
12,27,1975,2.0
12,28,1975,3.7
12,29,1975,4.5
12,30,1975,3.4
12,31,1975,3.8
01,01,1976,2.8
01,02,1976,4.6
01,03,1976,2.6
01,04,1976,2.8
01,05,1976,3.2
01,06,1976,4.2
01,07,1976,4.8
01,08,1976,3.3
01,09,1976,3.3
01,10,1976,2.6
01,11,1976,4.1
01,12,1976,5.0
01,13,1976,2.5
01,14,1976,3.2
01,15,1976,3.7
01,16,1976,4.8
01,17,1976,6.1
01,18,1976,3.1
01,19,1976,4.8
01,20,1976,2.5
01,21,1976,5.2
01,22,1976,5.2
01,23,1976,0.6
01,24,1976,3.7
01,25,1976,4.0
01,26,1976,4.2
01,27,1976,3.9
01,28,1976,2.6
01,29,1976,1.8
01,30,1976,3.7
01,31,1976,3.9
02,01,1976,6.6
02,02,1976,3.3
02,03,1976,5.1
02,04,1976,4.1
02,05,1976,3.8
02,06,1976,4.4
02,07,1976,5.9
02,08,1976,4.5
02,09,1976,1.9
02,10,1976,6.1
02,11,1976,5.6
02,12,1976,4.5
02,13,1976,5.2
02,14,1976,5.9
02,15,1976,3.3
02,16,1976,6.5
02,17,1976,4.9
02,18,1976,5.2
02,19,1976,3.8
02,20,1976,5.4
02,21,1976,5.7
02,22,1976,8.3
02,23,1976,8.2
02,24,1976,7.5
02,25,1976,6.2
02,26,1976,6.3
02,27,1976,4.0
02,28,1976,4.7
02,29,1976,6.2
03,01,1976,6.1
03,02,1976,6.9
03,03,1976,5.3
03,04,1976,6.7
03,05,1976,5.1
03,06,1976,4.8
03,07,1976,5.5
03,08,1976,5.1
03,09,1976,5.4
03,10,1976,5.2
03,11,1976,5.6
03,12,1976,6.8
03,13,1976,5.5
03,14,1976,6.5
03,15,1976,6.4
03,16,1976,7.4
03,17,1976,6.4
03,18,1976,8.0
03,19,1976,3.2
03,20,1976,7.0
03,21,1976,6.8
03,22,1976,7.9
03,23,1976,6.5
03,24,1976,7.7
03,25,1976,7.7
03,26,1976,4.8
03,27,1976,5.4
03,28,1976,1.5
03,29,1976,6.9
03,30,1976,7.9
03,31,1976,6.5
04,01,1976,6.2
04,02,1976,5.3
04,03,1976,5.1
04,04,1976,4.4
04,05,1976,7.3
04,06,1976,7.8
04,07,1976,8.8
04,08,1976,8.2
04,09,1976,7.3
04,10,1976,7.8
04,11,1976,6.8
04,12,1976,3.3
04,13,1976,7.5
04,14,1976,6.6
04,15,1976,5.7
04,16,1976,7.9
04,17,1976,7.4
04,18,1976,5.7
04,19,1976,6.6
04,20,1976,6.4
04,21,1976,9.2
04,22,1976,2.9
04,23,1976,3.2
04,24,1976,8.0
04,25,1976,8.0
04,26,1976,7.7
04,27,1976,7.8
04,28,1976,7.2
04,29,1976,7.7
04,30,1976,8.3
05,01,1976,8.9
05,02,1976,8.4
05,03,1976,8.4
05,04,1976,2.4
05,05,1976,7.8
05,06,1976,7.1
05,07,1976,7.8
05,08,1976,8.8
05,09,1976,8.0
05,10,1976,9.9
05,11,1976,9.0
05,12,1976,8.5
05,13,1976,12.7
05,14,1976,9.5
05,15,1976,9.0
05,16,1976,4.8
05,17,1976,8.4
05,18,1976,8.9
05,19,1976,8.7
05,20,1976,7.0
05,21,1976,7.3
05,22,1976,9.1
05,23,1976,9.9
05,24,1976,9.9
05,25,1976,6.4
05,26,1976,8.5
05,27,1976,11.9
05,28,1976,8.7
05,29,1976,9.3
05,30,1976,10.2
05,31,1976,11.2
06,01,1976,11.0
06,02,1976,10.6
06,03,1976,7.9
06,04,1976,10.2
06,05,1976,9.4
06,06,1976,9.5
06,07,1976,11.8
06,08,1976,9.3
06,09,1976,11.7
06,10,1976,8.3
06,11,1976,8.2
06,12,1976,8.1
06,13,1976,6.5
06,14,1976,7.7
06,15,1976,4.5
06,16,1976,5.8
06,17,1976,3.6
06,18,1976,6.2
06,19,1976,7.3
06,20,1976,6.9
06,21,1976,3.5
06,22,1976,6.8
06,23,1976,5.8
06,24,1976,7.0
06,25,1976,8.3
06,26,1976,8.9
06,27,1976,6.5
06,28,1976,7.7
06,29,1976,4.2
06,30,1976,3.5
07,01,1976,6.4
07,02,1976,4.7
07,03,1976,8.5
07,04,1976,4.7
07,05,1976,6.7
07,06,1976,8.0
07,07,1976,6.6
07,08,1976,4.2
07,09,1976,7.7
07,10,1976,7.1
07,11,1976,7.2
07,12,1976,8.3
07,13,1976,7.4
07,14,1976,3.2
07,15,1976,4.4
07,16,1976,7.4
07,17,1976,5.3
07,18,1976,5.6
07,19,1976,5.1
07,20,1976,5.7
07,21,1976,5.3
07,22,1976,5.3
07,23,1976,7.9
07,24,1976,7.4
07,25,1976,6.5
07,26,1976,5.5
07,27,1976,7.5
07,28,1976,5.9
07,29,1976,7.7
07,30,1976,9.5
07,31,1976,5.8
08,01,1976,6.5
08,02,1976,7.3
08,03,1976,4.3
08,04,1976,1.2
08,05,1976,3.6
08,06,1976,9.8
08,07,1976,7.2
08,08,1976,6.4
08,09,1976,4.1
08,10,1976,6.4
08,11,1976,5.5
08,12,1976,6.3
08,13,1976,8.3
08,14,1976,5.6
08,15,1976,8.0
08,16,1976,5.4
08,17,1976,7.4
08,18,1976,8.6
08,19,1976,3.6
08,20,1976,5.1
08,21,1976,4.4
08,22,1976,5.4
08,23,1976,7.9
08,24,1976,3.1
08,25,1976,7.7
08,26,1976,4.6
08,27,1976,7.0
08,28,1976,5.5
08,29,1976,4.5
08,30,1976,2.4
08,31,1976,6.4
09,01,1976,5.7
09,02,1976,3.7
09,03,1976,6.9
09,04,1976,7.4
09,05,1976,3.0
09,06,1976,4.2
09,07,1976,5.5
09,08,1976,6.3
09,09,1976,5.6
09,10,1976,5.7
09,11,1976,6.9
09,12,1976,5.5
09,13,1976,7.2
09,14,1976,7.6
09,15,1976,7.0
09,16,1976,8.2
09,17,1976,3.6
09,18,1976,5.0
09,19,1976,2.3
09,20,1976,5.4
09,21,1976,2.7
09,22,1976,4.6
09,23,1976,2.9
09,24,1976,4.7
09,25,1976,4.8
09,26,1976,1.9
09,27,1976,9.2
09,28,1976,3.7
09,29,1976,3.6
09,30,1976,5.2
10,01,1976,2.2
10,02,1976,3.7
10,03,1976,6.1
10,04,1976,4.4
10,05,1976,5.4
10,06,1976,5.5
10,07,1976,5.6
10,08,1976,7.0
10,09,1976,6.9
10,10,1976,4.8
10,11,1976,5.2
10,12,1976,5.4
10,13,1976,6.0
10,14,1976,3.5
10,15,1976,6.4
10,16,1976,6.3
10,17,1976,5.6
10,18,1976,5.5
10,19,1976,4.7
10,20,1976,5.4
10,21,1976,5.2
10,22,1976,5.6
10,23,1976,2.8
10,24,1976,2.1
10,25,1976,5.5
10,26,1976,4.1
10,27,1976,1.3
10,28,1976,2.1
10,29,1976,1.8
10,30,1976,8.1
10,31,1976,5.1
11,01,1976,3.7
11,02,1976,4.2
11,03,1976,4.4
11,04,1976,6.4
11,05,1976,4.9
11,06,1976,5.3
11,07,1976,5.0
11,08,1976,5.2
11,09,1976,3.8
11,10,1976,3.8
11,11,1976,3.1
11,12,1976,3.7
11,13,1976,4.4
11,14,1976,4.4
11,15,1976,4.3
11,16,1976,1.3
11,17,1976,2.5
11,18,1976,1.6
11,19,1976,2.8
11,20,1976,2.3
11,21,1976,3.4
11,22,1976,3.3
11,23,1976,3.3
11,24,1976,1.4
11,25,1976,1.7
11,26,1976,2.5
11,27,1976,2.8
11,28,1976,4.7
11,29,1976,3.4
11,30,1976,2.5
12,01,1976,null
12,02,1976,null
12,03,1976,null
12,04,1976,null
12,05,1976,null
12,06,1976,null
12,07,1976,null
12,08,1976,null
12,09,1976,null
12,10,1976,null
12,11,1976,null
12,12,1976,null
12,13,1976,null
12,14,1976,null
12,15,1976,null
12,16,1976,null
12,17,1976,null
12,18,1976,null
12,19,1976,null
12,20,1976,null
12,21,1976,null
12,22,1976,null
12,23,1976,null
12,24,1976,null
12,25,1976,null
12,26,1976,null
12,27,1976,null
12,28,1976,null
12,29,1976,null
12,30,1976,null
12,31,1976,null
01,01,1977,1.9
01,02,1977,1.9
01,03,1977,3.9
01,04,1977,3.0
01,05,1977,2.6
01,06,1977,1.6
01,07,1977,2.7
01,08,1977,3.1
01,09,1977,3.8
01,10,1977,1.0
01,11,1977,2.8
01,12,1977,3.6
01,13,1977,4.4
01,14,1977,4.3
01,15,1977,3.5
01,16,1977,3.2
01,17,1977,3.8
01,18,1977,2.6
01,19,1977,2.7
01,20,1977,3.1
01,21,1977,1.1
01,22,1977,5.2
01,23,1977,3.0
01,24,1977,3.5
01,25,1977,2.5
01,26,1977,4.2
01,27,1977,3.9
01,28,1977,3.0
01,29,1977,3.3
01,30,1977,3.7
01,31,1977,3.6
02,01,1977,4.5
02,02,1977,3.8
02,03,1977,5.9
02,04,1977,4.2
02,05,1977,4.2
02,06,1977,4.1
02,07,1977,4.4
02,08,1977,3.2
02,09,1977,6.5
02,10,1977,4.9
02,11,1977,4.8
02,12,1977,4.8
02,13,1977,6.6
02,14,1977,5.2
02,15,1977,4.9
02,16,1977,6.2
02,17,1977,5.2
02,18,1977,5.1
02,19,1977,5.2
02,20,1977,5.3
02,21,1977,4.8
02,22,1977,5.6
02,23,1977,5.6
02,24,1977,6.3
02,25,1977,5.6
02,26,1977,5.7
02,27,1977,7.2
02,28,1977,6.2
03,01,1977,4.4
03,02,1977,4.9
03,03,1977,5.7
03,04,1977,6.0
03,05,1977,5.9
03,06,1977,5.7
03,07,1977,7.2
03,08,1977,5.7
03,09,1977,6.4
03,10,1977,7.2
03,11,1977,8.1
03,12,1977,5.6
03,13,1977,6.9
03,14,1977,5.4
03,15,1977,6.1
03,16,1977,6.3
03,17,1977,7.5
03,18,1977,7.0
03,19,1977,7.3
03,20,1977,6.9
03,21,1977,7.4
03,22,1977,6.6
03,23,1977,6.6
03,24,1977,7.3
03,25,1977,4.6
03,26,1977,2.3
03,27,1977,5.3
03,28,1977,6.7
03,29,1977,7.6
03,30,1977,6.0
03,31,1977,6.5
04,01,1977,5.0
04,02,1977,4.5
04,03,1977,6.9
04,04,1977,7.1
04,05,1977,9.0
04,06,1977,7.5
04,07,1977,7.5
04,08,1977,9.1
04,09,1977,7.8
04,10,1977,6.8
04,11,1977,8.8
04,12,1977,8.4
04,13,1977,7.9
04,14,1977,7.6
04,15,1977,7.3
04,16,1977,8.2
04,17,1977,7.3
04,18,1977,4.1
04,19,1977,9.1
04,20,1977,8.6
04,21,1977,8.8
04,22,1977,9.1
04,23,1977,7.6
04,24,1977,9.0
04,25,1977,9.5
04,26,1977,8.9
04,27,1977,9.4
04,28,1977,9.2
04,29,1977,8.5
04,30,1977,8.7
05,01,1977,7.7
05,02,1977,7.7
05,03,1977,7.6
05,04,1977,6.5
05,05,1977,8.7
05,06,1977,8.8
05,07,1977,5.5
05,08,1977,8.5
05,09,1977,9.2
05,10,1977,6.9
05,11,1977,8.0
05,12,1977,2.7
05,13,1977,9.2
05,14,1977,9.4
05,15,1977,6.9
05,16,1977,9.1
05,17,1977,10.7
05,18,1977,9.1
05,19,1977,10.9
05,20,1977,8.9
05,21,1977,7.6
05,22,1977,9.1
05,23,1977,9.3
05,24,1977,9.8
05,25,1977,9.8
05,26,1977,9.8
05,27,1977,8.4
05,28,1977,8.6
05,29,1977,6.3
05,30,1977,8.1
05,31,1977,9.0
06,01,1977,10.0
06,02,1977,8.4
06,03,1977,9.2
06,04,1977,9.4
06,05,1977,9.1
06,06,1977,9.4
06,07,1977,9.3
06,08,1977,10.1
06,09,1977,9.8
06,10,1977,10.0
06,11,1977,9.7
06,12,1977,8.0
06,13,1977,10.8
06,14,1977,9.3
06,15,1977,10.3
06,16,1977,10.3
06,17,1977,9.3
06,18,1977,10.3
06,19,1977,9.3
06,20,1977,9.9
06,21,1977,9.7
06,22,1977,9.7
06,23,1977,10.7
06,24,1977,9.8
06,25,1977,5.2
06,26,1977,8.2
06,27,1977,5.8
06,28,1977,10.6
06,29,1977,7.2
06,30,1977,8.8
07,01,1977,6.7
07,02,1977,7.8
07,03,1977,8.7
07,04,1977,11.6
07,05,1977,9.2
07,06,1977,6.9
07,07,1977,5.1
07,08,1977,6.3
07,09,1977,6.5
07,10,1977,9.6
07,11,1977,9.9
07,12,1977,6.5
07,13,1977,6.6
07,14,1977,8.6
07,15,1977,5.6
07,16,1977,5.9
07,17,1977,8.4
07,18,1977,8.2
07,19,1977,7.7
07,20,1977,5.5
07,21,1977,10.4
07,22,1977,4.5
07,23,1977,12.0
07,24,1977,6.8
07,25,1977,5.5
07,26,1977,7.6
07,27,1977,11.1
07,28,1977,5.9
07,29,1977,6.4
07,30,1977,8.6
07,31,1977,8.1
08,01,1977,5.1
08,02,1977,5.0
08,03,1977,6.6
08,04,1977,6.2
08,05,1977,9.1
08,06,1977,8.0
08,07,1977,3.7
08,08,1977,6.9
08,09,1977,7.7
08,10,1977,4.3
08,11,1977,7.0
08,12,1977,5.7
08,13,1977,5.9
08,14,1977,5.5
08,15,1977,4.0
08,16,1977,5.7
08,17,1977,6.2
08,18,1977,6.8
08,19,1977,6.7
08,20,1977,5.8
08,21,1977,6.6
08,22,1977,4.8
08,23,1977,3.9
08,24,1977,5.6
08,25,1977,4.4
08,26,1977,5.3
08,27,1977,4.0
08,28,1977,11.1
08,29,1977,3.4
08,30,1977,6.1
08,31,1977,4.7
09,01,1977,5.9
09,02,1977,6.0
09,03,1977,8.3
09,04,1977,5.2
09,05,1977,5.5
09,06,1977,6.4
09,07,1977,5.5
09,08,1977,6.6
09,09,1977,5.0
09,10,1977,4.6
09,11,1977,5.5
09,12,1977,5.3
09,13,1977,5.1
09,14,1977,5.0
09,15,1977,7.3
09,16,1977,5.4
09,17,1977,6.0
09,18,1977,7.1
09,19,1977,4.6
09,20,1977,4.9
09,21,1977,6.7
09,22,1977,5.1
09,23,1977,5.4
09,24,1977,5.4
09,25,1977,5.2
09,26,1977,4.8
09,27,1977,4.3
09,28,1977,7.2
09,29,1977,4.0
09,30,1977,5.3
10,01,1977,4.6
10,02,1977,11.9
10,03,1977,3.2
10,04,1977,5.2
10,05,1977,5.7
10,06,1977,5.3
10,07,1977,2.1
10,08,1977,6.8
10,09,1977,5.6
10,10,1977,5.8
10,11,1977,3.0
10,12,1977,7.5
10,13,1977,4.6
10,14,1977,5.6
10,15,1977,5.3
10,16,1977,4.8
10,17,1977,5.3
10,18,1977,5.6
10,19,1977,7.8
10,20,1977,3.5
10,21,1977,5.6
10,22,1977,4.8
10,23,1977,4.4
10,24,1977,6.4
10,25,1977,5.0
10,26,1977,4.2
10,27,1977,2.5
10,28,1977,4.3
10,29,1977,4.4
10,30,1977,4.2
10,31,1977,2.2
11,01,1977,4.1
11,02,1977,4.7
11,03,1977,5.0
11,04,1977,4.9
11,05,1977,4.3
11,06,1977,5.1
11,07,1977,3.6
11,08,1977,4.2
11,09,1977,4.6
11,10,1977,4.6
11,11,1977,4.9
11,12,1977,5.5
11,13,1977,3.9
11,14,1977,6.6
11,15,1977,3.1
11,16,1977,3.0
11,17,1977,4.3
11,18,1977,4.1
11,19,1977,4.2
11,20,1977,3.9
11,21,1977,3.9
11,22,1977,6.6
11,23,1977,2.3
11,24,1977,4.7
11,25,1977,4.4
11,26,1977,3.2
11,27,1977,2.9
11,28,1977,3.2
11,29,1977,4.0
11,30,1977,3.7
12,01,1977,4.7
12,02,1977,3.4
12,03,1977,4.1
12,04,1977,4.4
12,05,1977,4.3
12,06,1977,3.9
12,07,1977,3.5
12,08,1977,3.8
12,09,1977,3.2
12,10,1977,4.4
12,11,1977,4.6
12,12,1977,3.5
12,13,1977,3.7
12,14,1977,3.3
12,15,1977,3.3
12,16,1977,3.3
12,17,1977,4.6
12,18,1977,4.1
12,19,1977,4.9
12,20,1977,4.3
12,21,1977,6.6
12,22,1977,5.0
12,23,1977,5.2
12,24,1977,4.9
12,25,1977,4.8
12,26,1977,4.2
12,27,1977,3.7
12,28,1977,3.8
12,29,1977,3.1
12,30,1977,4.5
12,31,1977,3.3
01,01,1978,3.5
01,02,1978,3.2
01,03,1978,5.1
01,04,1978,2.7
01,05,1978,4.5
01,06,1978,2.0
01,07,1978,4.3
01,08,1978,5.0
01,09,1978,4.1
01,10,1978,2.9
01,11,1978,3.8
01,12,1978,4.0
01,13,1978,4.7
01,14,1978,2.3
01,15,1978,1.9
01,16,1978,4.3
01,17,1978,3.2
01,18,1978,4.3
01,19,1978,4.0
01,20,1978,4.0
01,21,1978,4.4
01,22,1978,4.2
01,23,1978,2.7
01,24,1978,3.6
01,25,1978,6.7
01,26,1978,4.3
01,27,1978,5.0
01,28,1978,4.5
01,29,1978,5.1
01,30,1978,4.7
01,31,1978,3.2
02,01,1978,3.1
02,02,1978,5.2
02,03,1978,5.6
02,04,1978,5.8
02,05,1978,5.5
02,06,1978,3.1
02,07,1978,5.2
02,08,1978,5.1
02,09,1978,6.0
02,10,1978,4.3
02,11,1978,1.9
02,12,1978,4.0
02,13,1978,4.2
02,14,1978,4.8
02,15,1978,4.6
02,16,1978,5.7
02,17,1978,4.7
02,18,1978,4.3
02,19,1978,4.5
02,20,1978,4.1
02,21,1978,4.8
02,22,1978,5.6
02,23,1978,6.3
02,24,1978,6.6
02,25,1978,7.2
02,26,1978,4.3
02,27,1978,2.9
02,28,1978,6.3
03,01,1978,5.7
03,02,1978,6.3
03,03,1978,5.5
03,04,1978,6.5
03,05,1978,5.5
03,06,1978,5.5
03,07,1978,6.5
03,08,1978,7.1
03,09,1978,7.4
03,10,1978,6.1
03,11,1978,6.0
03,12,1978,4.8
03,13,1978,5.8
03,14,1978,6.6
03,15,1978,5.7
03,16,1978,2.2
03,17,1978,8.4
03,18,1978,9.5
03,19,1978,8.3
03,20,1978,7.0
03,21,1978,8.0
03,22,1978,9.9
03,23,1978,7.7
03,24,1978,7.1
03,25,1978,4.6
03,26,1978,7.4
03,27,1978,7.3
03,28,1978,6.6
03,29,1978,6.9
03,30,1978,7.2
03,31,1978,6.7
04,01,1978,7.1
04,02,1978,8.0
04,03,1978,7.4
04,04,1978,5.9
04,05,1978,4.2
04,06,1978,7.7
04,07,1978,7.9
04,08,1978,5.8
04,09,1978,5.6
04,10,1978,8.2
04,11,1978,7.0
04,12,1978,9.0
04,13,1978,5.0
04,14,1978,8.3
04,15,1978,8.5
04,16,1978,9.4
04,17,1978,10.4
04,18,1978,8.1
04,19,1978,8.9
04,20,1978,10.0
04,21,1978,9.3
04,22,1978,10.0
04,23,1978,9.0
04,24,1978,10.1
04,25,1978,8.6
04,26,1978,10.1
04,27,1978,8.7
04,28,1978,7.9
04,29,1978,9.6
04,30,1978,9.0
05,01,1978,7.5
05,02,1978,8.3
05,03,1978,8.3
05,04,1978,8.4
05,05,1978,5.9
05,06,1978,7.6
05,07,1978,7.9
05,08,1978,8.2
05,09,1978,9.0
05,10,1978,9.1
05,11,1978,9.5
05,12,1978,9.9
05,13,1978,7.8
05,14,1978,8.7
05,15,1978,9.4
05,16,1978,9.6
05,17,1978,9.0
05,18,1978,5.3
05,19,1978,9.1
05,20,1978,10.1
05,21,1978,12.1
05,22,1978,9.5
05,23,1978,9.8
05,24,1978,9.1
05,25,1978,9.3
05,26,1978,10.0
05,27,1978,12.5
05,28,1978,11.0
05,29,1978,9.3
05,30,1978,9.0
05,31,1978,9.0
06,01,1978,8.1
06,02,1978,7.6
06,03,1978,8.5
06,04,1978,8.8
06,05,1978,9.3
06,06,1978,10.0
06,07,1978,9.7
06,08,1978,9.9
06,09,1978,9.6
06,10,1978,9.9
06,11,1978,10.3
06,12,1978,10.0
06,13,1978,10.5
06,14,1978,9.1
06,15,1978,10.8
06,16,1978,10.8
06,17,1978,null
06,18,1978,8.6
06,19,1978,10.2
06,20,1978,10.3
06,21,1978,8.6
06,22,1978,9.8
06,23,1978,11.6
06,24,1978,11.2
06,25,1978,8.6
06,26,1978,8.5
06,27,1978,10.1
06,28,1978,10.7
06,29,1978,10.4
06,30,1978,12.1
07,01,1978,9.6
07,02,1978,8.6
07,03,1978,8.8
07,04,1978,6.1
07,05,1978,9.6
07,06,1978,6.3
07,07,1978,7.8
07,08,1978,9.1
07,09,1978,8.0
07,10,1978,9.6
07,11,1978,11.2
07,12,1978,9.6
07,13,1978,7.2
07,14,1978,10.3
07,15,1978,8.2
07,16,1978,8.6
07,17,1978,7.0
07,18,1978,9.9
07,19,1978,11.4
07,20,1978,5.2
07,21,1978,7.4
07,22,1978,10.5
07,23,1978,7.1
07,24,1978,6.7
07,25,1978,5.1
07,26,1978,7.5
07,27,1978,7.3
07,28,1978,7.8
07,29,1978,1.7
07,30,1978,6.4
07,31,1978,7.6
08,01,1978,4.9
08,02,1978,7.5
08,03,1978,5.8
08,04,1978,7.6
08,05,1978,7.7
08,06,1978,6.7
08,07,1978,6.9
08,08,1978,6.4
08,09,1978,6.5
08,10,1978,4.3
08,11,1978,5.4
08,12,1978,4.9
08,13,1978,4.8
08,14,1978,6.0
08,15,1978,4.4
08,16,1978,6.8
08,17,1978,7.1
08,18,1978,5.6
08,19,1978,5.3
08,20,1978,5.8
08,21,1978,6.5
08,22,1978,5.9
08,23,1978,3.4
08,24,1978,7.3
08,25,1978,7.2
08,26,1978,4.4
08,27,1978,6.1
08,28,1978,8.1
08,29,1978,6.2
08,30,1978,4.6
08,31,1978,6.4
09,01,1978,3.6
09,02,1978,6.0
09,03,1978,4.4
09,04,1978,5.2
09,05,1978,4.4
09,06,1978,3.4
09,07,1978,2.5
09,08,1978,6.3
09,09,1978,5.1
09,10,1978,2.0
09,11,1978,3.9
09,12,1978,8.3
09,13,1978,2.6
09,14,1978,5.9
09,15,1978,5.3
09,16,1978,5.7
09,17,1978,7.5
09,18,1978,2.8
09,19,1978,4.3
09,20,1978,5.4
09,21,1978,5.9
09,22,1978,6.8
09,23,1978,7.6
09,24,1978,6.2
09,25,1978,2.6
09,26,1978,1.9
09,27,1978,2.3
09,28,1978,5.6
09,29,1978,4.1
09,30,1978,5.9
10,01,1978,5.7
10,02,1978,5.4
10,03,1978,6.4
10,04,1978,2.9
10,05,1978,1.7
10,06,1978,3.5
10,07,1978,4.4
10,08,1978,4.3
10,09,1978,6.5
10,10,1978,4.4
10,11,1978,4.1
10,12,1978,7.6
10,13,1978,5.1
10,14,1978,4.8
10,15,1978,7.0
10,16,1978,6.1
10,17,1978,5.4
10,18,1978,5.0
10,19,1978,2.3
10,20,1978,1.7
10,21,1978,2.4
10,22,1978,3.1
10,23,1978,3.9
10,24,1978,2.8
10,25,1978,5.3
10,26,1978,4.7
10,27,1978,4.3
10,28,1978,5.1
10,29,1978,3.1
10,30,1978,2.3
10,31,1978,5.1
11,01,1978,5.1
11,02,1978,4.0
11,03,1978,5.7
11,04,1978,5.5
11,05,1978,4.4
11,06,1978,4.0
11,07,1978,5.0
11,08,1978,4.6
11,09,1978,4.2
11,10,1978,4.4
11,11,1978,4.4
11,12,1978,4.7
11,13,1978,4.5
11,14,1978,4.7
11,15,1978,4.6
11,16,1978,4.6
11,17,1978,3.7
11,18,1978,3.6
11,19,1978,4.1
11,20,1978,4.4
11,21,1978,4.8
11,22,1978,3.7
11,23,1978,4.4
11,24,1978,2.4
11,25,1978,3.9
11,26,1978,2.1
11,27,1978,3.6
11,28,1978,2.4
11,29,1978,3.5
11,30,1978,4.2
12,01,1978,4.3
12,02,1978,3.2
12,03,1978,3.5
12,04,1978,3.8
12,05,1978,3.0
12,06,1978,3.5
12,07,1978,4.1
12,08,1978,4.9
12,09,1978,3.6
12,10,1978,2.9
12,11,1978,2.5
12,12,1978,4.0
12,13,1978,5.2
12,14,1978,4.2
12,15,1978,3.5
12,16,1978,3.1
12,17,1978,3.3
12,18,1978,3.3
12,19,1978,1.9
12,20,1978,5.3
12,21,1978,4.2
12,22,1978,3.4
12,23,1978,2.3
12,24,1978,2.7
12,25,1978,1.8
12,26,1978,3.1
12,27,1978,4.1
12,28,1978,2.7
12,29,1978,3.3
12,30,1978,1.1
12,31,1978,2.8
01,01,1979,4.2
01,02,1979,2.1
01,03,1979,2.3
01,04,1979,3.4
01,05,1979,3.0
01,06,1979,3.5
01,07,1979,3.8
01,08,1979,3.5
01,09,1979,1.8
01,10,1979,3.4
01,11,1979,3.5
01,12,1979,3.2
01,13,1979,3.3
01,14,1979,2.5
01,15,1979,2.6
01,16,1979,3.3
01,17,1979,2.0
01,18,1979,4.4
01,19,1979,3.3
01,20,1979,3.1
01,21,1979,3.8
01,22,1979,1.2
01,23,1979,1.8
01,24,1979,3.1
01,25,1979,1.4
01,26,1979,1.5
01,27,1979,0.8
01,28,1979,0.6
01,29,1979,2.8
01,30,1979,3.0
01,31,1979,2.8
02,01,1979,1.4
02,02,1979,0.7
02,03,1979,0.1
02,04,1979,0.6
02,05,1979,0.9
02,06,1979,3.9
02,07,1979,3.2
02,08,1979,2.2
02,09,1979,5.1
02,10,1979,4.4
02,11,1979,3.6
02,12,1979,5.3
02,13,1979,4.6
02,14,1979,4.4
02,15,1979,5.3
02,16,1979,4.0
02,17,1979,3.7
02,18,1979,4.5
02,19,1979,5.1
02,20,1979,5.3
02,21,1979,3.8
02,22,1979,4.9
02,23,1979,5.4
02,24,1979,6.4
02,25,1979,5.4
02,26,1979,3.8
02,27,1979,4.9
02,28,1979,4.4
03,01,1979,3.4
03,02,1979,4.7
03,03,1979,4.2
03,04,1979,4.8
03,05,1979,3.4
03,06,1979,7.3
03,07,1979,4.1
03,08,1979,5.1
03,09,1979,3.7
03,10,1979,6.0
03,11,1979,7.3
03,12,1979,7.1
03,13,1979,4.2
03,14,1979,9.8
03,15,1979,5.2
03,16,1979,6.5
03,17,1979,6.6
03,18,1979,6.5
03,19,1979,6.9
03,20,1979,5.0
03,21,1979,6.1
03,22,1979,6.6
03,23,1979,7.1
03,24,1979,8.1
03,25,1979,6.0
03,26,1979,6.4
03,27,1979,5.1
03,28,1979,7.9
03,29,1979,6.2
03,30,1979,7.4
03,31,1979,7.5
04,01,1979,7.1
04,02,1979,5.0
04,03,1979,7.5
04,04,1979,6.4
04,05,1979,7.3
04,06,1979,4.7
04,07,1979,5.9
04,08,1979,7.2
04,09,1979,8.2
04,10,1979,7.9
04,11,1979,7.2
04,12,1979,7.2
04,13,1979,7.4
04,14,1979,8.1
04,15,1979,6.0
04,16,1979,7.9
04,17,1979,7.4
04,18,1979,3.1
04,19,1979,5.2
04,20,1979,6.2
04,21,1979,5.9
04,22,1979,5.2
04,23,1979,7.6
04,24,1979,6.3
04,25,1979,5.0
04,26,1979,8.5
04,27,1979,8.1
04,28,1979,9.1
04,29,1979,9.1
04,30,1979,5.0
05,01,1979,6.8
05,02,1979,6.7
05,03,1979,7.6
05,04,1979,9.2
05,05,1979,10.3
05,06,1979,8.1
05,07,1979,9.0
05,08,1979,8.1
05,09,1979,7.6
05,10,1979,null
05,11,1979,9.8
05,12,1979,9.0
05,13,1979,8.4
05,14,1979,8.4
05,15,1979,7.7
05,16,1979,1.8
05,17,1979,2.0
05,18,1979,7.0
05,19,1979,5.4
05,20,1979,8.3
05,21,1979,9.5
05,22,1979,8.8
05,23,1979,9.4
05,24,1979,9.5
05,25,1979,8.5
05,26,1979,7.8
05,27,1979,8.6
05,28,1979,8.4
05,29,1979,9.1
05,30,1979,9.7
05,31,1979,8.5
06,01,1979,6.9
06,02,1979,8.5
06,03,1979,8.0
06,04,1979,8.2
06,05,1979,5.7
06,06,1979,5.4
06,07,1979,5.5
06,08,1979,7.4
06,09,1979,9.3
06,10,1979,10.3
06,11,1979,7.1
06,12,1979,9.6
06,13,1979,9.6
06,14,1979,8.9
06,15,1979,9.1
06,16,1979,10.5
06,17,1979,10.4
06,18,1979,9.5
06,19,1979,9.1
06,20,1979,11.0
06,21,1979,9.9
06,22,1979,10.1
06,23,1979,11.1
06,24,1979,7.5
06,25,1979,9.1
06,26,1979,11.1
06,27,1979,10.8
06,28,1979,10.4
06,29,1979,11.9
06,30,1979,9.5
07,01,1979,10.9
07,02,1979,10.3
07,03,1979,9.6
07,04,1979,10.1
07,05,1979,9.8
07,06,1979,10.6
07,07,1979,9.7
07,08,1979,10.7
07,09,1979,9.6
07,10,1979,10.1
07,11,1979,11.0
07,12,1979,9.9
07,13,1979,7.5
07,14,1979,9.9
07,15,1979,7.5
07,16,1979,9.4
07,17,1979,12.9
07,18,1979,1.9
07,19,1979,17.9
07,20,1979,1.4
07,21,1979,4.1
07,22,1979,12.3
07,23,1979,8.0
07,24,1979,7.7
07,25,1979,5.7
07,26,1979,4.7
07,27,1979,4.8
07,28,1979,6.6
07,29,1979,6.7
07,30,1979,7.5
07,31,1979,9.1
08,01,1979,9.1
08,02,1979,12.8
08,03,1979,2.9
08,04,1979,1.3
08,05,1979,12.6
08,06,1979,12.9
08,07,1979,9.1
08,08,1979,5.7
08,09,1979,7.7
08,10,1979,6.0
08,11,1979,8.2
08,12,1979,8.4
08,13,1979,7.8
08,14,1979,1.2
08,15,1979,5.9
08,16,1979,8.0
08,17,1979,7.5
08,18,1979,9.1
08,19,1979,8.5
08,20,1979,8.1
08,21,1979,8.5
08,22,1979,6.5
08,23,1979,6.5
08,24,1979,7.9
08,25,1979,7.8
08,26,1979,8.3
08,27,1979,9.0
08,28,1979,2.3
08,29,1979,6.1
08,30,1979,6.5
08,31,1979,6.2
09,01,1979,6.0
09,02,1979,3.7
09,03,1979,3.1
09,04,1979,6.7
09,05,1979,4.1
09,06,1979,6.1
09,07,1979,9.1
09,08,1979,9.1
09,09,1979,7.4
09,10,1979,8.5
09,11,1979,3.9
09,12,1979,4.2
09,13,1979,1.1
09,14,1979,4.7
09,15,1979,2.0
09,16,1979,3.5
09,17,1979,5.1
09,18,1979,5.2
09,19,1979,5.9
09,20,1979,5.0
09,21,1979,5.3
09,22,1979,4.9
09,23,1979,12.5
09,24,1979,4.7
09,25,1979,6.0
09,26,1979,6.4
09,27,1979,5.6
09,28,1979,5.4
09,29,1979,5.9
09,30,1979,5.5
10,01,1979,4.2
10,02,1979,5.1
10,03,1979,5.7
10,04,1979,5.6
10,05,1979,5.6
10,06,1979,null
10,07,1979,5.9
10,08,1979,4.5
10,09,1979,5.1
10,10,1979,5.9
10,11,1979,5.1
10,12,1979,5.2
10,13,1979,5.2
10,14,1979,5.2
10,15,1979,6.8
10,16,1979,6.1
10,17,1979,4.2
10,18,1979,5.9
10,19,1979,6.9
10,20,1979,5.9
10,21,1979,5.9
10,22,1979,6.4
10,23,1979,6.7
10,24,1979,4.1
10,25,1979,5.9
10,26,1979,4.7
10,27,1979,4.0
10,28,1979,7.0
10,29,1979,6.6
10,30,1979,4.3
10,31,1979,7.9
11,01,1979,4.1
11,02,1979,4.5
11,03,1979,4.3
11,04,1979,4.6
11,05,1979,7.9
11,06,1979,4.4
11,07,1979,4.8
11,08,1979,4.4
11,09,1979,4.9
11,10,1979,4.8
11,11,1979,4.9
11,12,1979,3.8
11,13,1979,5.0
11,14,1979,4.7
11,15,1979,4.9
11,16,1979,4.3
11,17,1979,5.0
11,18,1979,3.0
11,19,1979,3.9
11,20,1979,4.9
11,21,1979,7.6
11,22,1979,6.1
11,23,1979,4.0
11,24,1979,3.6
11,25,1979,5.9
11,26,1979,4.2
11,27,1979,3.7
11,28,1979,4.4
11,29,1979,3.3
11,30,1979,3.5
12,01,1979,3.2
12,02,1979,3.9
12,03,1979,4.9
12,04,1979,5.7
12,05,1979,4.2
12,06,1979,3.9
12,07,1979,3.5
12,08,1979,4.2
12,09,1979,4.1
12,10,1979,4.6
12,11,1979,3.5
12,12,1979,2.6
12,13,1979,4.4
12,14,1979,2.3
12,15,1979,2.5
12,16,1979,2.4
12,17,1979,3.9
12,18,1979,3.6
12,19,1979,2.8
12,20,1979,2.6
12,21,1979,2.1
12,22,1979,3.6
12,23,1979,4.3
12,24,1979,9.6
12,25,1979,3.7
12,26,1979,4.0
12,27,1979,2.8
12,28,1979,3.0
12,29,1979,3.5
12,30,1979,3.9
12,31,1979,3.2
01,01,1980,3.5
01,02,1980,2.5
01,03,1980,3.3
01,04,1980,3.8
01,05,1980,4.4
01,06,1980,5.8
01,07,1980,2.8
01,08,1980,4.0
01,09,1980,3.9
01,10,1980,4.9
01,11,1980,4.4
01,12,1980,4.0
01,13,1980,3.8
01,14,1980,2.9
01,15,1980,3.4
01,16,1980,3.0
01,17,1980,3.4
01,18,1980,3.5
01,19,1980,4.6
01,20,1980,3.5
01,21,1980,4.2
01,22,1980,4.9
01,23,1980,3.8
01,24,1980,1.9
01,25,1980,3.8
01,26,1980,3.9
01,27,1980,4.4
01,28,1980,4.7
01,29,1980,3.8
01,30,1980,3.8
01,31,1980,5.1
02,01,1980,4.3
02,02,1980,3.5
02,03,1980,5.4
02,04,1980,5.4
02,05,1980,4.9
02,06,1980,4.3
02,07,1980,4.8
02,08,1980,3.7
02,09,1980,2.7
02,10,1980,2.7
02,11,1980,1.5
02,12,1980,3.1
02,13,1980,5.5
02,14,1980,5.1
02,15,1980,5.0
02,16,1980,5.8
02,17,1980,5.8
02,18,1980,5.4
02,19,1980,5.8
02,20,1980,8.0
02,21,1980,6.9
02,22,1980,6.1
02,23,1980,6.4
02,24,1980,6.4
02,25,1980,7.7
02,26,1980,2.0
02,27,1980,4.6
02,28,1980,5.4
02,29,1980,7.0
03,01,1980,7.2
03,02,1980,2.5
03,03,1980,8.9
03,04,1980,6.7
03,05,1980,7.1
03,06,1980,4.0
03,07,1980,4.0
03,08,1980,4.5
03,09,1980,7.9
03,10,1980,5.6
03,11,1980,5.4
03,12,1980,7.7
03,13,1980,5.7
03,14,1980,5.7
03,15,1980,7.0
03,16,1980,4.8
03,17,1980,7.2
03,18,1980,3.8
03,19,1980,5.7
03,20,1980,8.5
03,21,1980,8.3
03,22,1980,8.6
03,23,1980,5.8
03,24,1980,6.1
03,25,1980,3.6
03,26,1980,4.1
03,27,1980,4.8
03,28,1980,7.1
03,29,1980,7.4
03,30,1980,7.4
03,31,1980,3.3
04,01,1980,7.2
04,02,1980,8.1
04,03,1980,7.8
04,04,1980,5.6
04,05,1980,6.7
04,06,1980,9.7
04,07,1980,10.3
04,08,1980,10.0
04,09,1980,8.8
04,10,1980,7.8
04,11,1980,8.1
04,12,1980,6.5
04,13,1980,9.6
04,14,1980,9.0
04,15,1980,7.0
04,16,1980,9.1
04,17,1980,8.5
04,18,1980,7.8
04,19,1980,8.5
04,20,1980,9.1
04,21,1980,11.0
04,22,1980,10.4
04,23,1980,10.8
04,24,1980,10.2
04,25,1980,9.5
04,26,1980,8.4
04,27,1980,5.9
04,28,1980,7.5
04,29,1980,3.6
04,30,1980,5.1
05,01,1980,8.9
05,02,1980,9.1
05,03,1980,9.4
05,04,1980,8.3
05,05,1980,8.5
05,06,1980,9.8
05,07,1980,10.5
05,08,1980,9.8
05,09,1980,10.6
05,10,1980,8.9
05,11,1980,9.9
05,12,1980,11.8
05,13,1980,9.6
05,14,1980,9.8
05,15,1980,8.8
05,16,1980,9.1
05,17,1980,9.9
05,18,1980,9.3
05,19,1980,4.3
05,20,1980,9.3
05,21,1980,9.1
05,22,1980,9.6
05,23,1980,9.3
05,24,1980,9.3
05,25,1980,11.3
05,26,1980,11.9
05,27,1980,11.6
05,28,1980,12.6
05,29,1980,12.8
05,30,1980,12.9
05,31,1980,13.2
06,01,1980,2.6
06,02,1980,10.2
06,03,1980,9.1
06,04,1980,10.8
06,05,1980,9.9
06,06,1980,10.5
06,07,1980,11.2
06,08,1980,12.6
06,09,1980,10.1
06,10,1980,11.8
06,11,1980,10.2
06,12,1980,10.3
06,13,1980,10.4
06,14,1980,10.3
06,15,1980,10.9
06,16,1980,10.7
06,17,1980,9.2
06,18,1980,11.0
06,19,1980,10.6
06,20,1980,9.2
06,21,1980,9.7
06,22,1980,8.3
06,23,1980,8.2
06,24,1980,10.5
06,25,1980,10.9
06,26,1980,9.7
06,27,1980,7.5
06,28,1980,9.9
06,29,1980,10.9
06,30,1980,11.4
07,01,1980,12.4
07,02,1980,12.4
07,03,1980,10.0
07,04,1980,9.6
07,05,1980,8.4
07,06,1980,10.9
07,07,1980,10.3
07,08,1980,6.9
07,09,1980,2.5
07,10,1980,9.0
07,11,1980,6.3
07,12,1980,10.1
07,13,1980,12.9
07,14,1980,9.9
07,15,1980,5.3
07,16,1980,7.4
07,17,1980,5.4
07,18,1980,8.2
07,19,1980,7.2
07,20,1980,8.6
07,21,1980,6.8
07,22,1980,7.3
07,23,1980,5.3
07,24,1980,5.1
07,25,1980,6.4
07,26,1980,7.7
07,27,1980,9.4
07,28,1980,7.8
07,29,1980,6.5
07,30,1980,5.8
07,31,1980,2.6
08,01,1980,6.8
08,02,1980,4.9
08,03,1980,4.8
08,04,1980,4.6
08,05,1980,7.2
08,06,1980,6.3
08,07,1980,6.3
08,08,1980,6.8
08,09,1980,3.9
08,10,1980,4.3
08,11,1980,3.6
08,12,1980,6.2
08,13,1980,5.5
08,14,1980,3.3
08,15,1980,4.4
08,16,1980,4.7
08,17,1980,4.0
08,18,1980,2.6
08,19,1980,6.6
08,20,1980,6.1
08,21,1980,4.6
08,22,1980,4.3
08,23,1980,7.9
08,24,1980,6.4
08,25,1980,4.1
08,26,1980,3.9
08,27,1980,7.5
08,28,1980,5.6
08,29,1980,7.6
08,30,1980,7.1
08,31,1980,2.3
09,01,1980,3.4
09,02,1980,3.7
09,03,1980,5.7
09,04,1980,3.7
09,05,1980,6.8
09,06,1980,4.4
09,07,1980,2.8
09,08,1980,3.4
09,09,1980,6.1
09,10,1980,7.6
09,11,1980,7.4
09,12,1980,6.6
09,13,1980,5.6
09,14,1980,4.7
09,15,1980,6.3
09,16,1980,5.0
09,17,1980,5.4
09,18,1980,5.7
09,19,1980,3.8
09,20,1980,3.3
09,21,1980,1.1
09,22,1980,3.4
09,23,1980,4.6
09,24,1980,3.3
09,25,1980,3.9
09,26,1980,4.1
09,27,1980,2.7
09,28,1980,3.4
09,29,1980,4.2
09,30,1980,3.2
10,01,1980,3.1
10,02,1980,5.5
10,03,1980,5.9
10,04,1980,5.7
10,05,1980,5.9
10,06,1980,5.4
10,07,1980,2.2
10,08,1980,4.9
10,09,1980,5.8
10,10,1980,4.7
10,11,1980,4.6
10,12,1980,5.1
10,13,1980,4.8
10,14,1980,5.0
10,15,1980,5.9
10,16,1980,2.0
10,17,1980,1.9
10,18,1980,4.0
10,19,1980,3.7
10,20,1980,4.2
10,21,1980,6.6
10,22,1980,4.6
10,23,1980,5.9
10,24,1980,4.2
10,25,1980,3.0
10,26,1980,5.4
10,27,1980,3.6
10,28,1980,4.1
10,29,1980,5.6
10,30,1980,4.4
10,31,1980,3.6
11,01,1980,3.6
11,02,1980,5.5
11,03,1980,4.6
11,04,1980,8.6
11,05,1980,1.9
11,06,1980,2.8
11,07,1980,5.9
11,08,1980,3.4
11,09,1980,5.1
11,10,1980,2.7
11,11,1980,5.3
11,12,1980,4.4
11,13,1980,3.5
11,14,1980,3.7
11,15,1980,2.2
11,16,1980,2.6
11,17,1980,2.5
11,18,1980,3.8
11,19,1980,2.9
11,20,1980,3.0
11,21,1980,2.2
11,22,1980,3.5
11,23,1980,4.4
11,24,1980,4.1
11,25,1980,3.5
11,26,1980,5.0
11,27,1980,5.6
11,28,1980,3.4
11,29,1980,5.9
11,30,1980,3.8
12,01,1980,2.5
12,02,1980,4.0
12,03,1980,3.8
12,04,1980,4.1
12,05,1980,4.7
12,06,1980,2.1
12,07,1980,1.2
12,08,1980,1.8
12,09,1980,2.5
12,10,1980,4.4
12,11,1980,2.4
12,12,1980,2.5
12,13,1980,4.5
12,14,1980,6.6
12,15,1980,2.4
12,16,1980,3.6
12,17,1980,3.8
12,18,1980,3.7
12,19,1980,3.1
12,20,1980,2.1
12,21,1980,3.2
12,22,1980,2.1
12,23,1980,2.4
12,24,1980,3.7
12,25,1980,2.4
12,26,1980,4.3
12,27,1980,3.9
12,28,1980,4.4
12,29,1980,3.9
12,30,1980,2.2
12,31,1980,4.7
01,01,1981,3.9
01,02,1981,3.4
01,03,1981,3.1
01,04,1981,2.1
01,05,1981,1.5
01,06,1981,2.6
01,07,1981,2.8
01,08,1981,2.7
01,09,1981,2.3
01,10,1981,3.4
01,11,1981,0.5
01,12,1981,1.0
01,13,1981,3.3
01,14,1981,3.9
01,15,1981,1.0
01,16,1981,0.8
01,17,1981,1.2
01,18,1981,3.0
01,19,1981,2.8
01,20,1981,2.9
01,21,1981,3.9
01,22,1981,4.5
01,23,1981,3.8
01,24,1981,4.0
01,25,1981,1.9
01,26,1981,1.2
01,27,1981,3.0
01,28,1981,3.4
01,29,1981,3.2
01,30,1981,4.2
01,31,1981,4.6
02,01,1981,3.8
02,02,1981,4.1
02,03,1981,1.3
02,04,1981,2.9
02,05,1981,4.3
02,06,1981,2.8
02,07,1981,4.7
02,08,1981,5.5
02,09,1981,3.9
02,10,1981,4.9
02,11,1981,5.6
02,12,1981,4.3
02,13,1981,4.5
02,14,1981,5.6
02,15,1981,5.0
02,16,1981,5.4
02,17,1981,4.7
02,18,1981,4.2
02,19,1981,2.0
02,20,1981,3.1
02,21,1981,5.3
02,22,1981,4.9
02,23,1981,2.5
02,24,1981,5.9
02,25,1981,6.0
02,26,1981,5.2
02,27,1981,7.3
02,28,1981,3.1
03,01,1981,4.4
03,02,1981,3.3
03,03,1981,1.4
03,04,1981,4.9
03,05,1981,3.1
03,06,1981,4.2
03,07,1981,5.4
03,08,1981,4.9
03,09,1981,5.3
03,10,1981,5.9
03,11,1981,6.7
03,12,1981,6.2
03,13,1981,5.7
03,14,1981,5.8
03,15,1981,4.9
03,16,1981,7.3
03,17,1981,7.0
03,18,1981,9.5
03,19,1981,7.0
03,20,1981,5.3
03,21,1981,5.8
03,22,1981,5.6
03,23,1981,6.9
03,24,1981,6.3
03,25,1981,7.7
03,26,1981,7.3
03,27,1981,5.9
03,28,1981,6.8
03,29,1981,7.2
03,30,1981,7.5
03,31,1981,5.4
04,01,1981,7.1
04,02,1981,6.3
04,03,1981,7.4
04,04,1981,8.1
04,05,1981,3.5
04,06,1981,5.9
04,07,1981,6.5
04,08,1981,10.3
04,09,1981,6.7
04,10,1981,4.2
04,11,1981,6.7
04,12,1981,9.5
04,13,1981,6.4
04,14,1981,8.8
04,15,1981,1.5
04,16,1981,5.1
04,17,1981,9.6
04,18,1981,8.0
04,19,1981,10.8
04,20,1981,10.3
04,21,1981,1.3
04,22,1981,5.4
04,23,1981,7.4
04,24,1981,8.2
04,25,1981,8.3
04,26,1981,6.2
04,27,1981,7.5
04,28,1981,7.4
04,29,1981,7.5
04,30,1981,7.0
05,01,1981,8.3
05,02,1981,6.1
05,03,1981,6.9
05,04,1981,8.5
05,05,1981,7.1
05,06,1981,7.4
05,07,1981,6.8
05,08,1981,7.5
05,09,1981,7.3
05,10,1981,7.5
05,11,1981,6.4
05,12,1981,7.2
05,13,1981,8.8
05,14,1981,9.5
05,15,1981,5.2
05,16,1981,8.8
05,17,1981,8.8
05,18,1981,9.9
05,19,1981,8.1
05,20,1981,9.4
05,21,1981,10.3
05,22,1981,7.8
05,23,1981,8.9
05,24,1981,9.3
05,25,1981,9.1
05,26,1981,10.1
05,27,1981,9.2
05,28,1981,9.6
05,29,1981,8.8
05,30,1981,10.1
05,31,1981,9.3
06,01,1981,7.8
06,02,1981,11.4
06,03,1981,1.3
06,04,1981,7.5
06,05,1981,5.6
06,06,1981,4.7
06,07,1981,3.6
06,08,1981,6.9
06,09,1981,2.3
06,10,1981,3.3
06,11,1981,3.2
06,12,1981,3.2
06,13,1981,3.2
06,14,1981,4.0
06,15,1981,5.4
06,16,1981,5.9
06,17,1981,3.5
06,18,1981,9.3
06,19,1981,6.7
06,20,1981,4.1
06,21,1981,9.8
06,22,1981,6.6
06,23,1981,9.6
06,24,1981,8.6
06,25,1981,10.0
06,26,1981,9.4
06,27,1981,10.3
06,28,1981,10.3
06,29,1981,9.6
06,30,1981,8.4
07,01,1981,7.8
07,02,1981,6.8
07,03,1981,7.2
07,04,1981,6.7
07,05,1981,6.4
07,06,1981,6.1
07,07,1981,7.5
07,08,1981,6.2
07,09,1981,3.7
07,10,1981,2.2
07,11,1981,7.8
07,12,1981,2.8
07,13,1981,4.9
07,14,1981,6.7
07,15,1981,8.8
07,16,1981,5.9
07,17,1981,11.8
07,18,1981,9.1
07,19,1981,8.3
07,20,1981,8.4
07,21,1981,7.1
07,22,1981,5.2
07,23,1981,4.4
07,24,1981,6.7
07,25,1981,7.9
07,26,1981,7.0
07,27,1981,3.4
07,28,1981,4.1
07,29,1981,4.4
07,30,1981,9.0
07,31,1981,8.5
08,01,1981,8.4
08,02,1981,7.3
08,03,1981,6.5
08,04,1981,8.5
08,05,1981,9.7
08,06,1981,8.4
08,07,1981,5.4
08,08,1981,7.3
08,09,1981,9.8
08,10,1981,6.4
08,11,1981,6.7
08,12,1981,6.3
08,13,1981,7.0
08,14,1981,5.6
08,15,1981,7.4
08,16,1981,4.1
08,17,1981,5.9
08,18,1981,6.0
08,19,1981,6.9
08,20,1981,10.5
08,21,1981,7.5
08,22,1981,4.0
08,23,1981,4.3
08,24,1981,5.7
08,25,1981,6.6
08,26,1981,7.2
08,27,1981,7.4
08,28,1981,9.3
08,29,1981,5.1
08,30,1981,7.0
08,31,1981,2.2
09,01,1981,5.1
09,02,1981,2.8
09,03,1981,4.9
09,04,1981,4.8
09,05,1981,3.3
09,06,1981,2.2
09,07,1981,5.2
09,08,1981,5.6
09,09,1981,6.1
09,10,1981,4.4
09,11,1981,6.7
09,12,1981,5.9
09,13,1981,6.2
09,14,1981,6.8
09,15,1981,2.8
09,16,1981,5.9
09,17,1981,7.1
09,18,1981,10.1
09,19,1981,4.3
09,20,1981,1.9
09,21,1981,1.4
09,22,1981,3.9
09,23,1981,6.4
09,24,1981,6.0
09,25,1981,6.4
09,26,1981,7.4
09,27,1981,6.2
09,28,1981,6.3
09,29,1981,6.8
09,30,1981,4.8
10,01,1981,5.7
10,02,1981,5.6
10,03,1981,4.1
10,04,1981,5.9
10,05,1981,6.9
10,06,1981,1.9
10,07,1981,2.1
10,08,1981,0.1
10,09,1981,9.1
10,10,1981,5.4
10,11,1981,1.9
10,12,1981,3.0
10,13,1981,5.2
10,14,1981,6.7
10,15,1981,5.1
10,16,1981,6.0
10,17,1981,6.7
10,18,1981,5.5
10,19,1981,5.5
10,20,1981,4.6
10,21,1981,5.4
10,22,1981,5.9
10,23,1981,5.3
10,24,1981,5.7
10,25,1981,5.0
10,26,1981,5.4
10,27,1981,5.7
10,28,1981,6.1
10,29,1981,2.3
10,30,1981,4.5
10,31,1981,5.4
11,01,1981,5.3
11,02,1981,4.9
11,03,1981,5.4
11,04,1981,4.9
11,05,1981,5.3
11,06,1981,8.0
11,07,1981,6.6
11,08,1981,7.1
11,09,1981,6.3
11,10,1981,4.9
11,11,1981,3.7
11,12,1981,4.6
11,13,1981,5.6
11,14,1981,5.7
11,15,1981,5.1
11,16,1981,4.8
11,17,1981,4.3
11,18,1981,4.2
11,19,1981,4.2
11,20,1981,4.8
11,21,1981,5.4
11,22,1981,5.4
11,23,1981,4.8
11,24,1981,4.6
11,25,1981,4.2
11,26,1981,3.8
11,27,1981,3.9
11,28,1981,2.2
11,29,1981,3.7
11,30,1981,3.5
12,01,1981,3.4
12,02,1981,4.3
12,03,1981,3.1
12,04,1981,1.4
12,05,1981,4.3
12,06,1981,3.9
12,07,1981,4.5
12,08,1981,5.0
12,09,1981,5.4
12,10,1981,5.6
12,11,1981,4.7
12,12,1981,4.7
12,13,1981,3.9
12,14,1981,4.6
12,15,1981,3.3
12,16,1981,3.7
12,17,1981,4.1
12,18,1981,4.4
12,19,1981,3.6
12,20,1981,4.8
12,21,1981,4.1
12,22,1981,3.6
12,23,1981,3.4
12,24,1981,3.1
12,25,1981,3.8
12,26,1981,5.1
12,27,1981,4.1
12,28,1981,3.5
12,29,1981,1.4
12,30,1981,3.6
12,31,1981,3.5
01,01,1982,3.5
01,02,1982,3.4
01,03,1982,4.5
01,04,1982,4.2
01,05,1982,2.8
01,06,1982,3.6
01,07,1982,3.2
01,08,1982,3.0
01,09,1982,4.2
01,10,1982,2.6
01,11,1982,1.7
01,12,1982,2.9
01,13,1982,3.9
01,14,1982,3.7
01,15,1982,3.3
01,16,1982,2.9
01,17,1982,4.1
01,18,1982,3.9
01,19,1982,4.0
01,20,1982,3.2
01,21,1982,3.4
01,22,1982,5.2
01,23,1982,4.2
01,24,1982,3.9
01,25,1982,3.3
01,26,1982,4.9
01,27,1982,5.3
01,28,1982,5.4
01,29,1982,4.7
01,30,1982,4.9
01,31,1982,4.9
02,01,1982,4.4
02,02,1982,4.8
02,03,1982,5.0
02,04,1982,5.1
02,05,1982,5.2
02,06,1982,4.8
02,07,1982,4.9
02,08,1982,6.9
02,09,1982,5.5
02,10,1982,6.0
02,11,1982,5.9
02,12,1982,5.7
02,13,1982,4.3
02,14,1982,4.2
02,15,1982,5.7
02,16,1982,5.9
02,17,1982,5.3
02,18,1982,4.2
02,19,1982,5.1
02,20,1982,5.6
02,21,1982,6.7
02,22,1982,5.6
02,23,1982,6.4
02,24,1982,4.2
02,25,1982,6.8
02,26,1982,6.3
02,27,1982,5.9
02,28,1982,6.5
03,01,1982,7.2
03,02,1982,6.1
03,03,1982,6.5
03,04,1982,4.6
03,05,1982,6.3
03,06,1982,5.3
03,07,1982,6.5
03,08,1982,6.6
03,09,1982,7.7
03,10,1982,8.8
03,11,1982,2.5
03,12,1982,10.3
03,13,1982,6.2
03,14,1982,7.3
03,15,1982,6.2
03,16,1982,6.7
03,17,1982,5.9
03,18,1982,5.9
03,19,1982,6.3
03,20,1982,5.8
03,21,1982,7.0
03,22,1982,7.6
03,23,1982,6.0
03,24,1982,7.4
03,25,1982,8.7
03,26,1982,7.5
03,27,1982,7.1
03,28,1982,7.3
03,29,1982,7.1
03,30,1982,8.2
03,31,1982,9.2
04,01,1982,9.7
04,02,1982,10.3
04,03,1982,8.4
04,04,1982,11.2
04,05,1982,10.0
04,06,1982,10.4
04,07,1982,6.6
04,08,1982,9.3
04,09,1982,10.6
04,10,1982,11.2
04,11,1982,7.6
04,12,1982,7.9
04,13,1982,7.3
04,14,1982,8.0
04,15,1982,8.1
04,16,1982,9.2
04,17,1982,9.6
04,18,1982,7.2
04,19,1982,10.6
04,20,1982,7.2
04,21,1982,7.0
04,22,1982,8.0
04,23,1982,2.8
04,24,1982,8.0
04,25,1982,8.9
04,26,1982,7.8
04,27,1982,4.0
04,28,1982,5.8
04,29,1982,8.8
04,30,1982,8.1
05,01,1982,5.9
05,02,1982,7.7
05,03,1982,6.2
05,04,1982,4.7
05,05,1982,7.0
05,06,1982,6.3
05,07,1982,7.0
05,08,1982,7.8
05,09,1982,7.3
05,10,1982,6.9
05,11,1982,4.4
05,12,1982,8.8
05,13,1982,8.9
05,14,1982,8.9
05,15,1982,8.6
05,16,1982,9.1
05,17,1982,9.9
05,18,1982,10.5
05,19,1982,8.1
05,20,1982,9.1
05,21,1982,9.1
05,22,1982,9.3
05,23,1982,10.0
05,24,1982,8.6
05,25,1982,8.0
05,26,1982,8.2
05,27,1982,5.9
05,28,1982,7.6
05,29,1982,7.0
05,30,1982,8.6
05,31,1982,7.5
06,01,1982,8.5
06,02,1982,7.8
06,03,1982,9.0
06,04,1982,5.9
06,05,1982,8.4
06,06,1982,6.2
06,07,1982,7.5
06,08,1982,7.8
06,09,1982,8.4
06,10,1982,8.4
06,11,1982,9.0
06,12,1982,8.4
06,13,1982,8.8
06,14,1982,9.8
06,15,1982,9.3
06,16,1982,8.2
06,17,1982,7.9
06,18,1982,8.6
06,19,1982,8.1
06,20,1982,9.8
06,21,1982,9.6
06,22,1982,9.9
06,23,1982,10.3
06,24,1982,9.9
06,25,1982,9.5
06,26,1982,10.8
06,27,1982,10.3
06,28,1982,10.3
06,29,1982,9.6
06,30,1982,10.1
07,01,1982,9.8
07,02,1982,8.8
07,03,1982,8.1
07,04,1982,8.0
07,05,1982,9.5
07,06,1982,11.2
07,07,1982,9.6
07,08,1982,7.9
07,09,1982,12.1
07,10,1982,7.4
07,11,1982,6.9
07,12,1982,7.8
07,13,1982,9.1
07,14,1982,9.0
07,15,1982,6.4
07,16,1982,5.6
07,17,1982,6.8
07,18,1982,6.3
07,19,1982,7.1
07,20,1982,5.9
07,21,1982,7.4
07,22,1982,7.1
07,23,1982,7.7
07,24,1982,6.6
07,25,1982,7.4
07,26,1982,8.4
07,27,1982,7.8
07,28,1982,8.1
07,29,1982,8.1
07,30,1982,7.8
07,31,1982,6.8
08,01,1982,5.8
08,02,1982,6.6
08,03,1982,3.5
08,04,1982,8.7
08,05,1982,8.4
08,06,1982,8.7
08,07,1982,7.0
08,08,1982,9.0
08,09,1982,4.8
08,10,1982,6.2
08,11,1982,3.7
08,12,1982,7.9
08,13,1982,4.0
08,14,1982,8.5
08,15,1982,7.3
08,16,1982,7.4
08,17,1982,8.1
08,18,1982,9.2
08,19,1982,8.3
08,20,1982,7.5
08,21,1982,8.4
08,22,1982,7.1
08,23,1982,7.7
08,24,1982,7.8
08,25,1982,8.3
08,26,1982,8.1
08,27,1982,8.6
08,28,1982,9.4
08,29,1982,8.5
08,30,1982,8.1
08,31,1982,6.6
09,01,1982,7.2
09,02,1982,8.1
09,03,1982,8.1
09,04,1982,7.0
09,05,1982,8.4
09,06,1982,7.0
09,07,1982,1.8
09,08,1982,7.4
09,09,1982,7.0
09,10,1982,6.2
09,11,1982,4.0
09,12,1982,6.7
09,13,1982,7.0
09,14,1982,8.1
09,15,1982,7.7
09,16,1982,7.6
09,17,1982,8.3
09,18,1982,7.4
09,19,1982,7.9
09,20,1982,7.7
09,21,1982,7.3
09,22,1982,8.3
09,23,1982,7.4
09,24,1982,7.1
09,25,1982,7.4
09,26,1982,6.9
09,27,1982,7.0
09,28,1982,2.8
09,29,1982,2.1
09,30,1982,2.1
10,01,1982,4.0
10,02,1982,5.4
10,03,1982,6.7
10,04,1982,5.9
10,05,1982,5.6
10,06,1982,6.8
10,07,1982,4.4
10,08,1982,5.9
10,09,1982,6.3
10,10,1982,5.6
10,11,1982,6.2
10,12,1982,6.5
10,13,1982,5.4
10,14,1982,5.6
10,15,1982,6.1
10,16,1982,6.2
10,17,1982,4.9
10,18,1982,4.1
10,19,1982,6.5
10,20,1982,4.0
10,21,1982,5.4
10,22,1982,5.4
10,23,1982,5.3
10,24,1982,5.6
10,25,1982,5.5
10,26,1982,5.2
10,27,1982,5.0
10,28,1982,5.3
10,29,1982,5.5
10,30,1982,5.3
10,31,1982,4.9
11,01,1982,4.8
11,02,1982,5.1
11,03,1982,5.4
11,04,1982,6.4
11,05,1982,5.4
11,06,1982,6.0
11,07,1982,5.5
11,08,1982,3.9
11,09,1982,4.9
11,10,1982,4.1
11,11,1982,6.0
11,12,1982,5.4
11,13,1982,4.7
11,14,1982,5.6
11,15,1982,4.4
11,16,1982,4.0
11,17,1982,4.3
11,18,1982,3.9
11,19,1982,3.9
11,20,1982,4.1
11,21,1982,3.7
11,22,1982,3.6
11,23,1982,3.2
11,24,1982,3.6
11,25,1982,4.9
11,26,1982,2.5
11,27,1982,3.2
11,28,1982,3.0
11,29,1982,3.8
11,30,1982,3.0
12,01,1982,3.0
12,02,1982,1.5
12,03,1982,2.6
12,04,1982,3.2
12,05,1982,3.3
12,06,1982,3.1
12,07,1982,3.0
12,08,1982,1.0
12,09,1982,1.5
12,10,1982,0.9
12,11,1982,2.9
12,12,1982,2.6
12,13,1982,3.1
12,14,1982,3.9
12,15,1982,4.0
12,16,1982,3.4
12,17,1982,3.8
12,18,1982,3.7
12,19,1982,3.5
12,20,1982,3.0
12,21,1982,3.5
12,22,1982,3.4
12,23,1982,3.8
12,24,1982,0.3
12,25,1982,2.7
12,26,1982,2.3
12,27,1982,2.7
12,28,1982,2.5
12,29,1982,2.8
12,30,1982,2.7
12,31,1982,2.3
01,01,1983,3.0
01,02,1983,3.1
01,03,1983,3.1
01,04,1983,3.2
01,05,1983,3.2
01,06,1983,4.1
01,07,1983,2.9
01,08,1983,4.4
01,09,1983,2.8
01,10,1983,2.4
01,11,1983,2.7
01,12,1983,1.4
01,13,1983,0.2
01,14,1983,2.3
01,15,1983,3.2
01,16,1983,2.4
01,17,1983,2.3
01,18,1983,4.3
01,19,1983,2.3
01,20,1983,3.5
01,21,1983,4.0
01,22,1983,3.5
01,23,1983,3.9
01,24,1983,3.5
01,25,1983,4.1
01,26,1983,3.8
01,27,1983,4.1
01,28,1983,3.6
01,29,1983,4.0
01,30,1983,5.0
01,31,1983,4.2
02,01,1983,4.3
02,02,1983,3.4
02,03,1983,4.2
02,04,1983,3.6
02,05,1983,3.3
02,06,1983,3.9
02,07,1983,4.0
02,08,1983,4.0
02,09,1983,4.3
02,10,1983,4.0
02,11,1983,4.4
02,12,1983,4.9
02,13,1983,5.7
02,14,1983,4.8
02,15,1983,4.7
02,16,1983,4.0
02,17,1983,4.4
02,18,1983,4.9
02,19,1983,4.3
02,20,1983,3.9
02,21,1983,5.0
02,22,1983,4.8
02,23,1983,4.9
02,24,1983,3.9
02,25,1983,2.3
02,26,1983,4.9
02,27,1983,5.2
02,28,1983,5.1
03,01,1983,5.2
03,02,1983,4.9
03,03,1983,3.0
03,04,1983,4.0
03,05,1983,4.9
03,06,1983,5.4
03,07,1983,5.9
03,08,1983,5.6
03,09,1983,5.4
03,10,1983,5.2
03,11,1983,3.9
03,12,1983,5.8
03,13,1983,5.0
03,14,1983,5.8
03,15,1983,5.9
03,16,1983,6.5
03,17,1983,5.9
03,18,1983,6.3
03,19,1983,5.2
03,20,1983,6.6
03,21,1983,5.7
03,22,1983,6.6
03,23,1983,6.9
03,24,1983,7.0
03,25,1983,7.0
03,26,1983,7.8
03,27,1983,6.8
03,28,1983,7.4
03,29,1983,7.2
03,30,1983,7.9
03,31,1983,7.3
04,01,1983,7.5
04,02,1983,7.3
04,03,1983,7.6
04,04,1983,7.2
04,05,1983,6.1
04,06,1983,8.6
04,07,1983,1.5
04,08,1983,6.3
04,09,1983,6.5
04,10,1983,6.3
04,11,1983,7.0
04,12,1983,7.7
04,13,1983,7.3
04,14,1983,6.6
04,15,1983,7.8
04,16,1983,7.3
04,17,1983,6.9
04,18,1983,6.6
04,19,1983,8.0
04,20,1983,8.0
04,21,1983,7.5
04,22,1983,8.0
04,23,1983,7.9
04,24,1983,8.0
04,25,1983,7.1
04,26,1983,5.9
04,27,1983,6.6
04,28,1983,5.8
04,29,1983,6.9
04,30,1983,9.4
05,01,1983,8.5
05,02,1983,10.3
05,03,1983,7.7
05,04,1983,8.2
05,05,1983,8.4
05,06,1983,9.3
05,07,1983,10.1
05,08,1983,8.5
05,09,1983,9.0
05,10,1983,8.6
05,11,1983,9.6
05,12,1983,9.7
05,13,1983,9.6
05,14,1983,8.0
05,15,1983,8.9
05,16,1983,8.0
05,17,1983,5.8
05,18,1983,9.4
05,19,1983,9.4
05,20,1983,9.3
05,21,1983,9.1
05,22,1983,10.1
05,23,1983,7.9
05,24,1983,8.9
05,25,1983,8.0
05,26,1983,7.6
05,27,1983,7.0
05,28,1983,5.1
05,29,1983,7.2
05,30,1983,6.4
05,31,1983,7.8
06,01,1983,4.6
06,02,1983,7.3
06,03,1983,7.1
06,04,1983,9.4
06,05,1983,9.0
06,06,1983,8.9
06,07,1983,8.5
06,08,1983,7.4
06,09,1983,8.2
06,10,1983,9.1
06,11,1983,8.1
06,12,1983,9.0
06,13,1983,9.1
06,14,1983,9.6
06,15,1983,10.1
06,16,1983,9.9
06,17,1983,7.0
06,18,1983,9.4
06,19,1983,9.0
06,20,1983,9.0
06,21,1983,8.3
06,22,1983,10.0
06,23,1983,8.9
06,24,1983,9.0
06,25,1983,7.8
06,26,1983,8.9
06,27,1983,9.6
06,28,1983,11.3
06,29,1983,10.4
06,30,1983,9.6
07,01,1983,9.6
07,02,1983,10.4
07,03,1983,10.2
07,04,1983,10.1
07,05,1983,8.4
07,06,1983,6.1
07,07,1983,6.1
07,08,1983,8.9
07,09,1983,8.0
07,10,1983,8.8
07,11,1983,9.6
07,12,1983,7.1
07,13,1983,8.3
07,14,1983,7.3
07,15,1983,6.2
07,16,1983,7.1
07,17,1983,7.5
07,18,1983,8.2
07,19,1983,10.9
07,20,1983,7.1
07,21,1983,4.3
07,22,1983,5.2
07,23,1983,0.6
07,24,1983,9.3
07,25,1983,7.1
07,26,1983,6.9
07,27,1983,3.2
07,28,1983,6.4
07,29,1983,7.7
07,30,1983,2.8
07,31,1983,6.2
08,01,1983,7.0
08,02,1983,10.3
08,03,1983,6.7
08,04,1983,4.7
08,05,1983,7.6
08,06,1983,6.5
08,07,1983,6.9
08,08,1983,4.8
08,09,1983,3.9
08,10,1983,6.5
08,11,1983,9.0
08,12,1983,7.3
08,13,1983,3.4
08,14,1983,3.1
08,15,1983,3.2
08,16,1983,5.6
08,17,1983,6.6
08,18,1983,6.5
08,19,1983,6.4
08,20,1983,4.2
08,21,1983,5.0
08,22,1983,5.9
08,23,1983,4.9
08,24,1983,6.1
08,25,1983,6.7
08,26,1983,8.9
08,27,1983,5.0
08,28,1983,6.2
08,29,1983,5.8
08,30,1983,5.7
08,31,1983,5.4
09,01,1983,5.8
09,02,1983,8.5
09,03,1983,6.1
09,04,1983,2.3
09,05,1983,2.8
09,06,1983,7.0
09,07,1983,5.4
09,08,1983,5.6
09,09,1983,2.8
09,10,1983,2.6
09,11,1983,3.2
09,12,1983,5.3
09,13,1983,4.3
09,14,1983,4.4
09,15,1983,4.1
09,16,1983,4.8
09,17,1983,3.6
09,18,1983,4.9
09,19,1983,2.5
09,20,1983,5.2
09,21,1983,3.8
09,22,1983,5.2
09,23,1983,6.2
09,24,1983,5.9
09,25,1983,5.4
09,26,1983,7.4
09,27,1983,5.6
09,28,1983,6.5
09,29,1983,5.7
09,30,1983,4.9
10,01,1983,5.7
10,02,1983,5.2
10,03,1983,6.1
10,04,1983,2.8
10,05,1983,5.3
10,06,1983,6.5
10,07,1983,7.5
10,08,1983,5.8
10,09,1983,4.3
10,10,1983,6.7
10,11,1983,5.4
10,12,1983,6.1
10,13,1983,6.0
10,14,1983,5.7
10,15,1983,6.3
10,16,1983,5.2
10,17,1983,5.3
10,18,1983,4.7
10,19,1983,2.3
10,20,1983,5.0
10,21,1983,5.4
10,22,1983,5.4
10,23,1983,5.4
10,24,1983,4.4
10,25,1983,4.8
10,26,1983,6.2
10,27,1983,5.4
10,28,1983,6.5
10,29,1983,6.4
10,30,1983,5.8
10,31,1983,6.1
11,01,1983,5.9
11,02,1983,4.3
11,03,1983,7.7
11,04,1983,2.8
11,05,1983,3.8
11,06,1983,4.4
11,07,1983,null
11,08,1983,4.4
11,09,1983,3.9
11,10,1983,3.8
11,11,1983,4.0
11,12,1983,3.7
11,13,1983,3.4
11,14,1983,4.4
11,15,1983,3.6
11,16,1983,3.7
11,17,1983,2.7
11,18,1983,3.8
11,19,1983,3.7
11,20,1983,4.1
11,21,1983,4.4
11,22,1983,3.2
11,23,1983,3.8
11,24,1983,2.8
11,25,1983,3.0
11,26,1983,3.0
11,27,1983,3.4
11,28,1983,2.9
11,29,1983,2.8
11,30,1983,3.1
12,01,1983,2.3
12,02,1983,2.2
12,03,1983,3.0
12,04,1983,2.8
12,05,1983,3.0
12,06,1983,3.1
12,07,1983,2.8
12,08,1983,2.8
12,09,1983,2.3
12,10,1983,3.9
12,11,1983,4.3
12,12,1983,2.0
12,13,1983,3.8
12,14,1983,2.6
12,15,1983,3.0
12,16,1983,3.1
12,17,1983,3.0
12,18,1983,3.0
12,19,1983,3.4
12,20,1983,2.6
12,21,1983,2.8
12,22,1983,3.4
12,23,1983,3.5
12,24,1983,3.5
12,25,1983,3.9
12,26,1983,3.5
12,27,1983,3.1
12,28,1983,2.7
12,29,1983,3.0
12,30,1983,3.6
12,31,1983,3.6
01,01,1984,2.8
01,02,1984,3.7
01,03,1984,1.8
01,04,1984,1.5
01,05,1984,1.7
01,06,1984,2.1
01,07,1984,3.4
01,08,1984,3.6
01,09,1984,3.2
01,10,1984,3.2
01,11,1984,4.5
01,12,1984,4.0
01,13,1984,3.5
01,14,1984,4.6
01,15,1984,3.8
01,16,1984,3.1
01,17,1984,3.2
01,18,1984,2.6
01,19,1984,3.0
01,20,1984,3.2
01,21,1984,3.2
01,22,1984,1.0
01,23,1984,3.9
01,24,1984,4.6
01,25,1984,4.0
01,26,1984,4.7
01,27,1984,3.9
01,28,1984,3.9
01,29,1984,5.4
01,30,1984,2.7
01,31,1984,3.2
02,01,1984,2.8
02,02,1984,3.1
02,03,1984,3.7
02,04,1984,2.3
02,05,1984,4.0
02,06,1984,3.7
02,07,1984,4.3
02,08,1984,4.4
02,09,1984,4.4
02,10,1984,4.5
02,11,1984,4.9
02,12,1984,3.9
02,13,1984,4.4
02,14,1984,4.0
02,15,1984,4.6
02,16,1984,4.5
02,17,1984,4.5
02,18,1984,4.5
02,19,1984,5.3
02,20,1984,5.3
02,21,1984,4.6
02,22,1984,4.6
02,23,1984,3.5
02,24,1984,5.4
02,25,1984,5.1
02,26,1984,6.4
02,27,1984,6.2
02,28,1984,5.7
02,29,1984,4.6
03,01,1984,5.4
03,02,1984,5.5
03,03,1984,5.3
03,04,1984,5.4
03,05,1984,5.2
03,06,1984,5.2
03,07,1984,7.5
03,08,1984,5.6
03,09,1984,5.9
03,10,1984,6.6
03,11,1984,6.9
03,12,1984,6.8
03,13,1984,7.0
03,14,1984,7.9
03,15,1984,7.6
03,16,1984,7.9
03,17,1984,7.6
03,18,1984,7.3
03,19,1984,6.9
03,20,1984,7.2
03,21,1984,6.8
03,22,1984,7.2
03,23,1984,6.1
03,24,1984,7.4
03,25,1984,4.4
03,26,1984,6.2
03,27,1984,6.7
03,28,1984,7.2
03,29,1984,5.6
03,30,1984,5.8
03,31,1984,7.1
04,01,1984,5.1
04,02,1984,7.1
04,03,1984,7.2
04,04,1984,7.3
04,05,1984,7.6
04,06,1984,6.1
04,07,1984,8.3
04,08,1984,8.3
04,09,1984,8.6
04,10,1984,9.0
04,11,1984,8.3
04,12,1984,7.7
04,13,1984,7.4
04,14,1984,8.0
04,15,1984,8.6
04,16,1984,7.6
04,17,1984,8.0
04,18,1984,6.7
04,19,1984,7.7
04,20,1984,7.7
04,21,1984,7.7
04,22,1984,8.0
04,23,1984,8.1
04,24,1984,7.7
04,25,1984,7.9
04,26,1984,7.9
04,27,1984,7.7
04,28,1984,6.7
04,29,1984,6.9
04,30,1984,7.3
05,01,1984,7.8
05,02,1984,9.1
05,03,1984,9.0
05,04,1984,8.3
05,05,1984,6.4
05,06,1984,7.6
05,07,1984,6.1
05,08,1984,9.9
05,09,1984,9.9
05,10,1984,6.9
05,11,1984,8.2
05,12,1984,9.6
05,13,1984,8.1
05,14,1984,9.6
05,15,1984,7.9
05,16,1984,7.9
05,17,1984,8.5
05,18,1984,9.4
05,19,1984,11.0
05,20,1984,11.6
05,21,1984,10.2
05,22,1984,9.0
05,23,1984,8.9
05,24,1984,8.3
05,25,1984,8.8
05,26,1984,8.6
05,27,1984,8.4
05,28,1984,8.5
05,29,1984,9.9
05,30,1984,8.6
05,31,1984,10.9
06,01,1984,9.0
06,02,1984,8.3
06,03,1984,7.8
06,04,1984,8.4
06,05,1984,8.0
06,06,1984,8.6
06,07,1984,8.1
06,08,1984,8.4
06,09,1984,9.1
06,10,1984,8.6
06,11,1984,8.6
06,12,1984,9.8
06,13,1984,9.6
06,14,1984,9.2
06,15,1984,10.0
06,16,1984,7.9
06,17,1984,5.5
06,18,1984,7.4
06,19,1984,7.2
06,20,1984,8.9
06,21,1984,8.5
06,22,1984,6.3
06,23,1984,6.8
06,24,1984,6.9
06,25,1984,5.8
06,26,1984,8.8
06,27,1984,7.2
06,28,1984,6.4
06,29,1984,5.9
06,30,1984,5.8
07,01,1984,4.2
07,02,1984,6.7
07,03,1984,5.8
07,04,1984,5.0
07,05,1984,4.2
07,06,1984,3.5
07,07,1984,3.8
07,08,1984,4.4
07,09,1984,4.5
07,10,1984,5.4
07,11,1984,2.0
07,12,1984,5.7
07,13,1984,1.9
07,14,1984,3.3
07,15,1984,4.0
07,16,1984,6.3
07,17,1984,5.7
07,18,1984,5.6
07,19,1984,5.7
07,20,1984,4.9
07,21,1984,5.1
07,22,1984,6.2
07,23,1984,2.3
07,24,1984,3.9
07,25,1984,4.1
07,26,1984,4.2
07,27,1984,7.6
07,28,1984,2.6
07,29,1984,8.9
07,30,1984,7.0
07,31,1984,8.0
08,01,1984,4.4
08,02,1984,5.9
08,03,1984,6.6
08,04,1984,8.4
08,05,1984,5.7
08,06,1984,3.8
08,07,1984,6.3
08,08,1984,4.4
08,09,1984,3.1
08,10,1984,4.6
08,11,1984,4.8
08,12,1984,5.6
08,13,1984,5.6
08,14,1984,5.7
08,15,1984,5.5
08,16,1984,4.9
08,17,1984,6.4
08,18,1984,6.6
08,19,1984,4.6
08,20,1984,5.9
08,21,1984,5.9
08,22,1984,5.7
08,23,1984,4.4
08,24,1984,3.5
08,25,1984,6.5
08,26,1984,5.4
08,27,1984,5.9
08,28,1984,4.2
08,29,1984,5.4
08,30,1984,5.6
08,31,1984,7.3
09,01,1984,5.8
09,02,1984,6.2
09,03,1984,8.0
09,04,1984,7.8
09,05,1984,8.2
09,06,1984,5.2
09,07,1984,7.1
09,08,1984,3.3
09,09,1984,6.3
09,10,1984,6.1
09,11,1984,4.5
09,12,1984,7.2
09,13,1984,4.2
09,14,1984,5.1
09,15,1984,5.4
09,16,1984,6.3
09,17,1984,8.0
09,18,1984,5.8
09,19,1984,7.7
09,20,1984,5.9
09,21,1984,5.9
09,22,1984,5.4
09,23,1984,4.0
09,24,1984,4.0
09,25,1984,3.2
09,26,1984,5.3
09,27,1984,7.7
09,28,1984,5.9
09,29,1984,10.0
09,30,1984,4.6
10,01,1984,4.8
10,02,1984,5.7
10,03,1984,4.7
10,04,1984,5.2
10,05,1984,5.5
10,06,1984,5.2
10,07,1984,5.7
10,08,1984,5.4
10,09,1984,5.4
10,10,1984,4.5
10,11,1984,5.7
10,12,1984,5.7
10,13,1984,6.6
10,14,1984,5.1
10,15,1984,4.8
10,16,1984,4.1
10,17,1984,5.4
10,18,1984,6.1
10,19,1984,4.8
10,20,1984,5.7
10,21,1984,5.4
10,22,1984,5.8
10,23,1984,5.3
10,24,1984,3.2
10,25,1984,1.0
10,26,1984,5.3
10,27,1984,5.2
10,28,1984,5.1
10,29,1984,5.4
10,30,1984,6.3
10,31,1984,5.6
11,01,1984,4.7
11,02,1984,5.0
11,03,1984,4.9
11,04,1984,4.6
11,05,1984,5.6
11,06,1984,4.9
11,07,1984,5.2
11,08,1984,5.9
11,09,1984,6.5
11,10,1984,4.7
11,11,1984,4.6
11,12,1984,4.6
11,13,1984,4.7
11,14,1984,4.4
11,15,1984,5.0
11,16,1984,4.1
11,17,1984,3.9
11,18,1984,5.3
11,19,1984,4.6
11,20,1984,4.4
11,21,1984,4.6
11,22,1984,3.9
11,23,1984,1.9
11,24,1984,4.0
11,25,1984,3.4
11,26,1984,4.1
11,27,1984,3.5
11,28,1984,3.3
11,29,1984,3.2
11,30,1984,3.0
12,01,1984,3.6
12,02,1984,3.8
12,03,1984,2.3
12,04,1984,4.1
12,05,1984,3.5
12,06,1984,3.4
12,07,1984,3.2
12,08,1984,1.9
12,09,1984,3.5
12,10,1984,3.4
12,11,1984,7.7
12,12,1984,2.6
12,13,1984,0.7
12,14,1984,2.5
12,15,1984,1.9
12,16,1984,1.2
12,17,1984,1.7
12,18,1984,1.5
12,19,1984,2.3
12,20,1984,2.7
12,21,1984,4.2
12,22,1984,2.7
12,23,1984,2.2
12,24,1984,1.3
12,25,1984,1.9
12,26,1984,1.8
12,27,1984,1.9
12,28,1984,3.8
12,29,1984,2.8
12,30,1984,2.4
12,31,1984,2.8
01,01,1985,2.3
01,02,1985,2.2
01,03,1985,3.5
01,04,1985,3.6
01,05,1985,4.0
01,06,1985,3.9
01,07,1985,3.8
01,08,1985,3.1
01,09,1985,3.0
01,10,1985,2.3
01,11,1985,1.6
01,12,1985,0.6
01,13,1985,2.3
01,14,1985,1.0
01,15,1985,2.3
01,16,1985,2.9
01,17,1985,2.6
01,18,1985,2.6
01,19,1985,2.1
01,20,1985,2.0
01,21,1985,2.0
01,22,1985,2.2
01,23,1985,1.3
01,24,1985,1.9
01,25,1985,2.8
01,26,1985,2.5
01,27,1985,3.6
01,28,1985,2.9
01,29,1985,2.4
01,30,1985,3.6
01,31,1985,1.8
02,01,1985,4.1
02,02,1985,3.1
02,03,1985,4.3
02,04,1985,3.4
02,05,1985,3.9
02,06,1985,3.7
02,07,1985,2.3
02,08,1985,4.2
02,09,1985,3.9
02,10,1985,4.3
02,11,1985,4.7
02,12,1985,3.9
02,13,1985,2.9
02,14,1985,4.0
02,15,1985,2.9
02,16,1985,3.4
02,17,1985,4.2
02,18,1985,5.0
02,19,1985,4.9
02,20,1985,5.0
02,21,1985,4.5
02,22,1985,4.6
02,23,1985,4.7
02,24,1985,5.2
02,25,1985,2.5
02,26,1985,5.1
02,27,1985,4.8
02,28,1985,8.0
03,01,1985,6.7
03,02,1985,6.3
03,03,1985,7.0
03,04,1985,5.3
03,05,1985,5.5
03,06,1985,7.9
03,07,1985,4.3
03,08,1985,5.8
03,09,1985,5.4
03,10,1985,5.9
03,11,1985,5.6
03,12,1985,5.4
03,13,1985,5.2
03,14,1985,4.9
03,15,1985,4.7
03,16,1985,6.1
03,17,1985,6.1
03,18,1985,6.0
03,19,1985,5.3
03,20,1985,6.9
03,21,1985,5.9
03,22,1985,6.4
03,23,1985,5.9
03,24,1985,6.4
03,25,1985,6.9
03,26,1985,5.3
03,27,1985,8.8
03,28,1985,4.3
03,29,1985,3.3
03,30,1985,7.5
03,31,1985,7.1
04,01,1985,7.2
04,02,1985,8.1
04,03,1985,6.8
04,04,1985,3.5
04,05,1985,6.4
04,06,1985,4.2
04,07,1985,5.2
04,08,1985,5.9
04,09,1985,6.9
04,10,1985,8.1
04,11,1985,7.7
04,12,1985,8.1
04,13,1985,8.1
04,14,1985,8.3
04,15,1985,8.2
04,16,1985,7.9
04,17,1985,7.9
04,18,1985,3.3
04,19,1985,6.2
04,20,1985,6.8
04,21,1985,4.9
04,22,1985,7.1
04,23,1985,7.2
04,24,1985,6.2
04,25,1985,3.3
04,26,1985,4.9
04,27,1985,7.4
04,28,1985,7.6
04,29,1985,7.6
04,30,1985,7.7
05,01,1985,7.6
05,02,1985,9.1
05,03,1985,8.7
05,04,1985,8.5
05,05,1985,7.9
05,06,1985,7.8
05,07,1985,7.1
05,08,1985,8.2
05,09,1985,8.1
05,10,1985,7.6
05,11,1985,8.7
05,12,1985,11.3
05,13,1985,8.8
05,14,1985,8.1
05,15,1985,7.8
05,16,1985,8.1
05,17,1985,7.7
05,18,1985,7.7
05,19,1985,8.0
05,20,1985,7.5
05,21,1985,7.9
05,22,1985,8.1
05,23,1985,8.7
05,24,1985,10.1
05,25,1985,9.3
05,26,1985,9.0
05,27,1985,9.6
05,28,1985,8.7
05,29,1985,9.4
05,30,1985,6.9
05,31,1985,4.3
06,01,1985,16.1
06,02,1985,7.3
06,03,1985,8.9
06,04,1985,8.3
06,05,1985,11.2
06,06,1985,8.7
06,07,1985,9.5
06,08,1985,9.2
06,09,1985,3.4
06,10,1985,13.1
06,11,1985,9.1
06,12,1985,10.6
06,13,1985,9.6
06,14,1985,8.6
06,15,1985,9.5
06,16,1985,9.4
06,17,1985,9.1
06,18,1985,8.1
06,19,1985,9.1
06,20,1985,8.9
06,21,1985,7.3
06,22,1985,5.6
06,23,1985,4.0
06,24,1985,3.9
06,25,1985,4.9
06,26,1985,5.2
06,27,1985,5.0
06,28,1985,4.8
06,29,1985,7.1
06,30,1985,9.4
07,01,1985,9.4
07,02,1985,8.9
07,03,1985,6.8
07,04,1985,4.6
07,05,1985,8.1
07,06,1985,8.5
07,07,1985,7.5
07,08,1985,7.4
07,09,1985,5.5
07,10,1985,8.1
07,11,1985,9.1
07,12,1985,7.3
07,13,1985,7.1
07,14,1985,8.1
07,15,1985,4.4
07,16,1985,1.3
07,17,1985,4.9
07,18,1985,5.9
07,19,1985,6.0
07,20,1985,3.3
07,21,1985,7.0
07,22,1985,14.1
07,23,1985,10.4
07,24,1985,7.8
07,25,1985,7.1
07,26,1985,6.5
07,27,1985,13.0
07,28,1985,7.4
07,29,1985,7.5
07,30,1985,7.6
07,31,1985,6.0
08,01,1985,5.8
08,02,1985,8.7
08,03,1985,6.2
08,04,1985,5.6
08,05,1985,6.9
08,06,1985,6.6
08,07,1985,5.2
08,08,1985,7.5
08,09,1985,3.2
08,10,1985,5.4
08,11,1985,5.7
08,12,1985,6.1
08,13,1985,6.7
08,14,1985,6.3
08,15,1985,6.7
08,16,1985,3.9
08,17,1985,5.7
08,18,1985,7.1
08,19,1985,6.4
08,20,1985,7.0
08,21,1985,7.8
08,22,1985,6.6
08,23,1985,6.5
08,24,1985,6.4
08,25,1985,2.8
08,26,1985,3.3
08,27,1985,6.3
08,28,1985,6.3
08,29,1985,8.6
08,30,1985,3.4
08,31,1985,5.2
09,01,1985,6.05
09,02,1985,6.9
09,03,1985,4.0
09,04,1985,2.95
09,05,1985,5.75
09,06,1985,6.3
09,07,1985,7.4
09,08,1985,3.1
09,09,1985,3.9
09,10,1985,4.8
09,11,1985,6.15
09,12,1985,3.55
09,13,1985,6.7
09,14,1985,0.85
09,15,1985,0.9
09,16,1985,2.9
09,17,1985,6.05
09,18,1985,5.2
09,19,1985,5.8
09,20,1985,4.7
09,21,1985,4.3
09,22,1985,5.9
09,23,1985,5.9
09,24,1985,7.6
09,25,1985,5.2
09,26,1985,4.85
09,27,1985,2.55
09,28,1985,4.7
09,29,1985,4.4
09,30,1985,null
10,01,1985,6.35
10,02,1985,5.75
10,03,1985,5.95
10,04,1985,6.4
10,05,1985,6.05
10,06,1985,5.95
10,07,1985,3.8
10,08,1985,6.7
10,09,1985,3.75
10,10,1985,4.45
10,11,1985,5.5
10,12,1985,6.55
10,13,1985,5.5
10,14,1985,5.6
10,15,1985,5.35
10,16,1985,4.8
10,17,1985,6.5
10,18,1985,5.45
10,19,1985,3.3
10,20,1985,4.2
10,21,1985,5.55
10,22,1985,8.0
10,23,1985,6.05
10,24,1985,5.3
10,25,1985,5.2
10,26,1985,4.9
10,27,1985,5.05
10,28,1985,4.95
10,29,1985,4.7
10,30,1985,4.7
10,31,1985,5.0
11,01,1985,4.8
11,02,1985,5.2
11,03,1985,5.25
11,04,1985,5.85
11,05,1985,4.7
11,06,1985,4.6
11,07,1985,4.7
11,08,1985,4.35
11,09,1985,4.35
11,10,1985,4.55
11,11,1985,4.35
11,12,1985,5.15
11,13,1985,5.95
11,14,1985,5.6
11,15,1985,4.25
11,16,1985,1.95
11,17,1985,2.15
11,18,1985,4.95
11,19,1985,4.1
11,20,1985,4.25
11,21,1985,4.0
11,22,1985,1.1
11,23,1985,2.4
11,24,1985,3.08
11,25,1985,3.1
11,26,1985,5.1
11,27,1985,4.2
11,28,1985,3.65
11,29,1985,3.15
11,30,1985,2.65
12,01,1985,3.5
12,02,1985,3.55
12,03,1985,3.5
12,04,1985,3.65
12,05,1985,3.75
12,06,1985,2.8
12,07,1985,2.2
12,08,1985,3.6
12,09,1985,4.25
12,10,1985,4.35
12,11,1985,2.8
12,12,1985,4.55
12,13,1985,3.15
12,14,1985,3.3
12,15,1985,3.9
12,16,1985,3.65
12,17,1985,1.65
12,18,1985,3.4
12,19,1985,4.0
12,20,1985,2.5
12,21,1985,2.75
12,22,1985,3.0
12,23,1985,3.8
12,24,1985,3.3
12,25,1985,2.85
12,26,1985,3.3
12,27,1985,3.75
12,28,1985,3.95
12,29,1985,3.8
12,30,1985,4.05
12,31,1985,3.35
01,01,1986,3.0
01,02,1986,3.6
01,03,1986,3.75
01,04,1986,3.25
01,05,1986,3.7
01,06,1986,3.65
01,07,1986,3.4
01,08,1986,3.55
01,09,1986,3.75
01,10,1986,3.25
01,11,1986,3.2
01,12,1986,2.7
01,13,1986,3.97
01,14,1986,6.03
01,15,1986,1.05
01,16,1986,2.15
01,17,1986,4.25
01,18,1986,4.1
01,19,1986,4.3
01,20,1986,4.25
01,21,1986,3.05
01,22,1986,4.05
01,23,1986,4.0
01,24,1986,4.8
01,25,1986,4.35
01,26,1986,4.45
01,27,1986,3.0
01,28,1986,2.3
01,29,1986,3.55
01,30,1986,4.15
01,31,1986,4.0
02,01,1986,2.35
02,02,1986,1.45
02,03,1986,1.65
02,04,1986,3.85
02,05,1986,4.9
02,06,1986,5.0
02,07,1986,4.2
02,08,1986,2.4
02,09,1986,3.75
02,10,1986,4.9
02,11,1986,4.5
02,12,1986,4.2
02,13,1986,3.15
02,14,1986,5.25
02,15,1986,5.5
02,16,1986,6.1
02,17,1986,5.2
02,18,1986,4.9
02,19,1986,3.85
02,20,1986,4.85
02,21,1986,5.6
02,22,1986,5.25
02,23,1986,5.1
02,24,1986,5.55
02,25,1986,6.4
02,26,1986,5.05
02,27,1986,4.9
02,28,1986,4.6
03,01,1986,5.4
03,02,1986,6.65
03,03,1986,7.35
03,04,1986,6.5
03,05,1986,6.2
03,06,1986,7.5
03,07,1986,4.8
03,08,1986,5.7
03,09,1986,5.9
03,10,1986,6.55
03,11,1986,5.55
03,12,1986,6.25
03,13,1986,4.55
03,14,1986,5.6
03,15,1986,6.65
03,16,1986,6.35
03,17,1986,6.35
03,18,1986,7.0
03,19,1986,6.5
03,20,1986,9.45
03,21,1986,7.45
03,22,1986,9.3
03,23,1986,7.85
03,24,1986,8.05
03,25,1986,4.75
03,26,1986,7.9
03,27,1986,10.5
03,28,1986,7.6
03,29,1986,10.9
03,30,1986,8.15
03,31,1986,7.65
04,01,1986,8.2
04,02,1986,8.25
04,03,1986,7.4
04,04,1986,6.0
04,05,1986,7.75
04,06,1986,8.35
04,07,1986,6.6
04,08,1986,7.3
04,09,1986,7.3
04,10,1986,5.4
04,11,1986,6.0
04,12,1986,6.5
04,13,1986,8.25
04,14,1986,8.05
04,15,1986,8.45
04,16,1986,8.05
04,17,1986,6.15
04,18,1986,7.7
04,19,1986,10.85
04,20,1986,9.95
04,21,1986,8.0
04,22,1986,7.3
04,23,1986,8.3
04,24,1986,8.45
04,25,1986,14.8
04,26,1986,3.2
04,27,1986,4.25
04,28,1986,8.85
04,29,1986,7.3
04,30,1986,8.45
05,01,1986,8.65
05,02,1986,8.45
05,03,1986,7.5
05,04,1986,6.25
05,05,1986,8.55
05,06,1986,6.4
05,07,1986,8.7
05,08,1986,9.35
05,09,1986,3.7
05,10,1986,8.95
05,11,1986,11.25
05,12,1986,9.25
05,13,1986,5.55
05,14,1986,8.0
05,15,1986,10.0
05,16,1986,9.2
05,17,1986,9.1
05,18,1986,7.3
05,19,1986,6.55
05,20,1986,8.15
05,21,1986,8.7
05,22,1986,7.15
05,23,1986,8.05
05,24,1986,7.65
05,25,1986,7.65
05,26,1986,8.3
05,27,1986,8.15
05,28,1986,5.55
05,29,1986,4.2
05,30,1986,5.0
05,31,1986,6.0
06,01,1986,6.65
06,02,1986,5.9
06,03,1986,6.75
06,04,1986,6.5
06,05,1986,5.05
06,06,1986,6.9
06,07,1986,7.9
06,08,1986,8.85
06,09,1986,7.0
06,10,1986,7.25
06,11,1986,8.25
06,12,1986,8.4
06,13,1986,9.35
06,14,1986,10.55
06,15,1986,9.5
06,16,1986,10.7
06,17,1986,11.3
06,18,1986,10.2
06,19,1986,3.7
06,20,1986,15.7
06,21,1986,9.9
06,22,1986,10.0
06,23,1986,9.95
06,24,1986,9.8
06,25,1986,10.0
06,26,1986,10.2
06,27,1986,6.4
06,28,1986,9.7
06,29,1986,7.9
06,30,1986,8.3
07,01,1986,8.95
07,02,1986,11.0
07,03,1986,8.75
07,04,1986,7.8
07,05,1986,9.05
07,06,1986,7.65
07,07,1986,5.6
07,08,1986,3.25
07,09,1986,7.05
07,10,1986,7.9
07,11,1986,3.5
07,12,1986,3.8
07,13,1986,0.8
07,14,1986,10.25
07,15,1986,8.75
07,16,1986,3.95
07,17,1986,5.9
07,18,1986,7.75
07,19,1986,8.05
07,20,1986,5.5
07,21,1986,6.4
07,22,1986,8.0
07,23,1986,8.5
07,24,1986,6.8
07,25,1986,7.9
07,26,1986,7.3
07,27,1986,3.8
07,28,1986,7.05
07,29,1986,6.55
07,30,1986,6.35
07,31,1986,6.6
08,01,1986,7.25
08,02,1986,8.9
08,03,1986,6.6
08,04,1986,8.8
08,05,1986,5.4
08,06,1986,5.5
08,07,1986,5.6
08,08,1986,7.4
08,09,1986,7.0
08,10,1986,5.5
08,11,1986,7.45
08,12,1986,6.1
08,13,1986,6.3
08,14,1986,4.8
08,15,1986,7.2
08,16,1986,5.95
08,17,1986,7.95
08,18,1986,6.55
08,19,1986,6.3
08,20,1986,7.6
08,21,1986,6.7
08,22,1986,2.6
08,23,1986,7.1
08,24,1986,6.3
08,25,1986,8.15
08,26,1986,5.05
08,27,1986,5.7
08,28,1986,5.5
08,29,1986,5.0
08,30,1986,6.5
08,31,1986,7.1
09,01,1986,4.1
09,02,1986,5.35
09,03,1986,6.45
09,04,1986,6.3
09,05,1986,7.3
09,06,1986,5.25
09,07,1986,1.55
09,08,1986,4.7
09,09,1986,6.0
09,10,1986,7.6
09,11,1986,6.9
09,12,1986,7.35
09,13,1986,4.25
09,14,1986,8.6
09,15,1986,5.25
09,16,1986,7.2
09,17,1986,7.8
09,18,1986,8.0
09,19,1986,3.45
09,20,1986,5.5
09,21,1986,6.55
09,22,1986,6.6
09,23,1986,6.3
09,24,1986,6.7
09,25,1986,6.6
09,26,1986,7.55
09,27,1986,5.55
09,28,1986,7.9
09,29,1986,7.5
09,30,1986,6.2
10,01,1986,6.65
10,02,1986,4.15
10,03,1986,3.45
10,04,1986,4.1
10,05,1986,4.0
10,06,1986,4.2
10,07,1986,4.3
10,08,1986,5.4
10,09,1986,5.5
10,10,1986,5.05
10,11,1986,2.5
10,12,1986,1.7
10,13,1986,5.0
10,14,1986,6.8
10,15,1986,6.55
10,16,1986,5.5
10,17,1986,5.45
10,18,1986,4.6
10,19,1986,4.85
10,20,1986,2.5
10,21,1986,7.2
10,22,1986,5.05
10,23,1986,4.0
10,24,1986,4.25
10,25,1986,4.1
10,26,1986,4.35
10,27,1986,4.95
10,28,1986,4.55
10,29,1986,4.75
10,30,1986,4.7
10,31,1986,4.5
11,01,1986,4.1
11,02,1986,5.05
11,03,1986,4.35
11,04,1986,4.75
11,05,1986,3.85
11,06,1986,4.05
11,07,1986,4.85
11,08,1986,4.75
11,09,1986,4.05
11,10,1986,2.9
11,11,1986,4.2
11,12,1986,2.4
11,13,1986,4.7
11,14,1986,2.95
11,15,1986,4.05
11,16,1986,3.8
11,17,1986,4.02
11,18,1986,4.24
11,19,1986,4.46
11,20,1986,4.68
11,21,1986,4.9
11,22,1986,4.0
11,23,1986,4.8
11,24,1986,4.3
11,25,1986,3.25
11,26,1986,4.45
11,27,1986,4.95
11,28,1986,5.55
11,29,1986,4.65
11,30,1986,5.0
12,01,1986,4.7
12,02,1986,2.6
12,03,1986,3.5
12,04,1986,3.75
12,05,1986,3.8
12,06,1986,2.95
12,07,1986,3.1
12,08,1986,1.7
12,09,1986,3.5
12,10,1986,3.7
12,11,1986,3.65
12,12,1986,3.4
12,13,1986,0.6
12,14,1986,0.8
12,15,1986,4.05
12,16,1986,2.3
12,17,1986,5.05
12,18,1986,4.45
12,19,1986,1.45
12,20,1986,1.65
12,21,1986,0.8
12,22,1986,2.75
12,23,1986,3.85
12,24,1986,2.3
12,25,1986,2.3
12,26,1986,2.15
12,27,1986,3.2
12,28,1986,3.05
12,29,1986,3.55
12,30,1986,3.6
12,31,1986,4.75
01,01,1987,3.95
01,02,1987,4.1
01,03,1987,4.35
01,04,1987,2.95
01,05,1987,4.1
01,06,1987,2.9
01,07,1987,4.3
01,08,1987,4.35
01,09,1987,2.8
01,10,1987,2.7
01,11,1987,2.45
01,12,1987,4.3
01,13,1987,3.8
01,14,1987,3.7
01,15,1987,3.1
01,16,1987,3.51
01,17,1987,1.69
01,18,1987,3.95
01,19,1987,3.3
01,20,1987,3.15
01,21,1987,3.2
01,22,1987,3.5
01,23,1987,3.45
01,24,1987,3.35
01,25,1987,4.45
01,26,1987,4.95
01,27,1987,5.85
01,28,1987,5.5
01,29,1987,3.6
01,30,1987,3.25
01,31,1987,4.85
02,01,1987,3.8
02,02,1987,3.7
02,03,1987,4.7
02,04,1987,3.45
02,05,1987,4.55
02,06,1987,4.6
02,07,1987,7.35
02,08,1987,6.8
02,09,1987,4.35
02,10,1987,3.25
02,11,1987,5.25
02,12,1987,3.25
02,13,1987,6.2
02,14,1987,5.9
02,15,1987,5.8
02,16,1987,5.5
02,17,1987,5.15
02,18,1987,4.7
02,19,1987,3.6
02,20,1987,5.9
02,21,1987,6.1
02,22,1987,2.35
02,23,1987,2.05
02,24,1987,1.35
02,25,1987,1.65
02,26,1987,1.5
02,27,1987,3.25
02,28,1987,4.2
03,01,1987,6.05
03,02,1987,5.0
03,03,1987,5.85
03,04,1987,4.6
03,05,1987,8.8
03,06,1987,7.15
03,07,1987,6.0
03,08,1987,5.95
03,09,1987,6.2
03,10,1987,5.9
03,11,1987,6.3
03,12,1987,8.9
03,13,1987,7.1
03,14,1987,7.55
03,15,1987,5.2
03,16,1987,7.1
03,17,1987,6.85
03,18,1987,4.9
03,19,1987,4.75
03,20,1987,6.15
03,21,1987,3.65
03,22,1987,7.2
03,23,1987,7.4
03,24,1987,4.7
03,25,1987,7.6
03,26,1987,6.8
03,27,1987,7.85
03,28,1987,7.35
03,29,1987,9.05
03,30,1987,6.35
03,31,1987,9.75
04,01,1987,7.05
04,02,1987,7.75
04,03,1987,7.95
04,04,1987,5.93
04,05,1987,5.65
04,06,1987,5.52
04,07,1987,7.2
04,08,1987,6.35
04,09,1987,6.15
04,10,1987,7.45
04,11,1987,7.65
04,12,1987,7.75
04,13,1987,8.05
04,14,1987,8.75
04,15,1987,7.5
04,16,1987,9.35
04,17,1987,8.05
04,18,1987,8.15
04,19,1987,6.1
04,20,1987,6.0
04,21,1987,11.15
04,22,1987,8.85
04,23,1987,8.55
04,24,1987,8.1
04,25,1987,9.45
04,26,1987,7.95
04,27,1987,8.8
04,28,1987,7.7
04,29,1987,8.15
04,30,1987,5.2
05,01,1987,9.55
05,02,1987,9.7
05,03,1987,8.45
05,04,1987,8.9
05,05,1987,8.65
05,06,1987,8.4
05,07,1987,8.75
05,08,1987,7.65
05,09,1987,9.2
05,10,1987,9.5
05,11,1987,9.25
05,12,1987,7.05
05,13,1987,8.6
05,14,1987,9.85
05,15,1987,8.15
05,16,1987,11.1
05,17,1987,5.05
05,18,1987,5.1
05,19,1987,7.65
05,20,1987,8.75
05,21,1987,9.8
05,22,1987,9.55
05,23,1987,9.25
05,24,1987,8.6
05,25,1987,9.25
05,26,1987,7.45
05,27,1987,12.2
05,28,1987,9.25
05,29,1987,8.15
05,30,1987,8.3
05,31,1987,8.55
06,01,1987,8.2
06,02,1987,6.05
06,03,1987,11.85
06,04,1987,5.2
06,05,1987,11.3
06,06,1987,8.5
06,07,1987,8.95
06,08,1987,11.5
06,09,1987,9.45
06,10,1987,9.7
06,11,1987,8.45
06,12,1987,13.35
06,13,1987,6.9
06,14,1987,9.5
06,15,1987,9.4
06,16,1987,8.5
06,17,1987,9.45
06,18,1987,9.8
06,19,1987,9.65
06,20,1987,8.65
06,21,1987,9.15
06,22,1987,9.75
06,23,1987,9.1
06,24,1987,9.7
06,25,1987,9.95
06,26,1987,9.55
06,27,1987,9.1
06,28,1987,9.45
06,29,1987,9.45
06,30,1987,9.85
07,01,1987,9.6
07,02,1987,10.45
07,03,1987,9.6
07,04,1987,9.7
07,05,1987,12.25
07,06,1987,10.0
07,07,1987,10.75
07,08,1987,9.45
07,09,1987,9.6
07,10,1987,9.83
07,11,1987,9.52
07,12,1987,9.4
07,13,1987,9.1
07,14,1987,9.55
07,15,1987,9.75
07,16,1987,9.4
07,17,1987,8.6
07,18,1987,9.75
07,19,1987,9.8
07,20,1987,9.4
07,21,1987,9.45
07,22,1987,8.65
07,23,1987,12.65
07,24,1987,7.85
07,25,1987,11.85
07,26,1987,4.1
07,27,1987,6.95
07,28,1987,11.66
07,29,1987,10.2
07,30,1987,9.5
07,31,1987,10.75
08,01,1987,6.45
08,02,1987,8.55
08,03,1987,1.35
08,04,1987,1.5
08,05,1987,4.45
08,06,1987,6.6
08,07,1987,6.95
08,08,1987,4.4
08,09,1987,4.95
08,10,1987,7.7
08,11,1987,6.7
08,12,1987,7.05
08,13,1987,3.15
08,14,1987,6.9
08,15,1987,8.05
08,16,1987,8.5
08,17,1987,5.95
08,18,1987,4.05
08,19,1987,5.6
08,20,1987,7.8
08,21,1987,7.25
08,22,1987,7.05
08,23,1987,3.25
08,24,1987,3.55
08,25,1987,7.25
08,26,1987,6.15
08,27,1987,0.8
08,28,1987,8.0
08,29,1987,7.25
08,30,1987,6.05
08,31,1987,4.45
09,01,1987,5.05
09,02,1987,3.55
09,03,1987,7.75
09,04,1987,7.95
09,05,1987,8.6
09,06,1987,7.9
09,07,1987,7.95
09,08,1987,8.95
09,09,1987,7.95
09,10,1987,8.95
09,11,1987,6.95
09,12,1987,7.9
09,13,1987,7.5
09,14,1987,6.4
09,15,1987,7.45
09,16,1987,7.05
09,17,1987,8.55
09,18,1987,7.7
09,19,1987,7.35
09,20,1987,8.25
09,21,1987,7.9
09,22,1987,10.75
09,23,1987,5.7
09,24,1987,6.55
09,25,1987,8.0
09,26,1987,5.98
09,27,1987,3.95
09,28,1987,3.65
09,29,1987,5.6
09,30,1987,1.3
10,01,1987,1.85
10,02,1987,2.3
10,03,1987,3.5
10,04,1987,3.4
10,05,1987,5.6
10,06,1987,6.6
10,07,1987,5.65
10,08,1987,5.75
10,09,1987,6.5
10,10,1987,6.85
10,11,1987,7.7
10,12,1987,7.3
10,13,1987,9.35
10,14,1987,3.1
10,15,1987,5.1
10,16,1987,6.75
10,17,1987,6.6
10,18,1987,6.05
10,19,1987,6.25
10,20,1987,4.85
10,21,1987,6.85
10,22,1987,4.5
10,23,1987,6.25
10,24,1987,4.1
10,25,1987,5.0
10,26,1987,6.55
10,27,1987,3.5
10,28,1987,5.65
10,29,1987,4.25
10,30,1987,6.7
10,31,1987,5.5
11,01,1987,5.15
11,02,1987,4.55
11,03,1987,8.3
11,04,1987,4.7
11,05,1987,4.35
11,06,1987,2.75
11,07,1987,7.9
11,08,1987,6.4
11,09,1987,4.6
11,10,1987,5.3
11,11,1987,7.25
11,12,1987,4.95
11,13,1987,5.38
11,14,1987,5.72
11,15,1987,4.65
11,16,1987,5.15
11,17,1987,4.25
11,18,1987,6.35
11,19,1987,5.0
11,20,1987,3.45
11,21,1987,5.95
11,22,1987,4.7
11,23,1987,5.2
11,24,1987,8.15
11,25,1987,3.55
11,26,1987,2.25
11,27,1987,2.75
11,28,1987,0.95
11,29,1987,3.55
11,30,1987,3.85
12,01,1987,4.2
12,02,1987,3.45
12,03,1987,5.55
12,04,1987,4.25
12,05,1987,2.55
12,06,1987,4.55
12,07,1987,3.35
12,08,1987,3.55
12,09,1987,3.65
12,10,1987,4.4
12,11,1987,3.05
12,12,1987,2.35
12,13,1987,1.75
12,14,1987,6.35
12,15,1987,3.6
12,16,1987,2.8
12,17,1987,5.15
12,18,1987,1.7
12,19,1987,3.2
12,20,1987,1.65
12,21,1987,4.55
12,22,1987,3.85
12,23,1987,1.4
12,24,1987,1.65
12,25,1987,1.45
12,26,1987,1.3
12,27,1987,2.35
12,28,1987,2.85
12,29,1987,1.15
12,30,1987,1.2
12,31,1987,2.95
01,01,1988,2.45
01,02,1988,4.85
01,03,1988,3.65
01,04,1988,3.9
01,05,1988,4.1
01,06,1988,3.5
01,07,1988,4.3
01,08,1988,3.35
01,09,1988,3.75
01,10,1988,3.9
01,11,1988,2.5
01,12,1988,2.8
01,13,1988,3.9
01,14,1988,3.8
01,15,1988,5.45
01,16,1988,3.8
01,17,1988,4.65
01,18,1988,3.4
01,19,1988,3.6
01,20,1988,4.4
01,21,1988,3.95
01,22,1988,4.65
01,23,1988,3.95
01,24,1988,4.3
01,25,1988,5.05
01,26,1988,4.3
01,27,1988,7.05
01,28,1988,4.35
01,29,1988,6.55
01,30,1988,5.1
01,31,1988,3.3
02,01,1988,4.45
02,02,1988,5.85
02,03,1988,5.2
02,04,1988,2.35
02,05,1988,5.75
02,06,1988,4.9
02,07,1988,5.4
02,08,1988,4.4
02,09,1988,3.3
02,10,1988,6.35
02,11,1988,3.6
02,12,1988,4.5
02,13,1988,4.65
02,14,1988,2.75
02,15,1988,5.1
02,16,1988,4.15
02,17,1988,4.55
02,18,1988,5.25
02,19,1988,6.25
02,20,1988,5.35
02,21,1988,4.9
02,22,1988,5.9
02,23,1988,5.95
02,24,1988,6.6
02,25,1988,5.3
02,26,1988,4.05
02,27,1988,8.4
02,28,1988,5.7
02,29,1988,4.55
03,01,1988,5.1
03,02,1988,6.45
03,03,1988,5.25
03,04,1988,4.75
03,05,1988,6.65
03,06,1988,5.2
03,07,1988,9.95
03,08,1988,5.1
03,09,1988,7.85
03,10,1988,6.7
03,11,1988,6.2
03,12,1988,6.3
03,13,1988,6.4
03,14,1988,7.4
03,15,1988,6.25
03,16,1988,6.75
03,17,1988,7.9
03,18,1988,7.5
03,19,1988,8.15
03,20,1988,9.45
03,21,1988,7.85
03,22,1988,8.3
03,23,1988,8.95
03,24,1988,6.7
03,25,1988,7.45
03,26,1988,6.8
03,27,1988,8.5
03,28,1988,6.6
03,29,1988,5.95
03,30,1988,9.4
03,31,1988,9.4
04,01,1988,4.95
04,02,1988,10.95
04,03,1988,6.9
04,04,1988,6.25
04,05,1988,8.6
04,06,1988,11.75
04,07,1988,9.15
04,08,1988,7.15
04,09,1988,9.6
04,10,1988,5.0
04,11,1988,8.25
04,12,1988,7.25
04,13,1988,3.85
04,14,1988,6.8
04,15,1988,6.6
04,16,1988,6.8
04,17,1988,9.25
04,18,1988,8.45
04,19,1988,8.45
04,20,1988,6.7
04,21,1988,4.25
04,22,1988,4.95
04,23,1988,9.1
04,24,1988,7.98
04,25,1988,7.6
04,26,1988,9.2
04,27,1988,9.45
04,28,1988,6.05
04,29,1988,11.2
04,30,1988,9.8
05,01,1988,7.05
05,02,1988,4.6
05,03,1988,9.1
05,04,1988,9.2
05,05,1988,7.1
05,06,1988,9.6
05,07,1988,10.6
05,08,1988,9.1
05,09,1988,9.5
05,10,1988,8.35
05,11,1988,9.55
05,12,1988,9.15
05,13,1988,9.75
05,14,1988,9.5
05,15,1988,7.65
05,16,1988,9.5
05,17,1988,7.1
05,18,1988,9.45
05,19,1988,9.05
05,20,1988,7.05
05,21,1988,8.6
05,22,1988,9.2
05,23,1988,9.35
05,24,1988,10.75
05,25,1988,9.9
05,26,1988,9.6
05,27,1988,9.9
05,28,1988,8.6
05,29,1988,9.65
05,30,1988,9.1
05,31,1988,7.8
06,01,1988,9.65
06,02,1988,8.9
06,03,1988,9.35
06,04,1988,9.15
06,05,1988,9.9
06,06,1988,7.2
06,07,1988,8.75
06,08,1988,9.8
06,09,1988,9.2
06,10,1988,8.15
06,11,1988,7.1
06,12,1988,6.05
06,13,1988,5.0
06,14,1988,9.15
06,15,1988,9.95
06,16,1988,9.95
06,17,1988,9.15
06,18,1988,9.2
06,19,1988,7.45
06,20,1988,7.45
06,21,1988,7.1
06,22,1988,9.05
06,23,1988,9.65
06,24,1988,7.6
06,25,1988,9.6
06,26,1988,8.2
06,27,1988,9.85
06,28,1988,9.6
06,29,1988,8.8
06,30,1988,9.3
07,01,1988,2.35
07,02,1988,2.45
07,03,1988,6.85
07,04,1988,5.35
07,05,1988,4.45
07,06,1988,3.55
07,07,1988,8.35
07,08,1988,2.6
07,09,1988,3.05
07,10,1988,6.95
07,11,1988,3.05
07,12,1988,8.35
07,13,1988,9.7
07,14,1988,8.8
07,15,1988,7.75
07,16,1988,1.15
07,17,1988,0.9
07,18,1988,7.2
07,19,1988,5.25
07,20,1988,5.8
07,21,1988,5.4
07,22,1988,5.55
07,23,1988,2.95
07,24,1988,4.0
07,25,1988,6.7
07,26,1988,6.3
07,27,1988,8.15
07,28,1988,7.35
07,29,1988,7.95
07,30,1988,5.7
07,31,1988,6.25
08,01,1988,4.25
08,02,1988,5.95
08,03,1988,9.05
08,04,1988,7.95
08,05,1988,9.7
08,06,1988,5.9
08,07,1988,5.7
08,08,1988,6.8
08,09,1988,5.3
08,10,1988,7.95
08,11,1988,7.2
08,12,1988,8.3
08,13,1988,7.05
08,14,1988,4.45
08,15,1988,5.1
08,16,1988,6.15
08,17,1988,7.5
08,18,1988,5.6
08,19,1988,2.8
08,20,1988,2.1
08,21,1988,4.25
08,22,1988,2.8
08,23,1988,1.4
08,24,1988,8.35
08,25,1988,5.95
08,26,1988,8.65
08,27,1988,5.6
08,28,1988,6.1
08,29,1988,7.25
08,30,1988,5.75
08,31,1988,2.75
09,01,1988,3.45
09,02,1988,3.0
09,03,1988,3.15
09,04,1988,6.0
09,05,1988,2.55
09,06,1988,2.2
09,07,1988,4.23
09,08,1988,6.25
09,09,1988,5.05
09,10,1988,6.15
09,11,1988,5.9
09,12,1988,5.5
09,13,1988,4.15
09,14,1988,7.6
09,15,1988,6.5
09,16,1988,6.45
09,17,1988,8.95
09,18,1988,4.0
09,19,1988,2.8
09,20,1988,4.7
09,21,1988,5.2
09,22,1988,5.25
09,23,1988,4.4
09,24,1988,3.1
09,25,1988,4.85
09,26,1988,4.3
09,27,1988,7.5
09,28,1988,1.55
09,29,1988,5.1
09,30,1988,5.35
10,01,1988,5.45
10,02,1988,6.0
10,03,1988,6.5
10,04,1988,6.65
10,05,1988,5.45
10,06,1988,5.05
10,07,1988,5.4
10,08,1988,8.55
10,09,1988,4.25
10,10,1988,5.5
10,11,1988,6.05
10,12,1988,5.95
10,13,1988,6.65
10,14,1988,6.65
10,15,1988,5.1
10,16,1988,6.5
10,17,1988,5.05
10,18,1988,6.8
10,19,1988,5.95
10,20,1988,5.95
10,21,1988,4.95
10,22,1988,5.25
10,23,1988,4.9
10,24,1988,6.4
10,25,1988,3.65
10,26,1988,7.2
10,27,1988,5.85
10,28,1988,5.8
10,29,1988,5.25
10,30,1988,5.5
10,31,1988,5.65
11,01,1988,5.55
11,02,1988,5.2
11,03,1988,4.5
11,04,1988,4.7
11,05,1988,5.2
11,06,1988,4.4
11,07,1988,4.4
11,08,1988,4.9
11,09,1988,5.2
11,10,1988,5.4
11,11,1988,4.85
11,12,1988,6.4
11,13,1988,4.35
11,14,1988,4.7
11,15,1988,4.8
11,16,1988,5.25
11,17,1988,4.85
11,18,1988,3.85
11,19,1988,4.65
11,20,1988,4.8
11,21,1988,5.05
11,22,1988,4.1
11,23,1988,3.45
11,24,1988,3.65
11,25,1988,4.3
11,26,1988,3.55
11,27,1988,3.35
11,28,1988,5.3
11,29,1988,2.4
11,30,1988,3.15
12,01,1988,4.15
12,02,1988,4.4
12,03,1988,4.65
12,04,1988,4.9
12,05,1988,3.85
12,06,1988,2.9
12,07,1988,3.05
12,08,1988,0.4
12,09,1988,1.25
12,10,1988,1.05
12,11,1988,2.45
12,12,1988,2.45
12,13,1988,2.6
12,14,1988,3.4
12,15,1988,1.35
12,16,1988,4.65
12,17,1988,4.25
12,18,1988,1.25
12,19,1988,1.6
12,20,1988,2.8
12,21,1988,2.75
12,22,1988,3.9
12,23,1988,3.95
12,24,1988,3.6
12,25,1988,2.65
12,26,1988,2.25
12,27,1988,2.65
12,28,1988,2.95
12,29,1988,2.7
12,30,1988,2.45
12,31,1988,2.95
01,01,1989,1.15
01,02,1989,0.9
01,03,1989,2.7
01,04,1989,1.95
01,05,1989,3.75
01,06,1989,2.55
01,07,1989,2.05
01,08,1989,2.9
01,09,1989,2.95
01,10,1989,1.8
01,11,1989,3.8
01,12,1989,3.95
01,13,1989,3.45
01,14,1989,3.05
01,15,1989,3.85
01,16,1989,3.4
01,17,1989,3.3
01,18,1989,2.6
01,19,1989,2.75
01,20,1989,5.6
01,21,1989,5.7
01,22,1989,1.95
01,23,1989,3.2
01,24,1989,2.6
01,25,1989,2.45
01,26,1989,3.9
01,27,1989,3.8
01,28,1989,2.35
01,29,1989,4.5
01,30,1989,2.45
01,31,1989,2.85
02,01,1989,0.95
02,02,1989,0.3
02,03,1989,4.5
02,04,1989,3.95
02,05,1989,4.3
02,06,1989,3.8
02,07,1989,4.0
02,08,1989,3.85
02,09,1989,4.3
02,10,1989,4.75
02,11,1989,4.5
02,12,1989,4.1
02,13,1989,0.7
02,14,1989,3.25
02,15,1989,3.15
02,16,1989,4.6
02,17,1989,4.4
02,18,1989,4.05
02,19,1989,4.8
02,20,1989,4.85
02,21,1989,6.0
02,22,1989,5.25
02,23,1989,7.4
02,24,1989,5.3
02,25,1989,5.25
02,26,1989,5.25
02,27,1989,3.95
02,28,1989,0.5
03,01,1989,4.1
03,02,1989,4.8
03,03,1989,4.6
03,04,1989,5.95
03,05,1989,5.5
03,06,1989,5.95
03,07,1989,4.3
03,08,1989,5.75
03,09,1989,6.85
03,10,1989,5.7
03,11,1989,5.35
03,12,1989,5.7
03,13,1989,5.0
03,14,1989,4.15
03,15,1989,4.7
03,16,1989,4.9
03,17,1989,4.55
03,18,1989,5.45
03,19,1989,6.55
03,20,1989,6.65
03,21,1989,7.35
03,22,1989,6.4
03,23,1989,5.65
03,24,1989,5.25
03,25,1989,7.35
03,26,1989,7.3
03,27,1989,5.65
03,28,1989,6.3
03,29,1989,7.1
03,30,1989,7.4
03,31,1989,7.15
04,01,1989,7.25
04,02,1989,7.15
04,03,1989,6.75
04,04,1989,8.7
04,05,1989,7.45
04,06,1989,7.8
04,07,1989,6.9
04,08,1989,7.05
04,09,1989,7.05
04,10,1989,8.3
04,11,1989,6.85
04,12,1989,8.7
04,13,1989,9.25
04,14,1989,11.3
04,15,1989,6.6
04,16,1989,8.1
04,17,1989,9.2
04,18,1989,7.55
04,19,1989,7.8
04,20,1989,8.6
04,21,1989,8.95
04,22,1989,7.5
04,23,1989,5.65
04,24,1989,6.55
04,25,1989,8.25
04,26,1989,9.5
04,27,1989,7.6
04,28,1989,9.1
04,29,1989,8.5
04,30,1989,9.6
05,01,1989,8.65
05,02,1989,7.55
05,03,1989,8.65
05,04,1989,6.6
05,05,1989,8.55
05,06,1989,9.15
05,07,1989,6.6
05,08,1989,11.95
05,09,1989,8.1
05,10,1989,7.6
05,11,1989,9.55
05,12,1989,9.05
05,13,1989,9.5
05,14,1989,9.95
05,15,1989,8.8
05,16,1989,9.15
05,17,1989,9.5
05,18,1989,8.4
05,19,1989,8.65
05,20,1989,9.5
05,21,1989,8.9
05,22,1989,5.05
05,23,1989,8.65
05,24,1989,7.4
05,25,1989,7.4
05,26,1989,10.3
05,27,1989,6.4
05,28,1989,8.5
05,29,1989,8.5
05,30,1989,8.2
05,31,1989,8.3
06,01,1989,9.55
06,02,1989,7.7
06,03,1989,8.55
06,04,1989,9.75
06,05,1989,9.15
06,06,1989,9.45
06,07,1989,9.49
06,08,1989,9.7
06,09,1989,8.9
06,10,1989,9.35
06,11,1989,8.1
06,12,1989,9.3
06,13,1989,9.75
06,14,1989,9.9
06,15,1989,7.9
06,16,1989,8.5
06,17,1989,9.9
06,18,1989,9.15
06,19,1989,9.0
06,20,1989,9.25
06,21,1989,9.35
06,22,1989,9.55
06,23,1989,7.05
06,24,1989,8.2
06,25,1989,5.4
06,26,1989,4.4
06,27,1989,8.7
06,28,1989,7.3
06,29,1989,8.85
06,30,1989,6.5
07,01,1989,5.9
07,02,1989,8.55
07,03,1989,7.25
07,04,1989,5.0
07,05,1989,null
07,06,1989,14.15
07,07,1989,5.75
07,08,1989,7.3
07,09,1989,6.25
07,10,1989,8.1
07,11,1989,6.2
07,12,1989,8.9
07,13,1989,9.0
07,14,1989,6.8
07,15,1989,8.05
07,16,1989,9.13
07,17,1989,9.25
07,18,1989,5.75
07,19,1989,5.05
07,20,1989,8.75
07,21,1989,5.95
07,22,1989,7.95
07,23,1989,6.5
07,24,1989,5.05
07,25,1989,7.4
07,26,1989,4.15
07,27,1989,7.15
07,28,1989,8.6
07,29,1989,13.7
07,30,1989,5.4
07,31,1989,4.2
08,01,1989,4.5
08,02,1989,3.15
08,03,1989,6.0
08,04,1989,5.9
08,05,1989,2.95
08,06,1989,5.0
08,07,1989,5.35
08,08,1989,4.95
08,09,1989,4.85
08,10,1989,4.85
08,11,1989,2.9
08,12,1989,5.65
08,13,1989,2.25
08,14,1989,4.05
08,15,1989,4.9
08,16,1989,5.2
08,17,1989,5.35
08,18,1989,6.2
08,19,1989,3.55
08,20,1989,4.15
08,21,1989,6.3
08,22,1989,7.5
08,23,1989,5.85
08,24,1989,5.85
08,25,1989,4.7
08,26,1989,3.15
08,27,1989,5.05
08,28,1989,5.7
08,29,1989,2.25
08,30,1989,2.55
08,31,1989,7.35
09,01,1989,8.6
09,02,1989,4.05
09,03,1989,6.8
09,04,1989,6.35
09,05,1989,5.91
09,06,1989,3.94
09,07,1989,4.5
09,08,1989,7.05
09,09,1989,6.85
09,10,1989,1.3
09,11,1989,4.6
09,12,1989,3.6
09,13,1989,6.0
09,14,1989,2.3
09,15,1989,6.35
09,16,1989,6.3
09,17,1989,6.2
09,18,1989,8.05
09,19,1989,9.7
09,20,1989,1.3
09,21,1989,6.7
09,22,1989,5.65
09,23,1989,6.05
09,24,1989,7.1
09,25,1989,7.25
09,26,1989,7.45
09,27,1989,5.1
09,28,1989,7.6
09,29,1989,7.35
09,30,1989,6.9
10,01,1989,5.65
10,02,1989,6.0
10,03,1989,4.7
10,04,1989,8.95
10,05,1989,2.85
10,06,1989,5.6
10,07,1989,6.95
10,08,1989,5.8
10,09,1989,6.45
10,10,1989,7.05
10,11,1989,5.85
10,12,1989,7.0
10,13,1989,6.8
10,14,1989,5.4
10,15,1989,5.9
10,16,1989,7.6
10,17,1989,4.55
10,18,1989,7.6
10,19,1989,4.9
10,20,1989,5.65
10,21,1989,5.95
10,22,1989,6.75
10,23,1989,5.7
10,24,1989,6.2
10,25,1989,6.25
10,26,1989,4.7
10,27,1989,4.75
10,28,1989,5.4
10,29,1989,5.65
10,30,1989,5.4
10,31,1989,5.35
11,01,1989,5.1
11,02,1989,4.95
11,03,1989,4.5
11,04,1989,3.8
11,05,1989,4.6
11,06,1989,4.8
11,07,1989,4.8
11,08,1989,4.5
11,09,1989,3.2
11,10,1989,3.95
11,11,1989,2.5
11,12,1989,4.25
11,13,1989,4.4
11,14,1989,4.35
11,15,1989,3.7
11,16,1989,3.1
11,17,1989,5.6
11,18,1989,4.7
11,19,1989,3.25
11,20,1989,3.3
11,21,1989,4.15
11,22,1989,2.5
11,23,1989,2.1
11,24,1989,3.95
11,25,1989,3.44
11,26,1989,3.01
11,27,1989,3.0
11,28,1989,2.0
11,29,1989,1.55
11,30,1989,2.95
12,01,1989,3.3
12,02,1989,3.55
12,03,1989,2.15
12,04,1989,3.5
12,05,1989,2.9
12,06,1989,2.8
12,07,1989,4.25
12,08,1989,5.45
12,09,1989,4.2
12,10,1989,4.2
12,11,1989,3.9
12,12,1989,2.15
12,13,1989,3.65
12,14,1989,3.1
12,15,1989,2.65
12,16,1989,3.05
12,17,1989,1.05
12,18,1989,0.7
12,19,1989,2.75
12,20,1989,3.0
12,21,1989,1.6
12,22,1989,3.2
12,23,1989,2.45
12,24,1989,1.25
12,25,1989,2.85
12,26,1989,2.6
12,27,1989,1.15
12,28,1989,2.3
12,29,1989,3.05
12,30,1989,1.15
12,31,1989,1.3
01,01,1990,3.2
01,02,1990,2.05
01,03,1990,3.3
01,04,1990,4.75
01,05,1990,2.75
01,06,1990,3.6
01,07,1990,3.6
01,08,1990,4.45
01,09,1990,2.4
01,10,1990,4.5
01,11,1990,0.55
01,12,1990,2.67
01,13,1990,1.58
01,14,1990,6.3
01,15,1990,4.35
01,16,1990,1.6
01,17,1990,3.7
01,18,1990,3.7
01,19,1990,2.55
01,20,1990,2.35
01,21,1990,3.55
01,22,1990,2.25
01,23,1990,4.65
01,24,1990,3.7
01,25,1990,3.45
01,26,1990,4.05
01,27,1990,3.45
01,28,1990,4.0
01,29,1990,1.95
01,30,1990,3.8
01,31,1990,2.3
02,01,1990,4.9
02,02,1990,3.9
02,03,1990,3.9
02,04,1990,2.75
02,05,1990,3.05
02,06,1990,3.15
02,07,1990,0.6
02,08,1990,4.6
02,09,1990,5.65
02,10,1990,2.35
02,11,1990,4.8
02,12,1990,2.95
02,13,1990,2.85
02,14,1990,0.95
02,15,1990,2.35
02,16,1990,3.5
02,17,1990,3.2
02,18,1990,3.95
02,19,1990,3.3
02,20,1990,4.65
02,21,1990,4.4
02,22,1990,4.5
02,23,1990,6.3
02,24,1990,3.85
02,25,1990,5.85
02,26,1990,4.95
02,27,1990,5.55
02,28,1990,3.35
03,01,1990,5.6
03,02,1990,6.2
03,03,1990,5.45
03,04,1990,5.9
03,05,1990,5.65
03,06,1990,4.05
03,07,1990,4.75
03,08,1990,5.4
03,09,1990,6.25
03,10,1990,2.25
03,11,1990,2.75
03,12,1990,6.05
03,13,1990,2.9
03,14,1990,6.45
03,15,1990,5.7
03,16,1990,6.2
03,17,1990,6.45
03,18,1990,6.7
03,19,1990,6.9
03,20,1990,8.15
03,21,1990,6.9
03,22,1990,8.65
03,23,1990,7.95
03,24,1990,7.15
03,25,1990,6.95
03,26,1990,5.2
03,27,1990,10.45
03,28,1990,4.95
03,29,1990,5.55
03,30,1990,8.3
03,31,1990,6.4
04,01,1990,1.95
04,02,1990,6.5
04,03,1990,7.85
04,04,1990,7.35
04,05,1990,6.45
04,06,1990,8.75
04,07,1990,5.1
04,08,1990,7.25
04,09,1990,8.65
04,10,1990,7.05
04,11,1990,8.9
04,12,1990,5.05
04,13,1990,8.6
04,14,1990,9.1
04,15,1990,9.05
04,16,1990,9.1
04,17,1990,9.75
04,18,1990,9.6
04,19,1990,9.05
04,20,1990,11.8
04,21,1990,9.15
04,22,1990,13.95
04,23,1990,9.15
04,24,1990,9.9
04,25,1990,8.15
04,26,1990,7.85
04,27,1990,9.6
04,28,1990,8.65
04,29,1990,7.8
04,30,1990,8.15
05,01,1990,8.4
05,02,1990,7.9
05,03,1990,8.55
05,04,1990,8.2
05,05,1990,7.5
05,06,1990,7.5
05,07,1990,9.3
05,08,1990,9.4
05,09,1990,9.45
05,10,1990,9.1
05,11,1990,9.9
05,12,1990,9.95
05,13,1990,10.4
05,14,1990,9.15
05,15,1990,8.75
05,16,1990,8.95
05,17,1990,8.9
05,18,1990,9.99
05,19,1990,9.25
05,20,1990,8.8
05,21,1990,11.9
05,22,1990,6.1
05,23,1990,10.1
05,24,1990,8.2
05,25,1990,9.1
05,26,1990,8.25
05,27,1990,8.8
05,28,1990,11.45
05,29,1990,8.4
05,30,1990,9.9
05,31,1990,9.15
06,01,1990,10.95
06,02,1990,9.25
06,03,1990,9.85
06,04,1990,9.15
06,05,1990,7.9
06,06,1990,7.8
06,07,1990,9.25
06,08,1990,9.45
06,09,1990,9.95
06,10,1990,8.05
06,11,1990,8.9
06,12,1990,3.8
06,13,1990,7.8
06,14,1990,10.55
06,15,1990,8.55
06,16,1990,9.6
06,17,1990,8.8
06,18,1990,9.9
06,19,1990,10.95
06,20,1990,5.9
06,21,1990,9.0
06,22,1990,9.9
06,23,1990,8.1
06,24,1990,9.65
06,25,1990,9.9
06,26,1990,9.3
06,27,1990,8.2
06,28,1990,12.7
06,29,1990,8.7
06,30,1990,6.6
07,01,1990,1.95
07,02,1990,8.9
07,03,1990,8.05
07,04,1990,3.05
07,05,1990,5.6
07,06,1990,5.95
07,07,1990,4.03
07,08,1990,8.57
07,09,1990,4.88
07,10,1990,6.35
07,11,1990,5.45
07,12,1990,5.75
07,13,1990,8.5
07,14,1990,3.2
07,15,1990,5.25
07,16,1990,8.9
07,17,1990,null
07,18,1990,null
07,19,1990,null
07,20,1990,null
07,21,1990,null
07,22,1990,null
07,23,1990,null
07,24,1990,null
07,25,1990,null
07,26,1990,null
07,27,1990,null
07,28,1990,null
07,29,1990,null
07,30,1990,null
07,31,1990,null
08,01,1990,null
08,02,1990,null
08,03,1990,null
08,04,1990,null
08,05,1990,null
08,06,1990,null
08,07,1990,null
08,08,1990,null
08,09,1990,null
08,10,1990,null
08,11,1990,null
08,12,1990,null
08,13,1990,null
08,14,1990,null
08,15,1990,null
08,16,1990,null
08,17,1990,null
08,18,1990,null
08,19,1990,null
08,20,1990,null
08,21,1990,null
08,22,1990,null
08,23,1990,null
08,24,1990,null
08,25,1990,null
08,26,1990,null
08,27,1990,null
08,28,1990,null
08,29,1990,6.75
08,30,1990,4.1
08,31,1990,2.05
09,01,1990,3.6
09,02,1990,5.25
09,03,1990,5.35
09,04,1990,4.52
09,05,1990,5.73
09,06,1990,4.63
09,07,1990,4.57
09,08,1990,5.3
09,09,1990,7.15
09,10,1990,6.3
09,11,1990,7.3
09,12,1990,4.25
09,13,1990,5.6
09,14,1990,4.85
09,15,1990,5.85
09,16,1990,5.8
09,17,1990,5.35
09,18,1990,2.1
09,19,1990,2.1
09,20,1990,1.7
09,21,1990,0.5
09,22,1990,6.65
09,23,1990,4.8
09,24,1990,5.55
09,25,1990,5.25
09,26,1990,4.38
09,27,1990,4.75
09,28,1990,6.1
09,29,1990,4.5
09,30,1990,3.25
10,01,1990,4.45
10,02,1990,10.4
10,03,1990,3.95
10,04,1990,3.05
10,05,1990,4.75
10,06,1990,5.15
10,07,1990,10.85
10,08,1990,3.8
10,09,1990,5.0
10,10,1990,5.5
10,11,1990,3.85
10,12,1990,4.4
10,13,1990,5.85
10,14,1990,6.4
10,15,1990,3.95
10,16,1990,4.65
10,17,1990,3.85
10,18,1990,5.05
10,19,1990,5.45
10,20,1990,5.0
10,21,1990,3.25
10,22,1990,3.6
10,23,1990,4.15
10,24,1990,4.45
10,25,1990,4.51
10,26,1990,4.6
10,27,1990,5.1
10,28,1990,5.77
10,29,1990,5.23
10,30,1990,4.75
10,31,1990,5.0
11,01,1990,4.8
11,02,1990,1.75
11,03,1990,2.6
11,04,1990,5.35
11,05,1990,3.95
11,06,1990,3.5
11,07,1990,3.6
11,08,1990,5.9
11,09,1990,4.15
11,10,1990,3.7
11,11,1990,5.2
11,12,1990,4.35
11,13,1990,4.2
11,14,1990,4.75
11,15,1990,4.75
11,16,1990,3.7
11,17,1990,4.65
11,18,1990,4.85
11,19,1990,2.4
11,20,1990,4.63
11,21,1990,4.72
11,22,1990,2.8
11,23,1990,2.1
11,24,1990,4.25
11,25,1990,3.75
11,26,1990,3.6
11,27,1990,2.35
11,28,1990,4.35
11,29,1990,3.4
11,30,1990,3.4
12,01,1990,3.9
12,02,1990,4.15
12,03,1990,2.45
12,04,1990,1.95
12,05,1990,2.3
12,06,1990,3.45
12,07,1990,5.1
12,08,1990,5.65
12,09,1990,3.85
12,10,1990,3.8
12,11,1990,2.8
12,12,1990,4.75
12,13,1990,1.55
12,14,1990,3.9
12,15,1990,2.85
12,16,1990,1.05
12,17,1990,1.15
12,18,1990,2.02
12,19,1990,1.48
12,20,1990,2.6
12,21,1990,3.15
12,22,1990,2.35
12,23,1990,3.55
12,24,1990,1.1
12,25,1990,0.65
12,26,1990,1.2
12,27,1990,2.0
12,28,1990,0.5
12,29,1990,1.5
12,30,1990,2.5
12,31,1990,3.78
01,01,1991,2.35
01,02,1991,2.45
01,03,1991,2.4
01,04,1991,2.65
01,05,1991,2.15
01,06,1991,3.7
01,07,1991,2.65
01,08,1991,0.45
01,09,1991,2.25
01,10,1991,3.65
01,11,1991,3.0
01,12,1991,2.85
01,13,1991,2.6
01,14,1991,4.05
01,15,1991,1.85
01,16,1991,3.2
01,17,1991,1.95
01,18,1991,3.8
01,19,1991,3.35
01,20,1991,0.2
01,21,1991,4.65
01,22,1991,2.35
01,23,1991,3.1
01,24,1991,2.7
01,25,1991,2.45
01,26,1991,3.7
01,27,1991,3.05
01,28,1991,2.9
01,29,1991,1.55
01,30,1991,3.9
01,31,1991,4.2
02,01,1991,3.3
02,02,1991,3.9
02,03,1991,2.95
02,04,1991,3.9
02,05,1991,4.0
02,06,1991,4.7
02,07,1991,4.85
02,08,1991,5.0
02,09,1991,3.1
02,10,1991,1.45
02,11,1991,3.35
02,12,1991,4.35
02,13,1991,3.7
02,14,1991,4.25
02,15,1991,3.8
02,16,1991,5.45
02,17,1991,2.05
02,18,1991,4.9
02,19,1991,5.45
02,20,1991,5.6
02,21,1991,5.3
02,22,1991,6.5
02,23,1991,5.7
02,24,1991,5.6
02,25,1991,3.9
02,26,1991,5.6
02,27,1991,4.85
02,28,1991,1.9
03,01,1991,4.75
03,02,1991,6.35
03,03,1991,6.4
03,04,1991,7.3
03,05,1991,5.18
03,06,1991,6.12
03,07,1991,6.2
03,08,1991,5.9
03,09,1991,5.15
03,10,1991,6.0
03,11,1991,4.05
03,12,1991,5.35
03,13,1991,6.35
03,14,1991,5.85
03,15,1991,4.1
03,16,1991,5.55
03,17,1991,5.45
03,18,1991,5.35
03,19,1991,4.0
03,20,1991,3.35
03,21,1991,7.2
03,22,1991,5.15
03,23,1991,5.4
03,24,1991,6.25
03,25,1991,7.15
03,26,1991,5.5
03,27,1991,6.55
03,28,1991,7.6
03,29,1991,5.95
03,30,1991,7.45
03,31,1991,7.4
04,01,1991,6.95
04,02,1991,8.15
04,03,1991,8.55
04,04,1991,5.85
04,05,1991,5.95
04,06,1991,7.1
04,07,1991,8.5
04,08,1991,7.8
04,09,1991,9.6
04,10,1991,6.15
04,11,1991,7.1
04,12,1991,8.85
04,13,1991,8.4
04,14,1991,9.35
04,15,1991,7.2
04,16,1991,5.25
04,17,1991,9.7
04,18,1991,8.05
04,19,1991,8.45
04,20,1991,8.2
04,21,1991,7.25
04,22,1991,7.85
04,23,1991,9.15
04,24,1991,8.1
04,25,1991,4.8
04,26,1991,8.4
04,27,1991,8.1
04,28,1991,8.25
04,29,1991,8.1
04,30,1991,7.65
05,01,1991,7.9
05,02,1991,7.2
05,03,1991,8.85
05,04,1991,8.35
05,05,1991,8.2
05,06,1991,6.7
05,07,1991,9.35
05,08,1991,6.75
05,09,1991,10.35
05,10,1991,9.45
05,11,1991,8.7
05,12,1991,8.8
05,13,1991,9.9
05,14,1991,9.85
05,15,1991,9.25
05,16,1991,8.75
05,17,1991,9.5
05,18,1991,7.85
05,19,1991,7.6
05,20,1991,2.85
05,21,1991,6.3
05,22,1991,4.5
05,23,1991,5.95
05,24,1991,9.3
05,25,1991,8.1
05,26,1991,7.55
05,27,1991,8.85
05,28,1991,8.05
05,29,1991,6.8
05,30,1991,8.85
05,31,1991,8.27
06,01,1991,9.15
06,02,1991,9.1
06,03,1991,8.9
06,04,1991,8.1
06,05,1991,7.95
06,06,1991,10.15
06,07,1991,10.35
06,08,1991,8.55
06,09,1991,9.7
06,10,1991,7.9
06,11,1991,8.55
06,12,1991,10.25
06,13,1991,7.65
06,14,1991,9.45
06,15,1991,10.75
06,16,1991,11.1
06,17,1991,7.85
06,18,1991,10.85
06,19,1991,9.35
06,20,1991,9.85
06,21,1991,11.55
06,22,1991,9.6
06,23,1991,7.95
06,24,1991,9.25
06,25,1991,9.1
06,26,1991,10.3
06,27,1991,9.05
06,28,1991,4.35
06,29,1991,5.3
06,30,1991,8.1
07,01,1991,0.01
07,02,1991,0.02
07,03,1991,0.01
07,04,1991,0.01
07,05,1991,null
07,06,1991,0.02
07,07,1991,0.02
07,08,1991,0.02
07,09,1991,0.02
07,10,1991,0.02
07,11,1991,0.01
07,12,1991,0.01
07,13,1991,null
07,14,1991,0.01
07,15,1991,0.02
07,16,1991,0.02
07,17,1991,0.01
07,18,1991,0.01
07,19,1991,null
07,20,1991,0.02
07,21,1991,0.02
07,22,1991,0.02
07,23,1991,0.02
07,24,1991,0.02
07,25,1991,0.01
07,26,1991,0.01
07,27,1991,0.01
07,28,1991,0.01
07,29,1991,0.01
07,30,1991,0.01
07,31,1991,null
08,01,1991,7.9
08,02,1991,5.05
08,03,1991,5.55
08,04,1991,7.6
08,05,1991,7.8
08,06,1991,8.05
08,07,1991,5.2
08,08,1991,8.85
08,09,1991,5.15
08,10,1991,4.45
08,11,1991,5.35
08,12,1991,6.05
08,13,1991,6.35
08,14,1991,7.65
08,15,1991,7.65
08,16,1991,7.6
08,17,1991,11.6
08,18,1991,4.35
08,19,1991,5.0
08,20,1991,6.0
08,21,1991,5.75
08,22,1991,6.7
08,23,1991,5.9
08,24,1991,4.2
08,25,1991,4.2
08,26,1991,5.15
08,27,1991,6.5
08,28,1991,5.6
08,29,1991,4.35
08,30,1991,5.4
08,31,1991,5.25
09,01,1991,5.85
09,02,1991,6.75
09,03,1991,4.85
09,04,1991,2.4
09,05,1991,3.8
09,06,1991,4.85
09,07,1991,5.4
09,08,1991,3.35
09,09,1991,4.05
09,10,1991,6.0
09,11,1991,null
09,12,1991,null
09,13,1991,4.05
09,14,1991,6.15
09,15,1991,7.1
09,16,1991,0.3
09,17,1991,3.5
09,18,1991,4.15
09,19,1991,5.6
09,20,1991,null
09,21,1991,null
09,22,1991,null
09,23,1991,null
09,24,1991,null
09,25,1991,null
09,26,1991,null
09,27,1991,null
09,28,1991,null
09,29,1991,null
09,30,1991,null
10,01,1991,null
10,02,1991,null
10,03,1991,null
10,04,1991,null
10,05,1991,null
10,06,1991,4.15
10,07,1991,3.75
10,08,1991,1.3
10,09,1991,6.65
10,10,1991,5.15
10,11,1991,5.55
10,12,1991,9.7
10,13,1991,3.01
10,14,1991,5.19
10,15,1991,4.35
10,16,1991,4.75
10,17,1991,3.85
10,18,1991,5.85
10,19,1991,9.4
10,20,1991,6.05
10,21,1991,3.8
10,22,1991,6.55
10,23,1991,5.2
10,24,1991,7.05
10,25,1991,5.95
10,26,1991,4.8
10,27,1991,3.45
10,28,1991,5.55
10,29,1991,4.8
10,30,1991,4.4
10,31,1991,4.8
11,01,1991,4.4
11,02,1991,4.1
11,03,1991,3.55
11,04,1991,3.15
11,05,1991,4.2
11,06,1991,4.65
11,07,1991,3.85
11,08,1991,4.2
11,09,1991,3.3
11,10,1991,2.75
11,11,1991,1.1
11,12,1991,2.2
11,13,1991,2.38
11,14,1991,2.45
11,15,1991,2.3
11,16,1991,3.25
11,17,1991,3.2
11,18,1991,2.3
11,19,1991,4.1
11,20,1991,5.35
11,21,1991,4.05
11,22,1991,2.85
11,23,1991,4.0
11,24,1991,3.1
11,25,1991,3.5
11,26,1991,3.3
11,27,1991,2.3
11,28,1991,3.35
11,29,1991,1.3
11,30,1991,2.65
12,01,1991,2.35
12,02,1991,1.6
12,03,1991,4.2
12,04,1991,3.05
12,05,1991,2.05
12,06,1991,2.75
12,07,1991,1.5
12,08,1991,1.85
12,09,1991,3.05
12,10,1991,2.4
12,11,1991,2.16
12,12,1991,2.05
12,13,1991,1.15
12,14,1991,1.15
12,15,1991,2.0
12,16,1991,1.05
12,17,1991,2.2
12,18,1991,4.4
12,19,1991,2.8
12,20,1991,10.75
12,21,1991,1.7
12,22,1991,2.15
12,23,1991,1.1
12,24,1991,2.15
12,25,1991,2.75
12,26,1991,2.35
12,27,1991,3.05
12,28,1991,2.5
12,29,1991,2.3
12,30,1991,2.1
12,31,1991,2.85
01,01,1992,2.55
01,02,1992,1.7
01,03,1992,0.25
01,04,1992,0.25
01,05,1992,2.4
01,06,1992,1.4
01,07,1992,2.1
01,08,1992,1.85
01,09,1992,0.5
01,10,1992,1.15
01,11,1992,2.25
01,12,1992,1.35
01,13,1992,3.65
01,14,1992,1.1
01,15,1992,0.9
01,16,1992,0.71
01,17,1992,0.52
01,18,1992,3.18
01,19,1992,1.5
01,20,1992,3.9
01,21,1992,3.0
01,22,1992,3.4
01,23,1992,1.65
01,24,1992,1.05
01,25,1992,1.4
01,26,1992,2.5
01,27,1992,2.25
01,28,1992,3.3
01,29,1992,2.85
01,30,1992,3.6
01,31,1992,4.1
02,01,1992,2.45
02,02,1992,2.6
02,03,1992,2.6
02,04,1992,2.15
02,05,1992,3.0
02,06,1992,2.35
02,07,1992,3.2
02,08,1992,2.15
02,09,1992,2.1
02,10,1992,4.3
02,11,1992,4.05
02,12,1992,2.75
02,13,1992,2.5
02,14,1992,2.6
02,15,1992,3.5
02,16,1992,2.9
02,17,1992,3.15
02,18,1992,5.3
02,19,1992,3.15
02,20,1992,4.25
02,21,1992,3.55
02,22,1992,4.1
02,23,1992,5.5
02,24,1992,8.85
02,25,1992,1.17
02,26,1992,4.23
02,27,1992,4.95
02,28,1992,5.0
02,29,1992,4.1
03,01,1992,2.6
03,02,1992,3.9
03,03,1992,5.5
03,04,1992,5.6
03,05,1992,5.2
03,06,1992,5.0
03,07,1992,2.6
03,08,1992,4.7
03,09,1992,6.3
03,10,1992,3.45
03,11,1992,2.05
03,12,1992,4.7
03,13,1992,5.8
03,14,1992,6.35
03,15,1992,6.35
03,16,1992,4.8
03,17,1992,2.3
03,18,1992,5.5
03,19,1992,5.1
03,20,1992,5.7
03,21,1992,5.85
03,22,1992,3.65
03,23,1992,6.5
03,24,1992,5.6
03,25,1992,5.8
03,26,1992,3.4
03,27,1992,7.4
03,28,1992,6.45
03,29,1992,7.45
03,30,1992,6.3
03,31,1992,6.1
04,01,1992,5.7
04,02,1992,4.55
04,03,1992,8.05
04,04,1992,7.75
04,05,1992,7.05
04,06,1992,7.8
04,07,1992,4.2
04,08,1992,7.6
04,09,1992,8.9
04,10,1992,8.35
04,11,1992,6.4
04,12,1992,8.3
04,13,1992,7.5
04,14,1992,7.05
04,15,1992,7.5
04,16,1992,6.75
04,17,1992,7.7
04,18,1992,6.95
04,19,1992,6.45
04,20,1992,6.7
04,21,1992,9.2
04,22,1992,8.1
04,23,1992,7.3
04,24,1992,8.4
04,25,1992,8.2
04,26,1992,9.2
04,27,1992,8.6
04,28,1992,9.2
04,29,1992,9.8
04,30,1992,8.25
05,01,1992,8.5
05,02,1992,8.7
05,03,1992,8.55
05,04,1992,9.8
05,05,1992,8.15
05,06,1992,9.1
05,07,1992,9.75
05,08,1992,13.05
05,09,1992,9.85
05,10,1992,7.4
05,11,1992,10.45
05,12,1992,8.15
05,13,1992,9.2
05,14,1992,9.5
05,15,1992,8.7
05,16,1992,9.45
05,17,1992,7.55
05,18,1992,7.0
05,19,1992,6.9
05,20,1992,9.5
05,21,1992,8.3
05,22,1992,9.15
05,23,1992,8.45
05,24,1992,8.95
05,25,1992,9.45
05,26,1992,6.6
05,27,1992,9.35
05,28,1992,10.15
05,29,1992,8.8
05,30,1992,8.35
05,31,1992,7.95
06,01,1992,7.25
06,02,1992,11.35
06,03,1992,10.05
06,04,1992,8.6
06,05,1992,9.15
06,06,1992,8.55
06,07,1992,9.1
06,08,1992,7.55
06,09,1992,10.35
06,10,1992,7.6
06,11,1992,8.65
06,12,1992,8.75
06,13,1992,9.55
06,14,1992,9.35
06,15,1992,10.5
06,16,1992,8.5
06,17,1992,9.6
06,18,1992,8.75
06,19,1992,10.1
06,20,1992,10.45
06,21,1992,10.2
06,22,1992,9.95
06,23,1992,9.8
06,24,1992,10.1
06,25,1992,9.85
06,26,1992,7.95
06,27,1992,8.2
06,28,1992,7.75
06,29,1992,9.4
06,30,1992,9.75
07,01,1992,10.0
07,02,1992,10.55
07,03,1992,8.1
07,04,1992,12.3
07,05,1992,6.7
07,06,1992,3.2
07,07,1992,7.6
07,08,1992,7.1
07,09,1992,7.75
07,10,1992,8.55
07,11,1992,10.75
07,12,1992,7.4
07,13,1992,8.2
07,14,1992,6.2
07,15,1992,6.6
07,16,1992,4.3
07,17,1992,6.05
07,18,1992,6.55
07,19,1992,5.0
07,20,1992,4.0
07,21,1992,5.9
07,22,1992,8.2
07,23,1992,4.6
07,24,1992,3.2
07,25,1992,6.45
07,26,1992,6.5
07,27,1992,6.5
07,28,1992,5.95
07,29,1992,6.55
07,30,1992,4.02
07,31,1992,2.38
08,01,1992,6.35
08,02,1992,7.3
08,03,1992,4.1
08,04,1992,6.55
08,05,1992,7.05
08,06,1992,7.55
08,07,1992,6.1
08,08,1992,7.45
08,09,1992,8.5
08,10,1992,6.3
08,11,1992,6.0
08,12,1992,6.7
08,13,1992,6.7
08,14,1992,11.1
08,15,1992,7.1
08,16,1992,6.9
08,17,1992,6.95
08,18,1992,5.45
08,19,1992,8.5
08,20,1992,4.05
08,21,1992,5.35
08,22,1992,5.25
08,23,1992,5.0
08,24,1992,6.2
08,25,1992,5.4
08,26,1992,6.2
08,27,1992,7.25
08,28,1992,5.85
08,29,1992,2.4
08,30,1992,4.2
08,31,1992,7.3
09,01,1992,4.55
09,02,1992,5.35
09,03,1992,6.65
09,04,1992,4.7
09,05,1992,3.65
09,06,1992,5.4
09,07,1992,6.65
09,08,1992,5.0
09,09,1992,3.65
09,10,1992,5.2
09,11,1992,5.1
09,12,1992,6.25
09,13,1992,2.3
09,14,1992,3.9
09,15,1992,4.63
09,16,1992,5.32
09,17,1992,6.53
09,18,1992,4.25
09,19,1992,6.2
09,20,1992,4.3
09,21,1992,6.75
09,22,1992,6.35
09,23,1992,8.55
09,24,1992,5.85
09,25,1992,4.55
09,26,1992,5.95
09,27,1992,6.65
09,28,1992,6.25
09,29,1992,10.95
09,30,1992,7.8
10,01,1992,7.4
10,02,1992,7.45
10,03,1992,5.75
10,04,1992,6.8
10,05,1992,4.1
10,06,1992,4.65
10,07,1992,6.05
10,08,1992,6.1
10,09,1992,5.3
10,10,1992,7.4
10,11,1992,5.2
10,12,1992,6.1
10,13,1992,7.15
10,14,1992,6.25
10,15,1992,6.2
10,16,1992,6.9
10,17,1992,7.5
10,18,1992,6.05
10,19,1992,5.6
10,20,1992,8.4
10,21,1992,3.75
10,22,1992,6.3
10,23,1992,7.1
10,24,1992,6.1
10,25,1992,7.7
10,26,1992,5.75
10,27,1992,4.35
10,28,1992,5.6
10,29,1992,3.3
10,30,1992,5.1
10,31,1992,4.4
11,01,1992,7.5
11,02,1992,5.3
11,03,1992,5.1
11,04,1992,4.3
11,05,1992,5.1
11,06,1992,5.9
11,07,1992,4.4
11,08,1992,5.0
11,09,1992,4.4
11,10,1992,5.05
11,11,1992,5.55
11,12,1992,4.1
11,13,1992,3.95
11,14,1992,5.15
11,15,1992,5.85
11,16,1992,4.7
11,17,1992,5.2
11,18,1992,3.35
11,19,1992,4.15
11,20,1992,3.2
11,21,1992,2.85
11,22,1992,4.15
11,23,1992,3.75
11,24,1992,4.1
11,25,1992,3.95
11,26,1992,4.05
11,27,1992,3.25
11,28,1992,5.0
11,29,1992,4.25
11,30,1992,4.42
12,01,1992,3.45
12,02,1992,3.55
12,03,1992,1.6
12,04,1992,2.35
12,05,1992,1.2
12,06,1992,1.1
12,07,1992,4.1
12,08,1992,3.6
12,09,1992,2.3
12,10,1992,3.5
12,11,1992,4.05
12,12,1992,1.25
12,13,1992,2.85
12,14,1992,3.05
12,15,1992,2.4
12,16,1992,4.3
12,17,1992,2.55
12,18,1992,2.55
12,19,1992,2.6
12,20,1992,2.25
12,21,1992,3.0
12,22,1992,2.65
12,23,1992,3.25
12,24,1992,2.2
12,25,1992,4.7
12,26,1992,1.5
12,27,1992,4.4
12,28,1992,3.1
12,29,1992,3.85
12,30,1992,2.6
12,31,1992,3.45
01,01,1993,1.2
01,02,1993,3.7
01,03,1993,3.55
01,04,1993,2.05
01,05,1993,4.2
01,06,1993,0.25
01,07,1993,2.5
01,08,1993,2.6
01,09,1993,2.45
01,10,1993,3.55
01,11,1993,3.4
01,12,1993,4.15
01,13,1993,3.2
01,14,1993,4.3
01,15,1993,4.1
01,16,1993,3.45
01,17,1993,2.65
01,18,1993,3.2
01,19,1993,3.3
01,20,1993,3.1
01,21,1993,4.6
01,22,1993,3.8
01,23,1993,2.8
01,24,1993,4.5
01,25,1993,2.8
01,26,1993,2.25
01,27,1993,1.5
01,28,1993,0.75
01,29,1993,5.4
01,30,1993,4.14
01,31,1993,2.46
02,01,1993,5.2
02,02,1993,4.05
02,03,1993,3.7
02,04,1993,4.8
02,05,1993,4.4
02,06,1993,3.35
02,07,1993,4.7
02,08,1993,4.15
02,09,1993,1.2
02,10,1993,4.4
02,11,1993,4.65
02,12,1993,3.6
02,13,1993,4.15
02,14,1993,3.0
02,15,1993,4.3
02,16,1993,4.75
02,17,1993,4.35
02,18,1993,4.4
02,19,1993,6.1
02,20,1993,5.25
02,21,1993,4.6
02,22,1993,5.4
02,23,1993,2.8
02,24,1993,2.9
02,25,1993,3.1
02,26,1993,5.5
02,27,1993,5.8
02,28,1993,2.2
03,01,1993,2.3
03,02,1993,5.55
03,03,1993,5.35
03,04,1993,5.45
03,05,1993,5.05
03,06,1993,7.1
03,07,1993,6.45
03,08,1993,4.8
03,09,1993,7.35
03,10,1993,5.9
03,11,1993,7.5
03,12,1993,6.15
03,13,1993,6.65
03,14,1993,5.0
03,15,1993,6.65
03,16,1993,6.3
03,17,1993,5.95
03,18,1993,8.9
03,19,1993,6.6
03,20,1993,5.5
03,21,1993,4.35
03,22,1993,5.2
03,23,1993,5.05
03,24,1993,6.25
03,25,1993,7.6
03,26,1993,7.1
03,27,1993,6.98
03,28,1993,6.42
03,29,1993,5.85
03,30,1993,7.95
03,31,1993,7.05
04,01,1993,7.45
04,02,1993,8.25
04,03,1993,7.2
04,04,1993,7.25
04,05,1993,7.25
04,06,1993,8.75
04,07,1993,7.75
04,08,1993,8.15
04,09,1993,8.6
04,10,1993,7.5
04,11,1993,7.85
04,12,1993,6.2
04,13,1993,4.45
04,14,1993,6.6
04,15,1993,8.05
04,16,1993,9.55
04,17,1993,8.95
04,18,1993,7.9
04,19,1993,9.05
04,20,1993,7.9
04,21,1993,8.6
04,22,1993,9.05
04,23,1993,10.15
04,24,1993,7.25
04,25,1993,7.05
04,26,1993,9.55
04,27,1993,8.95
04,28,1993,8.7
04,29,1993,8.4
04,30,1993,10.7
05,01,1993,8.6
05,02,1993,7.65
05,03,1993,8.2
05,04,1993,9.2
05,05,1993,9.35
05,06,1993,10.75
05,07,1993,9.4
05,08,1993,7.8
05,09,1993,8.2
05,10,1993,8.45
05,11,1993,9.1
05,12,1993,6.75
05,13,1993,7.1
05,14,1993,10.3
05,15,1993,8.6
05,16,1993,7.75
05,17,1993,8.3
05,18,1993,8.65
05,19,1993,7.8
05,20,1993,8.15
05,21,1993,6.5
05,22,1993,8.6
05,23,1993,9.1
05,24,1993,7.95
05,25,1993,8.35
05,26,1993,9.1
05,27,1993,8.45
05,28,1993,8.65
05,29,1993,8.4
05,30,1993,10.3
05,31,1993,8.95
06,01,1993,8.95
06,02,1993,9.75
06,03,1993,9.05
06,04,1993,9.25
06,05,1993,7.65
06,06,1993,10.4
06,07,1993,9.75
06,08,1993,9.4
06,09,1993,10.4
06,10,1993,9.65
06,11,1993,9.9
06,12,1993,10.25
06,13,1993,9.1
06,14,1993,9.25
06,15,1993,9.05
06,16,1993,11.1
06,17,1993,10.9
06,18,1993,11.15
06,19,1993,10.0
06,20,1993,9.95
06,21,1993,10.85
06,22,1993,9.15
06,23,1993,6.95
06,24,1993,6.6
06,25,1993,11.25
06,26,1993,8.35
06,27,1993,8.4
06,28,1993,10.4
06,29,1993,10.65
06,30,1993,10.1
07,01,1993,6.55
07,02,1993,4.8
07,03,1993,6.05
07,04,1993,12.1
07,05,1993,5.7
07,06,1993,9.5
07,07,1993,5.95
07,08,1993,7.45
07,09,1993,5.25
07,10,1993,8.3
07,11,1993,4.85
07,12,1993,5.25
07,13,1993,7.69
07,14,1993,6.11
07,15,1993,5.75
07,16,1993,6.7
07,17,1993,8.95
07,18,1993,7.25
07,19,1993,7.35
07,20,1993,4.1
07,21,1993,8.7
07,22,1993,9.15
07,23,1993,5.45
07,24,1993,9.4
07,25,1993,8.7
07,26,1993,7.75
07,27,1993,10.0
07,28,1993,11.25
07,29,1993,6.95
07,30,1993,6.85
07,31,1993,6.55
08,01,1993,10.15
08,02,1993,4.93
08,03,1993,6.52
08,04,1993,7.4
08,05,1993,10.85
08,06,1993,8.05
08,07,1993,7.75
08,08,1993,8.35
08,09,1993,8.2
08,10,1993,8.9
08,11,1993,7.4
08,12,1993,6.5
08,13,1993,6.65
08,14,1993,8.6
08,15,1993,5.88
08,16,1993,3.15
08,17,1993,5.55
08,18,1993,6.9
08,19,1993,5.4
08,20,1993,5.85
08,21,1993,2.45
08,22,1993,6.4
08,23,1993,3.0
08,24,1993,3.75
08,25,1993,4.85
08,26,1993,4.85
08,27,1993,5.55
08,28,1993,5.65
08,29,1993,3.25
08,30,1993,5.1
08,31,1993,5.6
09,01,1993,2.15
09,02,1993,7.45
09,03,1993,3.05
09,04,1993,5.9
09,05,1993,2.8
09,06,1993,5.55
09,07,1993,4.3
09,08,1993,6.85
09,09,1993,6.8
09,10,1993,5.9
09,11,1993,4.8
09,12,1993,4.0
09,13,1993,3.2
09,14,1993,6.2
09,15,1993,5.35
09,16,1993,6.25
09,17,1993,6.4
09,18,1993,6.4
09,19,1993,5.3
09,20,1993,7.65
09,21,1993,5.75
09,22,1993,3.65
09,23,1993,1.65
09,24,1993,3.65
09,25,1993,4.1
09,26,1993,1.6
09,27,1993,6.55
09,28,1993,6.25
09,29,1993,6.1
09,30,1993,5.95
10,01,1993,5.8
10,02,1993,4.65
10,03,1993,6.2
10,04,1993,4.2
10,05,1993,4.15
10,06,1993,4.4
10,07,1993,5.1
10,08,1993,5.8
10,09,1993,4.7
10,10,1993,6.15
10,11,1993,5.2
10,12,1993,5.55
10,13,1993,5.1
10,14,1993,4.75
10,15,1993,5.55
10,16,1993,5.95
10,17,1993,5.4
10,18,1993,6.55
10,19,1993,5.7
10,20,1993,5.9
10,21,1993,6.75
10,22,1993,6.15
10,23,1993,5.85
10,24,1993,6.5
10,25,1993,5.7
10,26,1993,5.2
10,27,1993,4.5
10,28,1993,3.2
10,29,1993,3.95
10,30,1993,4.25
10,31,1993,5.2
11,01,1993,5.2
11,02,1993,4.7
11,03,1993,3.3
11,04,1993,1.2
11,05,1993,2.0
11,06,1993,3.65
11,07,1993,3.2
11,08,1993,2.65
11,09,1993,3.4
11,10,1993,3.4
11,11,1993,4.1
11,12,1993,3.85
11,13,1993,4.3
11,14,1993,3.7
11,15,1993,3.9
11,16,1993,3.85
11,17,1993,4.2
11,18,1993,2.55
11,19,1993,3.65
11,20,1993,3.15
11,21,1993,3.5
11,22,1993,4.1
11,23,1993,2.6
11,24,1993,4.05
11,25,1993,3.8
11,26,1993,3.9
11,27,1993,3.8
11,28,1993,3.45
11,29,1993,3.6
11,30,1993,3.15
12,01,1993,1.35
12,02,1993,4.35
12,03,1993,1.8
12,04,1993,2.55
12,05,1993,1.85
12,06,1993,3.6
12,07,1993,4.5
12,08,1993,3.9
12,09,1993,3.65
12,10,1993,2.5
12,11,1993,4.6
12,12,1993,3.55
12,13,1993,4.05
12,14,1993,2.4
12,15,1993,3.6
12,16,1993,2.1
12,17,1993,4.15
12,18,1993,3.15
12,19,1993,3.75
12,20,1993,3.1
12,21,1993,2.25
12,22,1993,3.5
12,23,1993,2.95
12,24,1993,2.85
12,25,1993,2.75
12,26,1993,3.25
12,27,1993,2.85
12,28,1993,1.85
12,29,1993,2.8
12,30,1993,3.0
12,31,1993,1.4
01,01,1994,2.45
01,02,1994,2.95
01,03,1994,4.1
01,04,1994,3.4
01,05,1994,3.6
01,06,1994,3.4
01,07,1994,3.1
01,08,1994,5.7
01,09,1994,3.7
01,10,1994,3.2
01,11,1994,3.3
01,12,1994,3.6
01,13,1994,3.1
01,14,1994,2.85
01,15,1994,3.8
01,16,1994,3.15
01,17,1994,2.55
01,18,1994,4.05
01,19,1994,4.67
01,20,1994,1.08
01,21,1994,2.65
01,22,1994,3.0
01,23,1994,4.4
01,24,1994,3.5
01,25,1994,4.25
01,26,1994,2.7
01,27,1994,3.5
01,28,1994,3.25
01,29,1994,4.1
01,30,1994,4.45
01,31,1994,3.85
02,01,1994,3.8
02,02,1994,4.75
02,03,1994,4.35
02,04,1994,3.55
02,05,1994,4.55
02,06,1994,4.8
02,07,1994,5.25
02,08,1994,3.85
02,09,1994,5.85
02,10,1994,5.1
02,11,1994,9.6
02,12,1994,4.35
02,13,1994,4.2
02,14,1994,4.2
02,15,1994,5.45
02,16,1994,4.8
02,17,1994,5.15
02,18,1994,3.65
02,19,1994,5.65
02,20,1994,5.05
02,21,1994,5.55
02,22,1994,4.8
02,23,1994,4.2
02,24,1994,4.85
02,25,1994,4.25
02,26,1994,6.6
02,27,1994,3.35
02,28,1994,4.6
03,01,1994,2.45
03,02,1994,4.7
03,03,1994,2.1
03,04,1994,5.8
03,05,1994,6.8
03,06,1994,6.55
03,07,1994,5.8
03,08,1994,6.15
03,09,1994,5.8
03,10,1994,5.2
03,11,1994,6.85
03,12,1994,4.55
03,13,1994,5.5
03,14,1994,5.3
03,15,1994,5.1
03,16,1994,5.4
03,17,1994,5.55
03,18,1994,5.75
03,19,1994,5.65
03,20,1994,6.05
03,21,1994,7.1
03,22,1994,6.35
03,23,1994,5.6
03,24,1994,6.0
03,25,1994,7.25
03,26,1994,6.85
03,27,1994,8.4
03,28,1994,7.2
03,29,1994,7.1
03,30,1994,7.63
03,31,1994,5.47
04,01,1994,7.9
04,02,1994,6.75
04,03,1994,7.3
04,04,1994,5.75
04,05,1994,6.75
04,06,1994,9.65
04,07,1994,8.1
04,08,1994,7.55
04,09,1994,12.25
04,10,1994,7.75
04,11,1994,7.65
04,12,1994,6.7
04,13,1994,6.5
04,14,1994,6.8
04,15,1994,8.05
04,16,1994,8.0
04,17,1994,9.85
04,18,1994,9.55
04,19,1994,9.1
04,20,1994,5.3
04,21,1994,9.55
04,22,1994,8.3
04,23,1994,8.3
04,24,1994,7.75
04,25,1994,7.25
04,26,1994,7.8
04,27,1994,7.4
04,28,1994,10.4
04,29,1994,6.7
04,30,1994,8.1
05,01,1994,8.45
05,02,1994,9.3
05,03,1994,9.0
05,04,1994,9.25
05,05,1994,10.6
05,06,1994,8.65
05,07,1994,6.35
05,08,1994,6.1
05,09,1994,9.55
05,10,1994,10.15
05,11,1994,8.6
05,12,1994,13.7
05,13,1994,9.75
05,14,1994,8.65
05,15,1994,11.3
05,16,1994,10.0
05,17,1994,9.55
05,18,1994,13.65
05,19,1994,12.2
05,20,1994,12.6
05,21,1994,10.15
05,22,1994,7.15
05,23,1994,8.5
05,24,1994,9.5
05,25,1994,8.8
05,26,1994,8.35
05,27,1994,9.1
05,28,1994,10.1
05,29,1994,8.0
05,30,1994,9.1
05,31,1994,8.6
06,01,1994,9.3
06,02,1994,10.1
06,03,1994,8.6
06,04,1994,8.45
06,05,1994,8.3
06,06,1994,9.1
06,07,1994,10.55
06,08,1994,9.6
06,09,1994,10.2
06,10,1994,10.3
06,11,1994,12.1
06,12,1994,10.85
06,13,1994,10.1
06,14,1994,10.3
06,15,1994,8.75
06,16,1994,10.25
06,17,1994,7.5
06,18,1994,9.3
06,19,1994,10.95
06,20,1994,6.75
06,21,1994,6.85
06,22,1994,8.2
06,23,1994,3.2
06,24,1994,6.95
06,25,1994,9.65
06,26,1994,9.35
06,27,1994,10.2
06,28,1994,9.15
06,29,1994,10.1
06,30,1994,10.1
07,01,1994,8.0
07,02,1994,8.33
07,03,1994,11.75
07,04,1994,5.4
07,05,1994,8.85
07,06,1994,10.15
07,07,1994,8.7
07,08,1994,9.95
07,09,1994,7.4
07,10,1994,3.15
07,11,1994,7.8
07,12,1994,7.05
07,13,1994,8.95
07,14,1994,7.25
07,15,1994,5.0
07,16,1994,9.9
07,17,1994,7.5
07,18,1994,5.35
07,19,1994,5.3
07,20,1994,9.9
07,21,1994,8.15
07,22,1994,4.15
07,23,1994,4.95
07,24,1994,5.45
07,25,1994,10.05
07,26,1994,6.5
07,27,1994,7.5
07,28,1994,8.1
07,29,1994,3.15
07,30,1994,3.35
07,31,1994,6.1
08,01,1994,7.2
08,02,1994,3.05
08,03,1994,5.7
08,04,1994,7.75
08,05,1994,6.0
08,06,1994,9.15
08,07,1994,7.15
08,08,1994,3.25
08,09,1994,7.75
08,10,1994,4.7
08,11,1994,7.6
08,12,1994,1.2
08,13,1994,2.5
08,14,1994,3.8
08,15,1994,4.3
08,16,1994,4.1
08,17,1994,4.35
08,18,1994,7.0
08,19,1994,5.35
08,20,1994,5.4
08,21,1994,6.55
08,22,1994,4.3
08,23,1994,10.45
08,24,1994,7.15
08,25,1994,3.8
08,26,1994,10.55
08,27,1994,9.33
08,28,1994,8.1
08,29,1994,7.13
08,30,1994,6.15
08,31,1994,2.15
09,01,1994,5.17
09,02,1994,8.2
09,03,1994,5.75
09,04,1994,3.3
09,05,1994,3.7
09,06,1994,6.15
09,07,1994,5.1
09,08,1994,5.15
09,09,1994,5.2
09,10,1994,7.5
09,11,1994,7.1
09,12,1994,7.55
09,13,1994,6.15
09,14,1994,6.2
09,15,1994,7.65
09,16,1994,7.25
09,17,1994,6.05
09,18,1994,5.05
09,19,1994,8.65
09,20,1994,5.1
09,21,1994,4.35
09,22,1994,7.6
09,23,1994,5.4
09,24,1994,7.55
09,25,1994,6.05
09,26,1994,6.85
09,27,1994,7.8
09,28,1994,6.6
09,29,1994,6.05
09,30,1994,8.3
10,01,1994,5.1
10,02,1994,5.85
10,03,1994,6.8
10,04,1994,7.05
10,05,1994,6.15
10,06,1994,7.15
10,07,1994,1.35
10,08,1994,4.2
10,09,1994,3.1
10,10,1994,6.85
10,11,1994,5.5
10,12,1994,6.1
10,13,1994,5.5
10,14,1994,5.05
10,15,1994,6.1
10,16,1994,5.9
10,17,1994,5.85
10,18,1994,5.5
10,19,1994,5.4
10,20,1994,6.8
10,21,1994,5.1
10,22,1994,5.0
10,23,1994,6.1
10,24,1994,4.15
10,25,1994,5.35
10,26,1994,6.2
10,27,1994,5.2
10,28,1994,5.55
10,29,1994,5.2
10,30,1994,4.15
10,31,1994,3.5
11,01,1994,3.45
11,02,1994,2.1
11,03,1994,6.1
11,04,1994,5.55
11,05,1994,4.7
11,06,1994,4.75
11,07,1994,4.95
11,08,1994,4.7
11,09,1994,4.5
11,10,1994,4.15
11,11,1994,4.85
11,12,1994,4.4
11,13,1994,4.65
11,14,1994,3.35
11,15,1994,2.05
11,16,1994,3.15
11,17,1994,1.0
11,18,1994,1.2
11,19,1994,3.2
11,20,1994,4.5
11,21,1994,2.4
11,22,1994,3.75
11,23,1994,4.15
11,24,1994,2.75
11,25,1994,2.45
11,26,1994,4.75
11,27,1994,4.15
11,28,1994,1.75
11,29,1994,1.1
11,30,1994,2.65
12,01,1994,3.05
12,02,1994,0.8
12,03,1994,4.05
12,04,1994,3.15
12,05,1994,2.75
12,06,1994,2.3
12,07,1994,3.9
12,08,1994,3.65
12,09,1994,2.25
12,10,1994,2.15
12,11,1994,4.95
12,12,1994,1.2
12,13,1994,4.7
12,14,1994,4.05
12,15,1994,2.05
12,16,1994,3.15
12,17,1994,3.6
12,18,1994,1.2
12,19,1994,1.9
12,20,1994,1.9
12,21,1994,1.2
12,22,1994,0.6
12,23,1994,1.85
12,24,1994,1.6
12,25,1994,1.85
12,26,1994,1.95
12,27,1994,1.35
12,28,1994,3.05
12,29,1994,2.5
12,30,1994,3.95
12,31,1994,3.05
01,01,1995,1.35
01,02,1995,3.25
01,03,1995,3.2
01,04,1995,2.6
01,05,1995,2.25
01,06,1995,3.5
01,07,1995,3.2
01,08,1995,3.3
01,09,1995,2.95
01,10,1995,2.95
01,11,1995,3.8
01,12,1995,2.4
01,13,1995,4.55
01,14,1995,3.1
01,15,1995,3.8
01,16,1995,3.45
01,17,1995,3.3
01,18,1995,3.15
01,19,1995,1.15
01,20,1995,1.25
01,21,1995,4.55
01,22,1995,3.85
01,23,1995,4.3
01,24,1995,4.65
01,25,1995,3.45
01,26,1995,4.15
01,27,1995,3.6
01,28,1995,4.1
01,29,1995,4.35
01,30,1995,3.15
01,31,1995,4.1
02,01,1995,4.05
02,02,1995,3.55
02,03,1995,4.2
02,04,1995,6.25
02,05,1995,5.45
02,06,1995,4.7
02,07,1995,3.1
02,08,1995,5.2
02,09,1995,2.95
02,10,1995,2.4
02,11,1995,4.6
02,12,1995,4.2
02,13,1995,4.8
02,14,1995,5.15
02,15,1995,3.85
02,16,1995,5.2
02,17,1995,3.55
02,18,1995,5.75
02,19,1995,2.6
02,20,1995,5.3
02,21,1995,5.7
02,22,1995,5.7
02,23,1995,6.45
02,24,1995,3.35
02,25,1995,5.7
02,26,1995,2.9
02,27,1995,6.8
02,28,1995,6.4
03,01,1995,4.7
03,02,1995,5.85
03,03,1995,4.3
03,04,1995,3.15
03,05,1995,7.5
03,06,1995,5.8
03,07,1995,6.25
03,08,1995,6.6
03,09,1995,6.2
03,10,1995,6.15
03,11,1995,5.95
03,12,1995,5.7
03,13,1995,5.2
03,14,1995,7.1
03,15,1995,6.3
03,16,1995,5.15
03,17,1995,6.5
03,18,1995,4.63
03,19,1995,7.1
03,20,1995,5.9
03,21,1995,6.6
03,22,1995,6.9
03,23,1995,6.6
03,24,1995,7.4
03,25,1995,6.9
03,26,1995,6.9
03,27,1995,4.5
03,28,1995,8.4
03,29,1995,7.95
03,30,1995,2.95
03,31,1995,5.35
04,01,1995,7.75
04,02,1995,6.85
04,03,1995,7.1
04,04,1995,8.3
04,05,1995,8.45
04,06,1995,6.5
04,07,1995,8.65
04,08,1995,8.7
04,09,1995,8.3
04,10,1995,7.2
04,11,1995,7.1
04,12,1995,9.4
04,13,1995,9.45
04,14,1995,8.15
04,15,1995,10.8
04,16,1995,9.35
04,17,1995,8.95
04,18,1995,7.8
04,19,1995,8.1
04,20,1995,7.9
04,21,1995,7.8
04,22,1995,7.85
04,23,1995,7.65
04,24,1995,4.3
04,25,1995,8.85
04,26,1995,8.45
04,27,1995,10.2
04,28,1995,8.8
04,29,1995,9.8
04,30,1995,9.2
05,01,1995,8.4
05,02,1995,8.15
05,03,1995,10.5
05,04,1995,8.05
05,05,1995,9.65
05,06,1995,6.45
05,07,1995,9.45
05,08,1995,7.75
05,09,1995,10.55
05,10,1995,8.7
05,11,1995,8.55
05,12,1995,9.65
05,13,1995,8.15
05,14,1995,6.45
05,15,1995,6.55
05,16,1995,7.8
05,17,1995,8.3
05,18,1995,8.2
05,19,1995,10.3
05,20,1995,10.2
05,21,1995,8.4
05,22,1995,9.3
05,23,1995,9.1
05,24,1995,8.8
05,25,1995,8.2
05,26,1995,6.75
05,27,1995,8.35
05,28,1995,8.1
05,29,1995,4.2
05,30,1995,9.55
05,31,1995,9.25
06,01,1995,9.05
06,02,1995,9.15
06,03,1995,9.1
06,04,1995,10.5
06,05,1995,8.65
06,06,1995,11.35
06,07,1995,7.65
06,08,1995,7.95
06,09,1995,8.9
06,10,1995,8.35
06,11,1995,10.3
06,12,1995,10.4
06,13,1995,9.55
06,14,1995,10.1
06,15,1995,10.25
06,16,1995,10.45
06,17,1995,11.45
06,18,1995,9.3
06,19,1995,7.25
06,20,1995,10.35
06,21,1995,9.85
06,22,1995,8.6
06,23,1995,9.85
06,24,1995,10.7
06,25,1995,10.1
06,26,1995,11.3
06,27,1995,9.85
06,28,1995,9.45
06,29,1995,12.15
06,30,1995,7.2
07,01,1995,9.0
07,02,1995,9.65
07,03,1995,8.45
07,04,1995,10.5
07,05,1995,14.2
07,06,1995,7.1
07,07,1995,7.8
07,08,1995,8.3
07,09,1995,6.8
07,10,1995,7.8
07,11,1995,9.1
07,12,1995,8.3
07,13,1995,8.6
07,14,1995,4.2
07,15,1995,6.05
07,16,1995,2.93
07,17,1995,3.3
07,18,1995,7.7
07,19,1995,8.4
07,20,1995,7.9
07,21,1995,8.5
07,22,1995,7.9
07,23,1995,7.1
07,24,1995,6.3
07,25,1995,9.4
07,26,1995,5.2
07,27,1995,6.6
07,28,1995,6.85
07,29,1995,5.95
07,30,1995,8.1
07,31,1995,3.85
08,01,1995,7.1
08,02,1995,8.35
08,03,1995,5.6
08,04,1995,5.2
08,05,1995,6.9
08,06,1995,5.5
08,07,1995,8.3
08,08,1995,6.9
08,09,1995,7.4
08,10,1995,4.8
08,11,1995,7.3
08,12,1995,6.85
08,13,1995,0.35
08,14,1995,6.15
08,15,1995,6.4
08,16,1995,8.05
08,17,1995,1.1
08,18,1995,1.85
08,19,1995,5.05
08,20,1995,6.9
08,21,1995,6.9
08,22,1995,8.55
08,23,1995,4.55
08,24,1995,6.6
08,25,1995,5.75
08,26,1995,5.1
08,27,1995,5.8
08,28,1995,4.45
08,29,1995,5.25
08,30,1995,5.45
08,31,1995,7.4
09,01,1995,4.65
09,02,1995,5.45
09,03,1995,3.7
09,04,1995,6.0
09,05,1995,6.05
09,06,1995,6.2
09,07,1995,6.35
09,08,1995,5.25
09,09,1995,4.65
09,10,1995,2.6
09,11,1995,5.43
09,12,1995,4.25
09,13,1995,3.65
09,14,1995,1.1
09,15,1995,0.9
09,16,1995,5.1
09,17,1995,5.2
09,18,1995,1.8
09,19,1995,5.05
09,20,1995,4.4
09,21,1995,3.15
09,22,1995,5.2
09,23,1995,7.05
09,24,1995,4.2
09,25,1995,4.35
09,26,1995,6.85
09,27,1995,7.1
09,28,1995,2.15
09,29,1995,4.3
09,30,1995,7.45
10,01,1995,7.2
10,02,1995,5.7
10,03,1995,5.1
10,04,1995,6.7
10,05,1995,5.9
10,06,1995,6.05
10,07,1995,5.95
10,08,1995,5.4
10,09,1995,5.1
10,10,1995,7.85
10,11,1995,5.9
10,12,1995,6.65
10,13,1995,7.1
10,14,1995,8.4
10,15,1995,6.2
10,16,1995,7.3
10,17,1995,5.9
10,18,1995,5.05
10,19,1995,5.45
10,20,1995,6.25
10,21,1995,3.5
10,22,1995,5.1
10,23,1995,5.2
10,24,1995,6.7
10,25,1995,6.6
10,26,1995,3.5
10,27,1995,6.75
10,28,1995,4.75
10,29,1995,4.32
10,30,1995,4.18
10,31,1995,4.6
11,01,1995,5.2
11,02,1995,4.85
11,03,1995,5.1
11,04,1995,3.85
11,05,1995,4.2
11,06,1995,2.6
11,07,1995,5.55
11,08,1995,4.75
11,09,1995,4.4
11,10,1995,5.45
11,11,1995,4.65
11,12,1995,5.15
11,13,1995,5.45
11,14,1995,5.05
11,15,1995,3.6
11,16,1995,4.1
11,17,1995,5.2
11,18,1995,5.05
11,19,1995,4.75
11,20,1995,3.45
11,21,1995,6.3
11,22,1995,4.35
11,23,1995,5.45
11,24,1995,5.1
11,25,1995,6.05
11,26,1995,4.75
11,27,1995,3.15
11,28,1995,3.7
11,29,1995,4.25
11,30,1995,4.7
12,01,1995,4.65
12,02,1995,4.1
12,03,1995,3.2
12,04,1995,3.6
12,05,1995,4.15
12,06,1995,3.2
12,07,1995,2.35
12,08,1995,4.1
12,09,1995,5.35
12,10,1995,3.25
12,11,1995,3.95
12,12,1995,4.9
12,13,1995,4.8
12,14,1995,4.15
12,15,1995,2.3
12,16,1995,4.6
12,17,1995,2.15
12,18,1995,2.9
12,19,1995,3.75
12,20,1995,1.2
12,21,1995,2.35
12,22,1995,3.6
12,23,1995,1.35
12,24,1995,2.65
12,25,1995,2.05
12,26,1995,2.75
12,27,1995,2.15
12,28,1995,4.35
12,29,1995,4.25
12,30,1995,3.85
12,31,1995,4.0
01,01,1996,1.5
01,02,1996,3.05
01,03,1996,4.4
01,04,1996,5.7
01,05,1996,3.65
01,06,1996,4.1
01,07,1996,4.15
01,08,1996,3.7
01,09,1996,4.5
01,10,1996,2.8
01,11,1996,3.7
01,12,1996,2.75
01,13,1996,3.9
01,14,1996,3.8
01,15,1996,2.35
01,16,1996,3.55
01,17,1996,4.05
01,18,1996,3.3
01,19,1996,4.05
01,20,1996,3.45
01,21,1996,3.45
01,22,1996,4.75
01,23,1996,3.65
01,24,1996,5.35
01,25,1996,3.6
01,26,1996,5.7
01,27,1996,4.8
01,28,1996,3.1
01,29,1996,4.6
01,30,1996,5.15
01,31,1996,3.4
02,01,1996,4.85
02,02,1996,3.15
02,03,1996,5.55
02,04,1996,5.15
02,05,1996,4.5
02,06,1996,5.15
02,07,1996,5.31
02,08,1996,5.48
02,09,1996,5.64
02,10,1996,5.8
02,11,1996,4.6
02,12,1996,4.35
02,13,1996,4.55
02,14,1996,6.4
02,15,1996,3.65
02,16,1996,5.45
02,17,1996,3.6
02,18,1996,4.1
02,19,1996,4.7
02,20,1996,4.5
02,21,1996,6.45
02,22,1996,5.25
02,23,1996,5.2
02,24,1996,5.05
02,25,1996,5.75
02,26,1996,3.1
02,27,1996,6.7
02,28,1996,4.5
02,29,1996,4.4
03,01,1996,5.95
03,02,1996,3.85
03,03,1996,4.4
03,04,1996,6.2
03,05,1996,6.1
03,06,1996,6.75
03,07,1996,5.75
03,08,1996,6.3
03,09,1996,5.25
03,10,1996,8.15
03,11,1996,8.55
03,12,1996,6.35
03,13,1996,6.95
03,14,1996,5.55
03,15,1996,7.3
03,16,1996,5.35
03,17,1996,7.75
03,18,1996,6.85
03,19,1996,6.8
03,20,1996,5.45
03,21,1996,6.9
03,22,1996,6.25
03,23,1996,6.7
03,24,1996,6.1
03,25,1996,6.5
03,26,1996,6.8
03,27,1996,8.9
03,28,1996,6.2
03,29,1996,7.6
03,30,1996,8.25
03,31,1996,7.15
04,01,1996,6.4
04,02,1996,7.5
04,03,1996,6.8
04,04,1996,6.85
04,05,1996,7.35
04,06,1996,7.9
04,07,1996,6.75
04,08,1996,9.3
04,09,1996,9.45
04,10,1996,4.45
04,11,1996,6.4
04,12,1996,7.85
04,13,1996,7.95
04,14,1996,8.95
04,15,1996,8.65
04,16,1996,7.7
04,17,1996,8.9
04,18,1996,10.15
04,19,1996,7.65
04,20,1996,10.4
04,21,1996,7.7
04,22,1996,8.4
04,23,1996,8.4
04,24,1996,7.4
04,25,1996,9.75
04,26,1996,8.35
04,27,1996,9.6
04,28,1996,7.8
04,29,1996,8.9
04,30,1996,8.02
05,01,1996,8.6
05,02,1996,8.55
05,03,1996,11.25
05,04,1996,9.4
05,05,1996,9.2
05,06,1996,8.75
05,07,1996,12.55
05,08,1996,9.85
05,09,1996,9.75
05,10,1996,10.1
05,11,1996,8.8
05,12,1996,8.45
05,13,1996,10.35
05,14,1996,11.1
05,15,1996,10.05
05,16,1996,7.8
05,17,1996,9.35
05,18,1996,8.75
05,19,1996,8.5
05,20,1996,10.5
05,21,1996,8.05
05,22,1996,10.1
05,23,1996,9.35
05,24,1996,9.3
05,25,1996,8.5
05,26,1996,11.7
05,27,1996,9.1
05,28,1996,8.55
05,29,1996,8.15
05,30,1996,7.7
05,31,1996,5.15
06,01,1996,8.3
06,02,1996,8.95
06,03,1996,9.95
06,04,1996,9.8
06,05,1996,8.5
06,06,1996,11.4
06,07,1996,10.25
06,08,1996,8.6
06,09,1996,11.35
06,10,1996,9.85
06,11,1996,10.15
06,12,1996,10.05
06,13,1996,9.9
06,14,1996,9.8
06,15,1996,10.1
06,16,1996,10.15
06,17,1996,10.25
06,18,1996,9.92
06,19,1996,9.88
06,20,1996,9.5
06,21,1996,10.05
06,22,1996,10.35
06,23,1996,10.05
06,24,1996,8.25
06,25,1996,11.5
06,26,1996,9.2
06,27,1996,11.05
06,28,1996,10.1
06,29,1996,8.72
06,30,1996,7.33
07,01,1996,3.55
07,02,1996,5.95
07,03,1996,7.4
07,04,1996,7.9
07,05,1996,8.9
07,06,1996,4.7
07,07,1996,7.6
07,08,1996,2.8
07,09,1996,7.8
07,10,1996,1.6
07,11,1996,6.9
07,12,1996,8.6
07,13,1996,6.75
07,14,1996,4.9
07,15,1996,6.75
07,16,1996,7.1
07,17,1996,6.15
07,18,1996,3.5
07,19,1996,7.15
07,20,1996,6.95
07,21,1996,7.55
07,22,1996,7.13
07,23,1996,6.9
07,24,1996,6.7
07,25,1996,8.35
07,26,1996,5.6
07,27,1996,5.95
07,28,1996,6.65
07,29,1996,7.2
07,30,1996,8.1
07,31,1996,9.2
08,01,1996,1.9
08,02,1996,8.75
08,03,1996,6.2
08,04,1996,10.3
08,05,1996,4.55
08,06,1996,7.6
08,07,1996,9.45
08,08,1996,6.4
08,09,1996,6.75
08,10,1996,9.3
08,11,1996,6.9
08,12,1996,4.1
08,13,1996,3.13
08,14,1996,2.15
08,15,1996,6.25
08,16,1996,5.75
08,17,1996,2.25
08,18,1996,6.7
08,19,1996,7.05
08,20,1996,6.3
08,21,1996,9.45
08,22,1996,6.55
08,23,1996,5.85
08,24,1996,7.6
08,25,1996,4.05
08,26,1996,2.45
08,27,1996,3.5
08,28,1996,2.85
08,29,1996,6.35
08,30,1996,5.15
08,31,1996,3.55
09,01,1996,2.9
09,02,1996,3.75
09,03,1996,7.15
09,04,1996,4.65
09,05,1996,2.85
09,06,1996,5.1
09,07,1996,2.25
09,08,1996,6.75
09,09,1996,6.35
09,10,1996,6.2
09,11,1996,2.95
09,12,1996,1.7
09,13,1996,2.5
09,14,1996,3.3
09,15,1996,4.9
09,16,1996,4.5
09,17,1996,6.55
09,18,1996,4.95
09,19,1996,5.95
09,20,1996,6.8
09,21,1996,7.05
09,22,1996,6.15
09,23,1996,4.2
09,24,1996,3.7
09,25,1996,6.0
09,26,1996,6.7
09,27,1996,4.6
09,28,1996,5.1
09,29,1996,6.7
09,30,1996,8.1
10,01,1996,null
10,02,1996,null
10,03,1996,null
10,04,1996,null
10,05,1996,null
10,06,1996,null
10,07,1996,null
10,08,1996,null
10,09,1996,null
10,10,1996,null
10,11,1996,null
10,12,1996,null
10,13,1996,null
10,14,1996,null
10,15,1996,null
10,16,1996,null
10,17,1996,null
10,18,1996,null
10,19,1996,null
10,20,1996,null
10,21,1996,null
10,22,1996,null
10,23,1996,null
10,24,1996,null
10,25,1996,null
10,26,1996,null
10,27,1996,null
10,28,1996,null
10,29,1996,null
10,30,1996,null
10,31,1996,null
11,01,1996,5.45
11,02,1996,5.2
11,03,1996,5.25
11,04,1996,5.6
11,05,1996,5.6
11,06,1996,6.4
11,07,1996,5.3
11,08,1996,6.15
11,09,1996,5.8
11,10,1996,6.1
11,11,1996,3.6
11,12,1996,4.3
11,13,1996,5.15
11,14,1996,4.9
11,15,1996,4.35
11,16,1996,3.25
11,17,1996,4.25
11,18,1996,4.5
11,19,1996,3.4
11,20,1996,3.85
11,21,1996,4.15
11,22,1996,3.4
11,23,1996,3.4
11,24,1996,5.45
11,25,1996,5.25
11,26,1996,5.2
11,27,1996,2.2
11,28,1996,2.5
11,29,1996,3.15
11,30,1996,3.5
12,01,1996,2.35
12,02,1996,1.3
12,03,1996,2.7
12,04,1996,2.15
12,05,1996,1.45
12,06,1996,2.4
12,07,1996,1.4
12,08,1996,3.8
12,09,1996,2.8
12,10,1996,3.3
12,11,1996,4.2
12,12,1996,3.6
12,13,1996,3.25
12,14,1996,1.15
12,15,1996,1.65
12,16,1996,2.45
12,17,1996,3.2
12,18,1996,3.35
12,19,1996,3.2
12,20,1996,2.25
12,21,1996,2.1
12,22,1996,6.45
12,23,1996,4.4
12,24,1996,3.3
12,25,1996,3.2
12,26,1996,1.15
12,27,1996,4.55
12,28,1996,4.25
12,29,1996,3.2
12,30,1996,4.45
12,31,1996,4.2
01,01,1997,2.2
01,02,1997,2.9
01,03,1997,2.45
01,04,1997,4.55
01,05,1997,4.2
01,06,1997,3.93
01,07,1997,3.65
01,08,1997,3.38
01,09,1997,4.1
01,10,1997,3.1
01,11,1997,4.3
01,12,1997,3.2
01,13,1997,3.3
01,14,1997,3.25
01,15,1997,2.25
01,16,1997,3.3
01,17,1997,1.7
01,18,1997,0.9
01,19,1997,0.8
01,20,1997,2.3
01,21,1997,2.05
01,22,1997,3.8
01,23,1997,2.65
01,24,1997,4.45
01,25,1997,3.8
01,26,1997,3.15
01,27,1997,4.85
01,28,1997,4.15
01,29,1997,1.7
01,30,1997,3.35
01,31,1997,1.5
02,01,1997,1.2
02,02,1997,2.35
02,03,1997,3.5
02,04,1997,4.15
02,05,1997,2.55
02,06,1997,4.8
02,07,1997,3.4
02,08,1997,3.5
02,09,1997,5.2
02,10,1997,3.6
02,11,1997,6.05
02,12,1997,4.25
02,13,1997,4.25
02,14,1997,5.55
02,15,1997,5.3
02,16,1997,5.5
02,17,1997,5.3
02,18,1997,2.35
02,19,1997,6.3
02,20,1997,5.35
02,21,1997,4.3
02,22,1997,4.25
02,23,1997,5.2
02,24,1997,7.3
02,25,1997,5.2
02,26,1997,6.3
02,27,1997,5.3
02,28,1997,4.4
03,01,1997,5.1
03,02,1997,4.15
03,03,1997,7.2
03,04,1997,6.15
03,05,1997,5.5
03,06,1997,5.35
03,07,1997,6.9
03,08,1997,7.6
03,09,1997,6.4
03,10,1997,6.75
03,11,1997,7.55
03,12,1997,7.2
03,13,1997,6.35
03,14,1997,6.3
03,15,1997,6.9
03,16,1997,7.4
03,17,1997,7.4
03,18,1997,6.4
03,19,1997,8.6
03,20,1997,8.2
03,21,1997,4.25
03,22,1997,9.45
03,23,1997,7.35
03,24,1997,6.15
03,25,1997,6.3
03,26,1997,4.3
03,27,1997,7.55
03,28,1997,7.25
03,29,1997,2.3
03,30,1997,3.2
03,31,1997,8.45
04,01,1997,7.75
04,02,1997,3.35
04,03,1997,3.23
04,04,1997,3.1
04,05,1997,6.25
04,06,1997,6.25
04,07,1997,2.65
04,08,1997,7.3
04,09,1997,6.35
04,10,1997,8.4
04,11,1997,7.4
04,12,1997,3.6
04,13,1997,7.35
04,14,1997,5.45
04,15,1997,7.15
04,16,1997,5.45
04,17,1997,6.4
04,18,1997,8.6
04,19,1997,8.2
04,20,1997,7.4
04,21,1997,9.05
04,22,1997,8.15
04,23,1997,7.1
04,24,1997,8.3
04,25,1997,7.7
04,26,1997,6.65
04,27,1997,7.1
04,28,1997,8.6
04,29,1997,9.15
04,30,1997,7.45
05,01,1997,9.3
05,02,1997,9.15
05,03,1997,9.1
05,04,1997,8.8
05,05,1997,7.7
05,06,1997,7.25
05,07,1997,8.4
05,08,1997,10.55
05,09,1997,9.2
05,10,1997,9.6
05,11,1997,9.3
05,12,1997,8.6
05,13,1997,8.3
05,14,1997,10.2
05,15,1997,8.65
05,16,1997,9.5
05,17,1997,10.15
05,18,1997,10.25
05,19,1997,10.2
05,20,1997,9.65
05,21,1997,9.35
05,22,1997,2.35
05,23,1997,8.4
05,24,1997,10.2
05,25,1997,9.95
05,26,1997,10.15
05,27,1997,8.4
05,28,1997,9.6
05,29,1997,9.25
05,30,1997,9.5
05,31,1997,9.2
06,01,1997,10.15
06,02,1997,10.2
06,03,1997,9.8
06,04,1997,8.25
06,05,1997,9.65
06,06,1997,8.2
06,07,1997,9.1
06,08,1997,7.15
06,09,1997,8.6
06,10,1997,9.1
06,11,1997,6.65
06,12,1997,10.45
06,13,1997,8.4
06,14,1997,9.45
06,15,1997,8.4
06,16,1997,8.45
06,17,1997,7.5
06,18,1997,9.15
06,19,1997,9.3
06,20,1997,13.1
06,21,1997,9.3
06,22,1997,9.3
06,23,1997,8.35
06,24,1997,9.05
06,25,1997,9.2
06,26,1997,9.15
06,27,1997,10.3
06,28,1997,10.6
06,29,1997,6.2
06,30,1997,7.4
07,01,1997,7.9
07,02,1997,5.3
07,03,1997,4.5
07,04,1997,2.4
07,05,1997,4.7
07,06,1997,3.6
07,07,1997,4.8
07,08,1997,5.8
07,09,1997,8.35
07,10,1997,8.65
07,11,1997,8.3
07,12,1997,8.3
07,13,1997,7.6
07,14,1997,7.6
07,15,1997,8.6
07,16,1997,5.85
07,17,1997,8.2
07,18,1997,9.2
07,19,1997,8.45
07,20,1997,5.6
07,21,1997,8.65
07,22,1997,8.15
07,23,1997,5.35
07,24,1997,7.15
07,25,1997,4.2
07,26,1997,6.2
07,27,1997,6.15
07,28,1997,6.1
07,29,1997,7.65
07,30,1997,8.3
07,31,1997,9.25
08,01,1997,5.15
08,02,1997,5.2
08,03,1997,5.25
08,04,1997,6.25
08,05,1997,6.3
08,06,1997,1.1
08,07,1997,7.2
08,08,1997,6.4
08,09,1997,8.1
08,10,1997,7.1
08,11,1997,8.15
08,12,1997,6.25
08,13,1997,10.05
08,14,1997,4.1
08,15,1997,3.4
08,16,1997,5.3
08,17,1997,8.1
08,18,1997,7.2
08,19,1997,7.2
08,20,1997,6.1
08,21,1997,7.3
08,22,1997,7.8
08,23,1997,7.9
08,24,1997,6.2
08,25,1997,5.2
08,26,1997,8.2
08,27,1997,6.4
08,28,1997,7.1
08,29,1997,3.3
08,30,1997,6.5
08,31,1997,4.3
09,01,1997,3.7
09,02,1997,3.8
09,03,1997,8.95
09,04,1997,5.85
09,05,1997,6.75
09,06,1997,7.4
09,07,1997,8.25
09,08,1997,4.3
09,09,1997,8.1
09,10,1997,4.9
09,11,1997,7.4
09,12,1997,4.93
09,13,1997,3.95
09,14,1997,6.2
09,15,1997,6.1
09,16,1997,5.45
09,17,1997,7.1
09,18,1997,4.7
09,19,1997,6.3
09,20,1997,5.8
09,21,1997,5.15
09,22,1997,2.35
09,23,1997,2.6
09,24,1997,2.86
09,25,1997,3.12
09,26,1997,8.42
09,27,1997,5.2
09,28,1997,5.1
09,29,1997,5.2
09,30,1997,7.5
10,01,1997,5.5
10,02,1997,5.3
10,03,1997,5.2
10,04,1997,7.0
10,05,1997,4.5
10,06,1997,6.5
10,07,1997,5.9
10,08,1997,6.45
10,09,1997,6.45
10,10,1997,4.35
10,11,1997,2.1
10,12,1997,7.35
10,13,1997,5.9
10,14,1997,7.3
10,15,1997,7.2
10,16,1997,6.1
10,17,1997,7.65
10,18,1997,6.25
10,19,1997,6.5
10,20,1997,5.75
10,21,1997,5.65
10,22,1997,6.55
10,23,1997,5.85
10,24,1997,4.4
10,25,1997,4.6
10,26,1997,5.5
10,27,1997,4.4
10,28,1997,3.9
10,29,1997,5.1
10,30,1997,5.75
10,31,1997,5.85
11,01,1997,5.5
11,02,1997,5.5
11,03,1997,4.6
11,04,1997,5.3
11,05,1997,4.6
11,06,1997,5.05
11,07,1997,1.55
11,08,1997,5.15
11,09,1997,5.2
11,10,1997,5.05
11,11,1997,3.4
11,12,1997,1.85
11,13,1997,0.3
11,14,1997,4.6
11,15,1997,4.6
11,16,1997,3.2
11,17,1997,4.8
11,18,1997,4.4
11,19,1997,3.6
11,20,1997,3.3
11,21,1997,4.15
11,22,1997,4.3
11,23,1997,2.55
11,24,1997,5.2
11,25,1997,3.3
11,26,1997,3.1
11,27,1997,4.25
11,28,1997,3.25
11,29,1997,4.4
11,30,1997,3.2
12,01,1997,2.1
12,02,1997,3.4
12,03,1997,1.5
12,04,1997,3.6
12,05,1997,3.05
12,06,1997,4.1
12,07,1997,3.5
12,08,1997,3.25
12,09,1997,4.3
12,10,1997,4.3
12,11,1997,3.4
12,12,1997,null
12,13,1997,null
12,14,1997,null
12,15,1997,null
12,16,1997,null
12,17,1997,null
12,18,1997,null
12,19,1997,null
12,20,1997,null
12,21,1997,null
12,22,1997,null
12,23,1997,null
12,24,1997,null
12,25,1997,null
12,26,1997,null
12,27,1997,null
12,28,1997,null
12,29,1997,null
12,30,1997,null
12,31,1997,null
01,01,1998,null
01,02,1998,null
01,03,1998,null
01,04,1998,null
01,05,1998,null
01,06,1998,null
01,07,1998,null
01,08,1998,null
01,09,1998,null
01,10,1998,null
01,11,1998,null
01,12,1998,null
01,13,1998,null
01,14,1998,null
01,15,1998,null
01,16,1998,null
01,17,1998,null
01,18,1998,null
01,19,1998,null
01,20,1998,null
01,21,1998,null
01,22,1998,null
01,23,1998,null
01,24,1998,null
01,25,1998,null
01,26,1998,null
01,27,1998,null
01,28,1998,null
01,29,1998,null
01,30,1998,null
01,31,1998,null
02,01,1998,null
02,02,1998,null
02,03,1998,null
02,04,1998,null
02,05,1998,null
02,06,1998,null
02,07,1998,null
02,08,1998,null
02,09,1998,null
02,10,1998,null
02,11,1998,null
02,12,1998,null
02,13,1998,null
02,14,1998,null
02,15,1998,null
02,16,1998,null
02,17,1998,null
02,18,1998,null
02,19,1998,null
02,20,1998,null
02,21,1998,null
02,22,1998,null
02,23,1998,null
02,24,1998,null
02,25,1998,null
02,26,1998,null
02,27,1998,null
02,28,1998,null
03,01,1998,null
03,02,1998,null
03,03,1998,null
03,04,1998,null
03,05,1998,null
03,06,1998,null
03,07,1998,null
03,08,1998,null
03,09,1998,null
03,10,1998,null
03,11,1998,null
03,12,1998,null
03,13,1998,null
03,14,1998,null
03,15,1998,null
03,16,1998,null
03,17,1998,null
03,18,1998,null
03,19,1998,null
03,20,1998,null
03,21,1998,null
03,22,1998,null
03,23,1998,null
03,24,1998,null
03,25,1998,null
03,26,1998,null
03,27,1998,null
03,28,1998,null
03,29,1998,null
03,30,1998,null
03,31,1998,null
04,01,1998,8.8
04,02,1998,6.65
04,03,1998,7.2
04,04,1998,6.55
04,05,1998,7.1
04,06,1998,8.2
04,07,1998,8.8
04,08,1998,7.05
04,09,1998,8.55
04,10,1998,8.2
04,11,1998,6.5
04,12,1998,7.2
04,13,1998,8.15
04,14,1998,9.15
04,15,1998,7.2
04,16,1998,9.5
04,17,1998,7.7
04,18,1998,8.35
04,19,1998,7.45
04,20,1998,9.7
04,21,1998,9.3
04,22,1998,9.4
04,23,1998,10.6
04,24,1998,9.6
04,25,1998,9.5
04,26,1998,9.3
04,27,1998,8.45
04,28,1998,9.4
04,29,1998,8.5
04,30,1998,null
05,01,1998,9.35
05,02,1998,7.3
05,03,1998,13.15
05,04,1998,9.6
05,05,1998,10.2
05,06,1998,9.4
05,07,1998,12.4
05,08,1998,10.35
05,09,1998,10.25
05,10,1998,9.25
05,11,1998,9.35
05,12,1998,9.15
05,13,1998,6.65
05,14,1998,7.25
05,15,1998,7.25
05,16,1998,10.0
05,17,1998,7.6
05,18,1998,8.5
05,19,1998,8.3
05,20,1998,8.5
05,21,1998,8.4
05,22,1998,6.75
05,23,1998,7.35
05,24,1998,8.6
05,25,1998,10.4
05,26,1998,11.4
05,27,1998,11.2
05,28,1998,9.4
05,29,1998,9.25
05,30,1998,10.15
05,31,1998,8.55
06,01,1998,9.15
06,02,1998,8.2
06,03,1998,9.1
06,04,1998,8.5
06,05,1998,10.2
06,06,1998,10.2
06,07,1998,9.2
06,08,1998,12.25
06,09,1998,7.4
06,10,1998,9.2
06,11,1998,10.15
06,12,1998,11.25
06,13,1998,10.3
06,14,1998,11.3
06,15,1998,10.0
06,16,1998,8.2
06,17,1998,11.4
06,18,1998,9.3
06,19,1998,10.7
06,20,1998,9.6
06,21,1998,10.1
06,22,1998,8.5
06,23,1998,11.2
06,24,1998,9.2
06,25,1998,8.35
06,26,1998,6.45
06,27,1998,10.2
06,28,1998,8.2
06,29,1998,8.4
06,30,1998,10.3
07,01,1998,9.2
07,02,1998,14.1
07,03,1998,8.2
07,04,1998,7.15
07,05,1998,8.25
07,06,1998,3.1
07,07,1998,8.05
07,08,1998,8.55
07,09,1998,9.5
07,10,1998,10.2
07,11,1998,6.75
07,12,1998,4.5
07,13,1998,4.65
07,14,1998,5.4
07,15,1998,7.35
07,16,1998,5.4
07,17,1998,5.65
07,18,1998,7.4
07,19,1998,8.6
07,20,1998,3.4
07,21,1998,5.3
07,22,1998,8.5
07,23,1998,3.8
07,24,1998,8.7
07,25,1998,5.4
07,26,1998,5.3
07,27,1998,6.8
07,28,1998,3.4
07,29,1998,6.5
07,30,1998,11.0
07,31,1998,5.2
08,01,1998,4.98
08,02,1998,5.25
08,03,1998,4.75
08,04,1998,8.5
08,05,1998,2.3
08,06,1998,4.1
08,07,1998,8.3
08,08,1998,8.2
08,09,1998,8.8
08,10,1998,5.8
08,11,1998,5.9
08,12,1998,3.05
08,13,1998,6.2
08,14,1998,8.45
08,15,1998,6.1
08,16,1998,6.45
08,17,1998,6.95
08,18,1998,7.1
08,19,1998,8.4
08,20,1998,8.3
08,21,1998,7.4
08,22,1998,7.3
08,23,1998,7.5
08,24,1998,4.35
08,25,1998,4.45
08,26,1998,6.4
08,27,1998,9.1
08,28,1998,5.4
08,29,1998,8.3
08,30,1998,7.3
08,31,1998,6.3
09,01,1998,1.3
09,02,1998,2.65
09,03,1998,4.05
09,04,1998,5.3
09,05,1998,6.05
09,06,1998,9.05
09,07,1998,7.13
09,08,1998,5.2
09,09,1998,3.4
09,10,1998,6.85
09,11,1998,5.65
09,12,1998,6.1
09,13,1998,6.2
09,14,1998,5.4
09,15,1998,6.45
09,16,1998,6.4
09,17,1998,4.7
09,18,1998,5.5
09,19,1998,4.25
09,20,1998,7.2
09,21,1998,4.3
09,22,1998,8.2
09,23,1998,7.2
09,24,1998,7.25
09,25,1998,4.35
09,26,1998,3.6
09,27,1998,6.2
09,28,1998,4.6
09,29,1998,3.6
09,30,1998,7.8
10,01,1998,5.25
10,02,1998,7.45
10,03,1998,5.2
10,04,1998,6.7
10,05,1998,6.5
10,06,1998,7.3
10,07,1998,7.3
10,08,1998,7.4
10,09,1998,7.35
10,10,1998,7.15
10,11,1998,9.25
10,12,1998,7.35
10,13,1998,8.05
10,14,1998,6.4
10,15,1998,7.15
10,16,1998,5.3
10,17,1998,7.65
10,18,1998,3.85
10,19,1998,6.9
10,20,1998,4.6
10,21,1998,6.3
10,22,1998,8.15
10,23,1998,8.25
10,24,1998,6.35
10,25,1998,6.25
10,26,1998,5.45
10,27,1998,6.3
10,28,1998,6.6
10,29,1998,6.2
10,30,1998,6.85
10,31,1998,null
11,01,1998,6.65
11,02,1998,4.65
11,03,1998,6.3
11,04,1998,4.65
11,05,1998,6.1
11,06,1998,4.45
11,07,1998,5.65
11,08,1998,6.15
11,09,1998,7.25
11,10,1998,6.2
11,11,1998,4.6
11,12,1998,3.25
11,13,1998,3.15
11,14,1998,5.65
11,15,1998,3.2
11,16,1998,5.25
11,17,1998,4.35
11,18,1998,5.05
11,19,1998,4.55
11,20,1998,5.2
11,21,1998,4.5
11,22,1998,4.4
11,23,1998,5.15
11,24,1998,4.55
11,25,1998,4.5
11,26,1998,4.3
11,27,1998,4.35
11,28,1998,4.4
11,29,1998,5.35
11,30,1998,5.3
12,01,1998,5.34
12,02,1998,4.26
12,03,1998,4.5
12,04,1998,4.5
12,05,1998,4.2
12,06,1998,3.4
12,07,1998,4.5
12,08,1998,3.05
12,09,1998,3.45
12,10,1998,5.2
12,11,1998,3.2
12,12,1998,4.3
12,13,1998,3.45
12,14,1998,3.3
12,15,1998,3.1
12,16,1998,5.1
12,17,1998,5.15
12,18,1998,5.45
12,19,1998,3.7
12,20,1998,4.15
12,21,1998,4.45
12,22,1998,4.15
12,23,1998,4.35
12,24,1998,2.2
12,25,1998,2.5
12,26,1998,3.3
12,27,1998,3.5
12,28,1998,3.6
12,29,1998,4.2
12,30,1998,4.4
12,31,1998,3.1
01,01,1999,2.6
01,02,1999,3.05
01,03,1999,4.25
01,04,1999,4.1
01,05,1999,4.75
01,06,1999,2.65
01,07,1999,5.3
01,08,1999,4.5
01,09,1999,4.2
01,10,1999,3.4
01,11,1999,4.15
01,12,1999,5.35
01,13,1999,3.5
01,14,1999,4.15
01,15,1999,4.35
01,16,1999,5.2
01,17,1999,3.4
01,18,1999,4.55
01,19,1999,4.75
01,20,1999,5.3
01,21,1999,3.5
01,22,1999,6.4
01,23,1999,4.2
01,24,1999,5.4
01,25,1999,4.15
01,26,1999,5.3
01,27,1999,4.25
01,28,1999,5.5
01,29,1999,5.1
01,30,1999,4.2
01,31,1999,4.4
02,01,1999,4.3
02,02,1999,4.3
02,03,1999,4.9
02,04,1999,3.6
02,05,1999,6.2
02,06,1999,5.6
02,07,1999,5.3
02,08,1999,3.2
02,09,1999,5.25
02,10,1999,4.2
02,11,1999,5.25
02,12,1999,4.3
02,13,1999,6.4
02,14,1999,5.4
02,15,1999,4.5
02,16,1999,5.2
02,17,1999,6.4
02,18,1999,6.25
02,19,1999,5.42
02,20,1999,5.43
02,21,1999,6.4
02,22,1999,5.3
02,23,1999,5.8
02,24,1999,5.3
02,25,1999,4.25
02,26,1999,6.25
02,27,1999,6.6
02,28,1999,7.15
03,01,1999,7.2
03,02,1999,4.45
03,03,1999,8.8
03,04,1999,7.55
03,05,1999,7.5
03,06,1999,8.05
03,07,1999,8.3
03,08,1999,7.7
03,09,1999,7.1
03,10,1999,6.3
03,11,1999,5.3
03,12,1999,12.05
03,13,1999,1.3
03,14,1999,6.45
03,15,1999,7.3
03,16,1999,6.37
03,17,1999,6.2
03,18,1999,6.55
03,19,1999,8.05
03,20,1999,7.25
03,21,1999,8.15
03,22,1999,9.25
03,23,1999,7.5
03,24,1999,9.5
03,25,1999,7.3
03,26,1999,6.4
03,27,1999,8.3
03,28,1999,6.15
03,29,1999,7.55
03,30,1999,7.1
03,31,1999,6.75
04,01,1999,4.25
04,02,1999,7.2
04,03,1999,7.6
04,04,1999,8.4
04,05,1999,8.3
04,06,1999,6.5
04,07,1999,8.5
04,08,1999,7.6
04,09,1999,7.5
04,10,1999,9.3
04,11,1999,8.4
04,12,1999,10.3
04,13,1999,9.7
04,14,1999,8.5
04,15,1999,9.15
04,16,1999,9.3
04,17,1999,10.65
04,18,1999,10.5
04,19,1999,9.6
04,20,1999,10.2
04,21,1999,8.3
04,22,1999,11.2
04,23,1999,5.3
04,24,1999,8.8
04,25,1999,8.4
04,26,1999,9.3
04,27,1999,10.3
04,28,1999,10.35
04,29,1999,8.1
04,30,1999,10.3
05,01,1999,10.3
05,02,1999,9.35
05,03,1999,8.4
05,04,1999,8.15
05,05,1999,7.45
05,06,1999,8.4
05,07,1999,9.8
05,08,1999,8.4
05,09,1999,11.4
05,10,1999,10.3
05,11,1999,8.5
05,12,1999,11.4
05,13,1999,9.8
05,14,1999,9.4
05,15,1999,10.25
05,16,1999,10.35
05,17,1999,10.1
05,18,1999,9.8
05,19,1999,9.4
05,20,1999,10.2
05,21,1999,9.25
05,22,1999,8.6
05,23,1999,8.8
05,24,1999,8.3
05,25,1999,10.2
05,26,1999,9.15
05,27,1999,9.35
05,28,1999,10.1
05,29,1999,9.35
05,30,1999,8.0
05,31,1999,null
06,01,1999,10.14
06,02,1999,10.21
06,03,1999,9.95
06,04,1999,8.58
06,05,1999,9.87
06,06,1999,10.85
06,07,1999,10.71
06,08,1999,10.01
06,09,1999,10.57
06,10,1999,9.43
06,11,1999,10.55
06,12,1999,10.83
06,13,1999,10.13
06,14,1999,11.7
06,15,1999,9.12
06,16,1999,9.38
06,17,1999,10.83
06,18,1999,11.8
06,19,1999,9.5
06,20,1999,9.85
06,21,1999,9.85
06,22,1999,11.5
06,23,1999,8.85
06,24,1999,3.95
06,25,1999,7.89
06,26,1999,7.21
06,27,1999,4.29
06,28,1999,7.03
06,29,1999,8.42
06,30,1999,2.59
07,01,1999,8.9
07,02,1999,8.26
07,03,1999,10.38
07,04,1999,9.12
07,05,1999,2.21
07,06,1999,3.69
07,07,1999,6.15
07,08,1999,6.67
07,09,1999,5.83
07,10,1999,12.55
07,11,1999,6.22
07,12,1999,2.25
07,13,1999,9.76
07,14,1999,6.56
07,15,1999,8.66
07,16,1999,6.24
07,17,1999,9.36
07,18,1999,7.71
07,19,1999,7.27
07,20,1999,4.45
07,21,1999,1.64
07,22,1999,2.44
07,23,1999,6.19
07,24,1999,7.19
07,25,1999,4.98
07,26,1999,11.63
07,27,1999,8.9
07,28,1999,5.95
07,29,1999,4.7
07,30,1999,4.9
07,31,1999,null
08,01,1999,8.76
08,02,1999,7.91
08,03,1999,5.21
08,04,1999,8.29
08,05,1999,5.94
08,06,1999,10.52
08,07,1999,9.02
08,08,1999,6.39
08,09,1999,8.0
08,10,1999,5.48
08,11,1999,5.13
08,12,1999,7.29
08,13,1999,3.91
08,14,1999,8.53
08,15,1999,6.92
08,16,1999,3.24
08,17,1999,10.68
08,18,1999,4.41
08,19,1999,3.53
08,20,1999,2.46
08,21,1999,10.42
08,22,1999,6.7
08,23,1999,4.22
08,24,1999,3.52
08,25,1999,4.41
08,26,1999,5.91
08,27,1999,7.36
08,28,1999,6.86
08,29,1999,6.94
08,30,1999,4.77
08,31,1999,6.62
09,01,1999,8.57
09,02,1999,9.22
09,03,1999,5.56
09,04,1999,6.34
09,05,1999,5.72
09,06,1999,7.19
09,07,1999,8.5
09,08,1999,6.75
09,09,1999,3.2
09,10,1999,7.1
09,11,1999,5.57
09,12,1999,4.34
09,13,1999,5.84
09,14,1999,5.1
09,15,1999,6.93
09,16,1999,6.8
09,17,1999,4.76
09,18,1999,3.86
09,19,1999,3.19
09,20,1999,4.7
09,21,1999,4.2
09,22,1999,5.86
09,23,1999,6.3
09,24,1999,2.0
09,25,1999,10.3
09,26,1999,5.02
09,27,1999,8.28
09,28,1999,6.72
09,29,1999,9.23
09,30,1999,3.9
10,01,1999,2.31
10,02,1999,3.22
10,03,1999,3.48
10,04,1999,8.67
10,05,1999,4.78
10,06,1999,5.22
10,07,1999,4.38
10,08,1999,7.69
10,09,1999,3.47
10,10,1999,6.36
10,11,1999,6.46
10,12,1999,7.8
10,13,1999,6.09
10,14,1999,5.53
10,15,1999,6.17
10,16,1999,8.45
10,17,1999,5.39
10,18,1999,4.02
10,19,1999,8.05
10,20,1999,6.01
10,21,1999,8.01
10,22,1999,8.21
10,23,1999,6.59
10,24,1999,4.8
10,25,1999,4.49
10,26,1999,4.21
10,27,1999,6.74
10,28,1999,3.04
10,29,1999,8.62
10,30,1999,6.1
10,31,1999,7.67
11,01,1999,6.03
11,02,1999,4.88
11,03,1999,8.43
11,04,1999,4.78
11,05,1999,3.04
11,06,1999,6.16
11,07,1999,5.19
11,08,1999,6.67
11,09,1999,1.94
11,10,1999,9.14
11,11,1999,4.72
11,12,1999,5.82
11,13,1999,6.31
11,14,1999,5.31
11,15,1999,5.6
11,16,1999,5.08
11,17,1999,3.53
11,18,1999,3.7
11,19,1999,5.75
11,20,1999,4.58
11,21,1999,4.9
11,22,1999,3.52
11,23,1999,4.48
11,24,1999,4.15
11,25,1999,4.32
11,26,1999,4.64
11,27,1999,4.71
11,28,1999,3.75
11,29,1999,7.09
11,30,1999,7.43
12,01,1999,2.5
12,02,1999,1.93
12,03,1999,3.77
12,04,1999,1.78
12,05,1999,3.99
12,06,1999,2.54
12,07,1999,3.2
12,08,1999,3.45
12,09,1999,3.29
12,10,1999,4.97
12,11,1999,2.5
12,12,1999,3.74
12,13,1999,4.32
12,14,1999,3.77
12,15,1999,5.24
12,16,1999,3.9
12,17,1999,3.7
12,18,1999,2.76
12,19,1999,3.0
12,20,1999,4.25
12,21,1999,3.99
12,22,1999,4.29
12,23,1999,2.9
12,24,1999,3.92
12,25,1999,1.76
12,26,1999,1.73
12,27,1999,5.65
12,28,1999,2.93
12,29,1999,2.89
12,30,1999,3.95
12,31,1999,1.7
01,01,2000,2.68
01,02,2000,2.8
01,03,2000,2.45
01,04,2000,4.48
01,05,2000,2.76
01,06,2000,3.6
01,07,2000,4.35
01,08,2000,2.85
01,09,2000,4.05
01,10,2000,4.88
01,11,2000,2.44
01,12,2000,3.95
01,13,2000,2.58
01,14,2000,6.2
01,15,2000,3.48
01,16,2000,6.28
01,17,2000,4.8
01,18,2000,4.2
01,19,2000,4.66
01,20,2000,3.4
01,21,2000,3.2
01,22,2000,4.1
01,23,2000,4.6
01,24,2000,3.3
01,25,2000,4.2
01,26,2000,3.66
01,27,2000,3.24
01,28,2000,3.5
01,29,2000,5.3
01,30,2000,5.1
01,31,2000,5.35
02,01,2000,4.85
02,02,2000,3.8
02,03,2000,5.2
02,04,2000,5.9
02,05,2000,3.5
02,06,2000,6.1
02,07,2000,6.35
02,08,2000,5.8
02,09,2000,4.3
02,10,2000,4.65
02,11,2000,5.2
02,12,2000,5.5
02,13,2000,6.3
02,14,2000,4.55
02,15,2000,5.15
02,16,2000,5.4
02,17,2000,5.13
02,18,2000,5.17
02,19,2000,5.5
02,20,2000,5.2
02,21,2000,5.15
02,22,2000,8.25
02,23,2000,4.3
02,24,2000,6.2
02,25,2000,5.3
02,26,2000,6.1
02,27,2000,2.8
02,28,2000,6.1
02,29,2000,6.2
03,01,2000,7.4
03,02,2000,8.02
03,03,2000,3.41
03,04,2000,5.57
03,05,2000,5.2
03,06,2000,4.5
03,07,2000,6.6
03,08,2000,5.4
03,09,2000,4.5
03,10,2000,7.3
03,11,2000,6.7
03,12,2000,7.2
03,13,2000,6.1
03,14,2000,5.5
03,15,2000,7.05
03,16,2000,5.25
03,17,2000,7.32
03,18,2000,5.45
03,19,2000,7.33
03,20,2000,6.5
03,21,2000,7.1
03,22,2000,8.2
03,23,2000,6.4
03,24,2000,7.55
03,25,2000,8.15
03,26,2000,8.4
03,27,2000,7.3
03,28,2000,8.15
03,29,2000,8.6
03,30,2000,9.2
03,31,2000,5.4
04,01,2000,5.26
04,02,2000,11.09
04,03,2000,5.2
04,04,2000,5.15
04,05,2000,7.4
04,06,2000,9.6
04,07,2000,10.2
04,08,2000,5.4
04,09,2000,8.6
04,10,2000,6.55
04,11,2000,8.25
04,12,2000,11.2
04,13,2000,5.97
04,14,2000,7.85
04,15,2000,7.35
04,16,2000,9.23
04,17,2000,9.27
04,18,2000,8.1
04,19,2000,7.3
04,20,2000,8.4
04,21,2000,6.8
04,22,2000,5.5
04,23,2000,9.3
04,24,2000,10.1
04,25,2000,9.5
04,26,2000,7.15
04,27,2000,12.25
04,28,2000,6.3
04,29,2000,9.1
04,30,2000,6.9
05,01,2000,9.9
05,02,2000,8.3
05,03,2000,9.4
05,04,2000,9.3
05,05,2000,8.4
05,06,2000,9.3
05,07,2000,8.51
05,08,2000,8.4
05,09,2000,9.3
05,10,2000,9.66
05,11,2000,8.44
05,12,2000,8.1
05,13,2000,8.8
05,14,2000,8.5
05,15,2000,8.6
05,16,2000,null
05,17,2000,null
05,18,2000,8.1
05,19,2000,10.7
05,20,2000,6.05
05,21,2000,9.3
05,22,2000,8.4
05,23,2000,13.7
05,24,2000,7.78
05,25,2000,9.72
05,26,2000,9.58
05,27,2000,10.3
05,28,2000,10.2
05,29,2000,9.22
05,30,2000,10.07
05,31,2000,8.26
06,01,2000,9.38
06,02,2000,10.42
06,03,2000,10.4
06,04,2000,10.49
06,05,2000,9.51
06,06,2000,10.1
06,07,2000,10.4
06,08,2000,7.8
06,09,2000,11.4
06,10,2000,6.8
06,11,2000,11.62
06,12,2000,8.87
06,13,2000,13.01
06,14,2000,7.15
06,15,2000,7.03
06,16,2000,5.27
06,17,2000,7.4
06,18,2000,10.15
06,19,2000,6.25
06,20,2000,10.7
06,21,2000,5.35
06,22,2000,9.22
06,23,2000,4.35
06,24,2000,9.3
06,25,2000,5.55
06,26,2000,8.09
06,27,2000,8.49
06,28,2000,6.17
06,29,2000,8.95
06,30,2000,9.24
07,01,2000,9.56
07,02,2000,10.57
07,03,2000,8.48
07,04,2000,2.75
07,05,2000,4.85
07,06,2000,5.7
07,07,2000,7.3
07,08,2000,10.7
07,09,2000,14.05
07,10,2000,8.15
07,11,2000,12.3
07,12,2000,3.35
07,13,2000,9.65
07,14,2000,7.55
07,15,2000,8.95
07,16,2000,11.6
07,17,2000,3.4
07,18,2000,7.5
07,19,2000,9.4
07,20,2000,6.7
07,21,2000,8.8
07,22,2000,7.4
07,23,2000,9.3
07,24,2000,7.45
07,25,2000,7.75
07,26,2000,7.2
07,27,2000,5.8
07,28,2000,2.6
07,29,2000,5.1
07,30,2000,4.3
07,31,2000,7.4
08,01,2000,4.15
08,02,2000,3.75
08,03,2000,7.05
08,04,2000,9.25
08,05,2000,4.8
08,06,2000,7.05
08,07,2000,6.35
08,08,2000,3.4
08,09,2000,5.59
08,10,2000,7.71
08,11,2000,6.4
08,12,2000,6.31
08,13,2000,9.29
08,14,2000,3.9
08,15,2000,5.2
08,16,2000,5.6
08,17,2000,7.4
08,18,2000,7.4
08,19,2000,5.8
08,20,2000,8.3
08,21,2000,8.2
08,22,2000,3.65
08,23,2000,6.15
08,24,2000,7.55
08,25,2000,8.72
08,26,2000,7.03
08,27,2000,3.0
08,28,2000,4.9
08,29,2000,8.12
08,30,2000,5.88
08,31,2000,9.3
09,01,2000,2.8
09,02,2000,4.1
09,03,2000,4.5
09,04,2000,6.5
09,05,2000,9.1
09,06,2000,5.1
09,07,2000,4.8
09,08,2000,7.2
09,09,2000,9.6
09,10,2000,10.4
09,11,2000,6.5
09,12,2000,6.1
09,13,2000,7.6
09,14,2000,8.2
09,15,2000,2.6
09,16,2000,2.4
09,17,2000,5.9
09,18,2000,6.07
09,19,2000,3.0
09,20,2000,5.43
09,21,2000,9.28
09,22,2000,3.67
09,23,2000,5.25
09,24,2000,8.4
09,25,2000,6.31
09,26,2000,6.84
09,27,2000,7.62
09,28,2000,6.53
09,29,2000,7.5
09,30,2000,5.55
10,01,2000,7.23
10,02,2000,4.95
10,03,2000,6.75
10,04,2000,6.25
10,05,2000,6.55
10,06,2000,6.55
10,07,2000,14.35
10,08,2000,9.5
10,09,2000,5.2
10,10,2000,5.4
10,11,2000,4.6
10,12,2000,8.1
10,13,2000,8.5
10,14,2000,4.7
10,15,2000,4.7
10,16,2000,6.4
10,17,2000,6.35
10,18,2000,4.85
10,19,2000,5.29
10,20,2000,6.21
10,21,2000,4.51
10,22,2000,3.79
10,23,2000,4.8
10,24,2000,2.7
10,25,2000,5.6
10,26,2000,4.4
10,27,2000,2.85
10,28,2000,4.45
10,29,2000,6.51
10,30,2000,3.49
10,31,2000,4.3
11,01,2000,7.44
11,02,2000,1.06
11,03,2000,1.7
11,04,2000,2.5
11,05,2000,2.4
11,06,2000,4.7
11,07,2000,0.3
11,08,2000,5.25
11,09,2000,4.75
11,10,2000,2.1
11,11,2000,3.4
11,12,2000,8.72
11,13,2000,5.78
11,14,2000,2.8
11,15,2000,5.32
11,16,2000,4.48
11,17,2000,2.3
11,18,2000,4.3
11,19,2000,3.1
11,20,2000,2.2
11,21,2000,4.6
11,22,2000,3.3
11,23,2000,2.85
11,24,2000,5.02
11,25,2000,1.33
11,26,2000,3.65
11,27,2000,2.2
11,28,2000,5.23
11,29,2000,2.42
11,30,2000,4.66
12,01,2000,2.14
12,02,2000,3.2
12,03,2000,2.3
12,04,2000,4.8
12,05,2000,3.64
12,06,2000,3.8
12,07,2000,3.3
12,08,2000,5.3
12,09,2000,3.6
12,10,2000,3.7
12,11,2000,4.57
12,12,2000,2.53
12,13,2000,3.7
12,14,2000,3.6
12,15,2000,4.6
12,16,2000,2.5
12,17,2000,3.3
12,18,2000,3.2
12,19,2000,3.5
12,20,2000,4.65
12,21,2000,3.41
12,22,2000,3.44
12,23,2000,3.6
12,24,2000,2.02
12,25,2000,3.38
12,26,2000,1.8
12,27,2000,1.75
12,28,2000,4.6
12,29,2000,4.2
12,30,2000,3.6
12,31,2000,3.2
01,01,2001,4.25
01,02,2001,2.2
01,03,2001,2.55
01,04,2001,5.3
01,05,2001,3.45
01,06,2001,5.42
01,07,2001,3.33
01,08,2001,3.75
01,09,2001,4.3
01,10,2001,4.85
01,11,2001,4.15
01,12,2001,2.15
01,13,2001,2.8
01,14,2001,2.4
01,15,2001,2.6
01,16,2001,5.45
01,17,2001,4.45
01,18,2001,3.1
01,19,2001,1.9
01,20,2001,2.4
01,21,2001,5.33
01,22,2001,2.57
01,23,2001,3.6
01,24,2001,3.7
01,25,2001,2.75
01,26,2001,4.55
01,27,2001,1.3
01,28,2001,4.4
01,29,2001,2.85
01,30,2001,5.45
01,31,2001,2.4
02,01,2001,4.4
02,02,2001,4.2
02,03,2001,5.45
02,04,2001,6.7
02,05,2001,5.55
02,06,2001,5.3
02,07,2001,5.5
02,08,2001,1.8
02,09,2001,3.3
02,10,2001,2.7
02,11,2001,3.8
02,12,2001,5.05
02,13,2001,5.45
02,14,2001,5.75
02,15,2001,6.35
02,16,2001,4.8
02,17,2001,5.1
02,18,2001,4.3
02,19,2001,4.25
02,20,2001,5.25
02,21,2001,4.27
02,22,2001,4.23
02,23,2001,3.63
02,24,2001,4.67
02,25,2001,4.8
02,26,2001,4.7
02,27,2001,6.3
02,28,2001,5.3
03,01,2001,4.38
03,02,2001,0.72
03,03,2001,3.75
03,04,2001,5.43
03,05,2001,4.42
03,06,2001,4.4
03,07,2001,6.15
03,08,2001,5.3
03,09,2001,6.2
03,10,2001,3.9
03,11,2001,3.45
03,12,2001,7.52
03,13,2001,2.26
03,14,2001,2.12
03,15,2001,6.1
03,16,2001,5.15
03,17,2001,6.5
03,18,2001,5.4
03,19,2001,5.3
03,20,2001,7.55
03,21,2001,7.05
03,22,2001,6.39
03,23,2001,7.56
03,24,2001,8.35
03,25,2001,8.6
03,26,2001,6.7
03,27,2001,7.2
03,28,2001,6.8
03,29,2001,5.85
03,30,2001,6.2
03,31,2001,6.1
04,01,2001,4.85
04,02,2001,4.45
04,03,2001,7.35
04,04,2001,7.25
04,05,2001,5.45
04,06,2001,8.3
04,07,2001,8.2
04,08,2001,7.7
04,09,2001,8.9
04,10,2001,7.5
04,11,2001,8.4
04,12,2001,5.5
04,13,2001,7.5
04,14,2001,7.4
04,15,2001,9.3
04,16,2001,9.4
04,17,2001,6.6
04,18,2001,8.45
04,19,2001,8.2
04,20,2001,9.6
04,21,2001,7.4
04,22,2001,8.1
04,23,2001,9.35
04,24,2001,7.15
04,25,2001,9.67
04,26,2001,9.23
04,27,2001,8.4
04,28,2001,null
04,29,2001,7.7
04,30,2001,6.5
05,01,2001,8.6
05,02,2001,7.7
05,03,2001,8.1
05,04,2001,1.5
05,05,2001,9.15
05,06,2001,10.35
05,07,2001,9.6
05,08,2001,8.15
05,09,2001,9.55
05,10,2001,10.25
05,11,2001,8.3
05,12,2001,8.45
05,13,2001,8.65
05,14,2001,10.2
05,15,2001,11.3
05,16,2001,7.8
05,17,2001,7.15
05,18,2001,7.65
05,19,2001,10.65
05,20,2001,10.35
05,21,2001,10.47
05,22,2001,10.53
05,23,2001,10.1
05,24,2001,8.45
05,25,2001,5.75
05,26,2001,9.45
05,27,2001,10.75
05,28,2001,8.31
05,29,2001,9.54
05,30,2001,10.05
05,31,2001,9.4
06,01,2001,10.75
06,02,2001,9.85
06,03,2001,8.4
06,04,2001,9.3
06,05,2001,6.65
06,06,2001,7.82
06,07,2001,4.23
06,08,2001,5.6
06,09,2001,6.54
06,10,2001,9.26
06,11,2001,8.5
06,12,2001,11.48
06,13,2001,9.42
06,14,2001,8.1
06,15,2001,10.45
06,16,2001,9.45
06,17,2001,7.6
06,18,2001,7.2
06,19,2001,9.6
06,20,2001,8.45
06,21,2001,6.4
06,22,2001,10.55
06,23,2001,9.8
06,24,2001,10.15
06,25,2001,9.75
06,26,2001,8.05
06,27,2001,9.3
06,28,2001,7.45
06,29,2001,10.5
06,30,2001,9.8
07,01,2001,10.2
07,02,2001,8.15
07,03,2001,0.45
07,04,2001,8.2
07,05,2001,8.5
07,06,2001,5.9
07,07,2001,null
07,08,2001,7.09
07,09,2001,11.31
07,10,2001,null
07,11,2001,5.84
07,12,2001,8.23
07,13,2001,3.89
07,14,2001,2.88
07,15,2001,6.71
07,16,2001,5.35
07,17,2001,7.72
07,18,2001,4.74
07,19,2001,8.24
07,20,2001,6.6
07,21,2001,6.78
07,22,2001,8.06
07,23,2001,6.02
07,24,2001,7.4
07,25,2001,8.29
07,26,2001,3.85
07,27,2001,3.96
07,28,2001,3.04
07,29,2001,7.76
07,30,2001,7.12
07,31,2001,5.12
08,01,2001,6.07
08,02,2001,8.41
08,03,2001,8.21
08,04,2001,5.08
08,05,2001,6.9
08,06,2001,5.29
08,07,2001,6.83
08,08,2001,7.7
08,09,2001,6.07
08,10,2001,3.47
08,11,2001,6.56
08,12,2001,5.28
08,13,2001,4.74
08,14,2001,6.93
08,15,2001,5.19
08,16,2001,6.13
08,17,2001,3.92
08,18,2001,6.77
08,19,2001,6.92
08,20,2001,5.44
08,21,2001,4.21
08,22,2001,8.95
08,23,2001,6.99
08,24,2001,8.83
08,25,2001,6.72
08,26,2001,4.19
08,27,2001,3.97
08,28,2001,3.28
08,29,2001,2.65
08,30,2001,5.72
08,31,2001,6.46
09,01,2001,3.54
09,02,2001,5.36
09,03,2001,4.64
09,04,2001,5.08
09,05,2001,5.51
09,06,2001,5.55
09,07,2001,4.3
09,08,2001,4.73
09,09,2001,5.24
09,10,2001,6.61
09,11,2001,5.76
09,12,2001,3.86
09,13,2001,4.15
09,14,2001,5.94
09,15,2001,6.75
09,16,2001,5.5
09,17,2001,6.13
09,18,2001,9.4
09,19,2001,4.38
09,20,2001,5.34
09,21,2001,5.15
09,22,2001,6.11
09,23,2001,6.72
09,24,2001,7.35
09,25,2001,8.01
09,26,2001,4.13
09,27,2001,1.87
09,28,2001,4.51
09,29,2001,2.42
09,30,2001,5.15
10,01,2001,5.88
10,02,2001,6.69
10,03,2001,7.24
10,04,2001,1.23
10,05,2001,4.13
10,06,2001,3.86
10,07,2001,6.49
10,08,2001,4.79
10,09,2001,3.75
10,10,2001,6.36
10,11,2001,5.36
10,12,2001,8.68
10,13,2001,7.16
10,14,2001,4.99
10,15,2001,7.19
10,16,2001,5.78
10,17,2001,6.9
10,18,2001,5.18
10,19,2001,5.79
10,20,2001,4.58
10,21,2001,5.09
10,22,2001,6.58
10,23,2001,7.44
10,24,2001,4.94
10,25,2001,6.37
10,26,2001,null
10,27,2001,7.8
10,28,2001,6.28
10,29,2001,6.85
10,30,2001,4.59
10,31,2001,5.56
11,01,2001,5.39
11,02,2001,4.85
11,03,2001,5.21
11,04,2001,6.52
11,05,2001,5.38
11,06,2001,5.57
11,07,2001,5.87
11,08,2001,6.87
11,09,2001,5.21
11,10,2001,4.43
11,11,2001,5.0
11,12,2001,6.94
11,13,2001,2.7
11,14,2001,5.12
11,15,2001,4.16
11,16,2001,4.52
11,17,2001,4.39
11,18,2001,3.99
11,19,2001,4.44
11,20,2001,4.7
11,21,2001,4.39
11,22,2001,4.32
11,23,2001,3.83
11,24,2001,3.78
11,25,2001,4.78
11,26,2001,4.2
11,27,2001,3.58
11,28,2001,3.89
11,29,2001,4.64
11,30,2001,3.62
12,01,2001,4.07
12,02,2001,5.24
12,03,2001,3.93
12,04,2001,3.47
12,05,2001,3.94
12,06,2001,3.14
12,07,2001,1.47
12,08,2001,3.42
12,09,2001,4.12
12,10,2001,1.85
12,11,2001,1.36
12,12,2001,2.52
12,13,2001,3.28
12,14,2001,2.25
12,15,2001,1.98
12,16,2001,4.53
12,17,2001,4.01
12,18,2001,1.96
12,19,2001,3.54
12,20,2001,3.68
12,21,2001,4.3
12,22,2001,2.74
12,23,2001,3.22
12,24,2001,4.18
12,25,2001,3.14
12,26,2001,5.0
12,27,2001,2.09
12,28,2001,3.69
12,29,2001,3.53
12,30,2001,3.97
12,31,2001,3.68
01,01,2002,2.82
01,02,2002,7.66
01,03,2002,3.97
01,04,2002,3.23
01,05,2002,3.97
01,06,2002,3.9
01,07,2002,4.03
01,08,2002,2.67
01,09,2002,4.69
01,10,2002,2.76
01,11,2002,2.47
01,12,2002,4.9
01,13,2002,4.15
01,14,2002,4.04
01,15,2002,3.18
01,16,2002,5.44
01,17,2002,4.26
01,18,2002,3.88
01,19,2002,3.7
01,20,2002,4.78
01,21,2002,3.86
01,22,2002,5.94
01,23,2002,5.28
01,24,2002,4.73
01,25,2002,3.87
01,26,2002,4.5
01,27,2002,4.66
01,28,2002,4.42
01,29,2002,4.86
01,30,2002,0.74
01,31,2002,4.03
02,01,2002,3.67
02,02,2002,3.48
02,03,2002,2.08
02,04,2002,3.5
02,05,2002,1.59
02,06,2002,3.84
02,07,2002,3.09
02,08,2002,6.32
02,09,2002,4.34
02,10,2002,6.52
02,11,2002,3.75
02,12,2002,1.42
02,13,2002,4.59
02,14,2002,5.0
02,15,2002,4.56
02,16,2002,3.83
02,17,2002,5.95
02,18,2002,3.51
02,19,2002,5.22
02,20,2002,5.07
02,21,2002,4.45
02,22,2002,7.21
02,23,2002,7.7
02,24,2002,5.39
02,25,2002,6.2
02,26,2002,5.05
02,27,2002,3.95
02,28,2002,4.95
03,01,2002,5.05
03,02,2002,3.08
03,03,2002,5.57
03,04,2002,5.4
03,05,2002,6.2
03,06,2002,8.4
03,07,2002,5.2
03,08,2002,5.41
03,09,2002,4.15
03,10,2002,5.09
03,11,2002,5.85
03,12,2002,7.19
03,13,2002,3.59
03,14,2002,null
03,15,2002,null
03,16,2002,null
03,17,2002,null
03,18,2002,null
03,19,2002,null
03,20,2002,null
03,21,2002,null
03,22,2002,null
03,23,2002,null
03,24,2002,7.46
03,25,2002,7.81
03,26,2002,9.2
03,27,2002,8.28
03,28,2002,5.59
03,29,2002,5.94
03,30,2002,5.87
03,31,2002,8.1
04,01,2002,5.83
04,02,2002,7.88
04,03,2002,5.54
04,04,2002,3.81
04,05,2002,9.84
04,06,2002,8.7
04,07,2002,6.02
04,08,2002,7.51
04,09,2002,6.09
04,10,2002,5.36
04,11,2002,7.42
04,12,2002,7.34
04,13,2002,2.21
04,14,2002,4.72
04,15,2002,4.52
04,16,2002,6.55
04,17,2002,5.89
04,18,2002,8.03
04,19,2002,7.3
04,20,2002,9.32
04,21,2002,5.94
04,22,2002,6.58
04,23,2002,7.62
04,24,2002,6.69
04,25,2002,7.07
04,26,2002,6.72
04,27,2002,7.91
04,28,2002,6.7
04,29,2002,12.27
04,30,2002,9.62
05,01,2002,7.8
05,02,2002,9.3
05,03,2002,11.58
05,04,2002,6.35
05,05,2002,9.21
05,06,2002,8.0
05,07,2002,10.47
05,08,2002,9.41
05,09,2002,9.94
05,10,2002,10.4
05,11,2002,9.27
05,12,2002,8.53
05,13,2002,7.9
05,14,2002,8.28
05,15,2002,8.68
05,16,2002,8.98
05,17,2002,9.3
05,18,2002,8.43
05,19,2002,6.9
05,20,2002,9.85
05,21,2002,8.98
05,22,2002,8.74
05,23,2002,6.16
05,24,2002,8.91
05,25,2002,9.83
05,26,2002,9.82
05,27,2002,9.93
05,28,2002,8.69
05,29,2002,9.59
05,30,2002,8.4
05,31,2002,8.33
06,01,2002,8.43
06,02,2002,7.54
06,03,2002,7.66
06,04,2002,7.68
06,05,2002,8.18
06,06,2002,10.7
06,07,2002,11.49
06,08,2002,10.72
06,09,2002,9.7
06,10,2002,10.34
06,11,2002,8.59
06,12,2002,6.13
06,13,2002,6.42
06,14,2002,8.35
06,15,2002,6.64
06,16,2002,8.89
06,17,2002,10.08
06,18,2002,8.54
06,19,2002,10.18
06,20,2002,8.79
06,21,2002,9.37
06,22,2002,10.1
06,23,2002,7.9
06,24,2002,9.4
06,25,2002,10.55
06,26,2002,8.41
06,27,2002,10.01
06,28,2002,8.42
06,29,2002,8.31
06,30,2002,9.75
07,01,2002,9.86
07,02,2002,10.3
07,03,2002,9.48
07,04,2002,8.85
07,05,2002,7.12
07,06,2002,8.59
07,07,2002,9.87
07,08,2002,7.61
07,09,2002,9.19
07,10,2002,8.53
07,11,2002,9.33
07,12,2002,7.82
07,13,2002,9.27
07,14,2002,8.63
07,15,2002,8.85
07,16,2002,7.55
07,17,2002,6.79
07,18,2002,9.42
07,19,2002,2.0
07,20,2002,5.61
07,21,2002,9.05
07,22,2002,3.33
07,23,2002,1.94
07,24,2002,4.48
07,25,2002,4.59
07,26,2002,10.35
07,27,2002,5.5
07,28,2002,7.93
07,29,2002,7.65
07,30,2002,4.57
07,31,2002,6.34
08,01,2002,6.81
08,02,2002,5.58
08,03,2002,5.16
08,04,2002,4.46
08,05,2002,3.62
08,06,2002,6.92
08,07,2002,8.63
08,08,2002,7.67
08,09,2002,6.4
08,10,2002,5.79
08,11,2002,5.37
08,12,2002,4.35
08,13,2002,3.93
08,14,2002,1.59
08,15,2002,5.41
08,16,2002,6.73
08,17,2002,6.92
08,18,2002,8.93
08,19,2002,6.99
08,20,2002,6.54
08,21,2002,7.4
08,22,2002,5.73
08,23,2002,7.61
08,24,2002,8.14
08,25,2002,6.09
08,26,2002,5.11
08,27,2002,5.8
08,28,2002,6.35
08,29,2002,8.12
08,30,2002,5.79
08,31,2002,9.39
09,01,2002,5.33
09,02,2002,5.89
09,03,2002,6.49
09,04,2002,7.36
09,05,2002,3.96
09,06,2002,4.55
09,07,2002,5.93
09,08,2002,5.99
09,09,2002,4.26
09,10,2002,4.88
09,11,2002,6.34
09,12,2002,5.52
09,13,2002,3.43
09,14,2002,5.01
09,15,2002,7.48
09,16,2002,1.71
09,17,2002,0.99
09,18,2002,null
09,19,2002,5.02
09,20,2002,4.65
09,21,2002,5.71
09,22,2002,4.72
09,23,2002,7.53
09,24,2002,6.93
09,25,2002,6.52
09,26,2002,5.52
09,27,2002,6.33
09,28,2002,3.72
09,29,2002,4.88
09,30,2002,5.15
10,01,2002,4.29
10,02,2002,3.8
10,03,2002,5.46
10,04,2002,5.94
10,05,2002,5.83
10,06,2002,6.2
10,07,2002,4.88
10,08,2002,5.25
10,09,2002,7.04
10,10,2002,6.02
10,11,2002,4.8
10,12,2002,4.64
10,13,2002,7.98
10,14,2002,5.74
10,15,2002,5.64
10,16,2002,4.78
10,17,2002,4.83
10,18,2002,6.01
10,19,2002,6.3
10,20,2002,4.76
10,21,2002,6.74
10,22,2002,6.17
10,23,2002,5.81
10,24,2002,1.46
10,25,2002,4.26
10,26,2002,3.4
10,27,2002,4.79
10,28,2002,4.49
10,29,2002,2.61
10,30,2002,6.17
10,31,2002,4.64
11,01,2002,3.9
11,02,2002,5.35
11,03,2002,4.55
11,04,2002,3.25
11,05,2002,3.67
11,06,2002,3.49
11,07,2002,3.4
11,08,2002,5.14
11,09,2002,5.36
11,10,2002,3.85
11,11,2002,5.19
11,12,2002,5.01
11,13,2002,5.12
11,14,2002,4.36
11,15,2002,5.32
11,16,2002,4.34
11,17,2002,5.98
11,18,2002,5.72
11,19,2002,4.2
11,20,2002,3.96
11,21,2002,5.4
11,22,2002,6.16
11,23,2002,3.91
11,24,2002,3.66
11,25,2002,3.75
11,26,2002,2.92
11,27,2002,2.83
11,28,2002,0.23
11,29,2002,0.77
11,30,2002,2.49
12,01,2002,3.26
12,02,2002,2.02
12,03,2002,1.97
12,04,2002,3.78
12,05,2002,3.53
12,06,2002,3.54
12,07,2002,3.44
12,08,2002,3.82
12,09,2002,3.5
12,10,2002,3.72
12,11,2002,2.59
12,12,2002,3.13
12,13,2002,3.31
12,14,2002,4.24
12,15,2002,3.05
12,16,2002,2.83
12,17,2002,4.53
12,18,2002,2.99
12,19,2002,3.1
12,20,2002,3.67
12,21,2002,3.13
12,22,2002,1.71
12,23,2002,2.02
12,24,2002,1.85
12,25,2002,2.57
12,26,2002,3.47
12,27,2002,3.5
12,28,2002,4.21
12,29,2002,3.04
12,30,2002,3.78
12,31,2002,3.02
01,01,2003,3.78
01,02,2003,4.0
01,03,2003,3.0
01,04,2003,4.32
01,05,2003,2.9
01,06,2003,2.46
01,07,2003,1.38
01,08,2003,1.73
01,09,2003,3.34
01,10,2003,1.93
01,11,2003,3.28
01,12,2003,3.89
01,13,2003,4.09
01,14,2003,4.42
01,15,2003,4.98
01,16,2003,null
01,17,2003,4.58
01,18,2003,3.64
01,19,2003,4.12
01,20,2003,4.36
01,21,2003,4.9
01,22,2003,3.1
01,23,2003,4.57
01,24,2003,3.6
01,25,2003,3.27
01,26,2003,3.58
01,27,2003,6.28
01,28,2003,3.46
01,29,2003,5.04
01,30,2003,3.53
01,31,2003,3.32
02,01,2003,2.9
02,02,2003,5.61
02,03,2003,3.16
02,04,2003,2.8
02,05,2003,2.13
02,06,2003,0.36
02,07,2003,3.16
02,08,2003,4.45
02,09,2003,3.79
02,10,2003,4.96
02,11,2003,4.27
02,12,2003,4.39
02,13,2003,2.5
02,14,2003,2.18
02,15,2003,4.72
02,16,2003,4.66
02,17,2003,5.49
02,18,2003,5.64
02,19,2003,4.71
02,20,2003,4.21
02,21,2003,5.26
02,22,2003,5.39
02,23,2003,4.28
02,24,2003,3.46
02,25,2003,2.99
02,26,2003,4.02
02,27,2003,5.55
02,28,2003,4.54
03,01,2003,3.63
03,02,2003,4.04
03,03,2003,5.74
03,04,2003,5.18
03,05,2003,4.82
03,06,2003,5.51
03,07,2003,5.23
03,08,2003,5.75
03,09,2003,3.93
03,10,2003,3.49
03,11,2003,5.39
03,12,2003,6.35
03,13,2003,4.87
03,14,2003,4.97
03,15,2003,6.22
03,16,2003,5.47
03,17,2003,5.1
03,18,2003,6.28
03,19,2003,5.89
03,20,2003,5.91
03,21,2003,6.92
03,22,2003,7.22
03,23,2003,6.02
03,24,2003,5.2
03,25,2003,7.51
03,26,2003,6.59
03,27,2003,5.61
03,28,2003,5.2
03,29,2003,7.6
03,30,2003,8.55
03,31,2003,8.2
04,01,2003,7.29
04,02,2003,7.18
04,03,2003,8.38
04,04,2003,6.87
04,05,2003,7.27
04,06,2003,7.35
04,07,2003,4.87
04,08,2003,7.1
04,09,2003,4.02
04,10,2003,2.76
04,11,2003,9.05
04,12,2003,10.85
04,13,2003,8.02
04,14,2003,7.96
04,15,2003,9.24
04,16,2003,6.68
04,17,2003,5.3
04,18,2003,7.35
04,19,2003,5.03
04,20,2003,9.19
04,21,2003,7.55
04,22,2003,6.06
04,23,2003,4.7
04,24,2003,8.23
04,25,2003,8.24
04,26,2003,6.7
04,27,2003,6.14
04,28,2003,2.87
04,29,2003,2.87
04,30,2003,8.35
05,01,2003,8.36
05,02,2003,7.79
05,03,2003,10.45
05,04,2003,11.61
05,05,2003,7.02
05,06,2003,8.63
05,07,2003,7.3
05,08,2003,10.57
05,09,2003,9.42
05,10,2003,10.32
05,11,2003,8.11
05,12,2003,7.81
05,13,2003,8.68
05,14,2003,9.52
05,15,2003,7.8
05,16,2003,8.33
05,17,2003,8.74
05,18,2003,8.52
05,19,2003,9.12
05,20,2003,9.05
05,21,2003,7.51
05,22,2003,8.54
05,23,2003,8.1
05,24,2003,7.91
05,25,2003,8.57
05,26,2003,7.21
05,27,2003,7.28
05,28,2003,8.43
05,29,2003,9.03
05,30,2003,10.76
05,31,2003,10.29
06,01,2003,10.37
06,02,2003,7.38
06,03,2003,8.34
06,04,2003,8.4
06,05,2003,8.62
06,06,2003,7.76
06,07,2003,8.43
06,08,2003,8.75
06,09,2003,8.68
06,10,2003,8.2
06,11,2003,7.86
06,12,2003,8.56
06,13,2003,7.59
06,14,2003,10.34
06,15,2003,9.33
06,16,2003,9.23
06,17,2003,10.55
06,18,2003,10.01
06,19,2003,9.41
06,20,2003,8.94
06,21,2003,10.33
06,22,2003,9.26
06,23,2003,7.35
06,24,2003,7.65
06,25,2003,9.29
06,26,2003,10.47
06,27,2003,8.26
06,28,2003,5.3
06,29,2003,9.22
06,30,2003,7.88
07,01,2003,9.24
07,02,2003,7.93
07,03,2003,10.92
07,04,2003,7.49
07,05,2003,8.22
07,06,2003,8.47
07,07,2003,7.95
07,08,2003,6.54
07,09,2003,5.16
07,10,2003,3.23
07,11,2003,8.23
07,12,2003,10.04
07,13,2003,9.69
07,14,2003,8.81
07,15,2003,9.99
07,16,2003,10.02
07,17,2003,null
07,18,2003,7.71
07,19,2003,8.04
07,20,2003,7.75
07,21,2003,8.85
07,22,2003,7.56
07,23,2003,7.39
07,24,2003,5.35
07,25,2003,6.13
07,26,2003,2.1
07,27,2003,5.81
07,28,2003,6.51
07,29,2003,9.82
07,30,2003,4.29
07,31,2003,6.41
08,01,2003,4.76
08,02,2003,7.9
08,03,2003,6.37
08,04,2003,3.84
08,05,2003,6.13
08,06,2003,3.23
08,07,2003,4.78
08,08,2003,7.32
08,09,2003,7.4
08,10,2003,5.12
08,11,2003,4.95
08,12,2003,6.55
08,13,2003,3.46
08,14,2003,13.79
08,15,2003,6.33
08,16,2003,8.34
08,17,2003,5.75
08,18,2003,4.64
08,19,2003,6.39
08,20,2003,3.71
08,21,2003,7.72
08,22,2003,3.13
08,23,2003,4.28
08,24,2003,5.93
08,25,2003,2.3
08,26,2003,4.49
08,27,2003,8.65
08,28,2003,7.22
08,29,2003,10.25
08,30,2003,8.0
08,31,2003,2.37
09,01,2003,3.75
09,02,2003,8.33
09,03,2003,3.45
09,04,2003,2.22
09,05,2003,2.53
09,06,2003,5.08
09,07,2003,6.89
09,08,2003,2.37
09,09,2003,6.03
09,10,2003,7.23
09,11,2003,2.78
09,12,2003,4.07
09,13,2003,7.94
09,14,2003,5.85
09,15,2003,2.95
09,16,2003,4.41
09,17,2003,6.33
09,18,2003,5.06
09,19,2003,5.08
09,20,2003,4.55
09,21,2003,1.23
09,22,2003,2.96
09,23,2003,2.92
09,24,2003,6.41
09,25,2003,2.99
09,26,2003,5.48
09,27,2003,5.56
09,28,2003,6.67
09,29,2003,4.6
09,30,2003,4.07
10,01,2003,3.37
10,02,2003,7.94
10,03,2003,4.69
10,04,2003,4.5
10,05,2003,5.82
10,06,2003,5.91
10,07,2003,2.29
10,08,2003,2.66
10,09,2003,2.87
10,10,2003,5.02
10,11,2003,5.53
10,12,2003,6.03
10,13,2003,3.45
10,14,2003,5.74
10,15,2003,4.77
10,16,2003,3.49
10,17,2003,5.33
10,18,2003,4.15
10,19,2003,9.3
10,20,2003,5.7
10,21,2003,5.72
10,22,2003,5.5
10,23,2003,4.57
10,24,2003,2.83
10,25,2003,3.72
10,26,2003,2.76
10,27,2003,4.72
10,28,2003,4.92
10,29,2003,5.27
10,30,2003,4.28
10,31,2003,4.01
11,01,2003,4.94
11,02,2003,3.9
11,03,2003,6.39
11,04,2003,4.89
11,05,2003,5.22
11,06,2003,4.44
11,07,2003,3.71
11,08,2003,6.41
11,09,2003,4.22
11,10,2003,3.5
11,11,2003,6.18
11,12,2003,4.21
11,13,2003,5.07
11,14,2003,4.76
11,15,2003,3.2
11,16,2003,0.28
11,17,2003,3.0
11,18,2003,2.5
11,19,2003,4.2
11,20,2003,5.52
11,21,2003,4.38
11,22,2003,3.8
11,23,2003,3.3
11,24,2003,5.0
11,25,2003,3.2
11,26,2003,3.36
11,27,2003,3.45
11,28,2003,3.92
11,29,2003,4.2
11,30,2003,5.54
12,01,2003,4.27
12,02,2003,4.39
12,03,2003,2.35
12,04,2003,1.5
12,05,2003,3.1
12,06,2003,3.68
12,07,2003,5.15
12,08,2003,4.91
12,09,2003,4.21
12,10,2003,1.89
12,11,2003,7.86
12,12,2003,1.1
12,13,2003,1.01
12,14,2003,6.14
12,15,2003,1.45
12,16,2003,2.22
12,17,2003,5.25
12,18,2003,1.08
12,19,2003,6.35
12,20,2003,3.29
12,21,2003,3.41
12,22,2003,3.18
12,23,2003,2.52
12,24,2003,2.2
12,25,2003,5.11
12,26,2003,2.41
12,27,2003,3.38
12,28,2003,4.28
12,29,2003,4.17
12,30,2003,3.03
12,31,2003,2.11
01,01,2004,1.09
01,02,2004,3.52
01,03,2004,2.25
01,04,2004,4.52
01,05,2004,3.35
01,06,2004,4.16
01,07,2004,4.87
01,08,2004,3.75
01,09,2004,1.83
01,10,2004,3.93
01,11,2004,1.2
01,12,2004,0.28
01,13,2004,3.44
01,14,2004,6.57
01,15,2004,1.77
01,16,2004,2.54
01,17,2004,2.24
01,18,2004,2.43
01,19,2004,2.64
01,20,2004,1.51
01,21,2004,1.45
01,22,2004,2.27
01,23,2004,0.88
01,24,2004,3.8
01,25,2004,3.58
01,26,2004,2.64
01,27,2004,1.05
01,28,2004,3.63
01,29,2004,1.56
01,30,2004,5.14
01,31,2004,4.19
02,01,2004,3.05
02,02,2004,3.76
02,03,2004,2.5
02,04,2004,4.63
02,05,2004,2.89
02,06,2004,2.9
02,07,2004,1.68
02,08,2004,5.0
02,09,2004,1.62
02,10,2004,1.9
02,11,2004,3.26
02,12,2004,1.49
02,13,2004,3.53
02,14,2004,5.0
02,15,2004,2.75
02,16,2004,4.6
02,17,2004,5.14
02,18,2004,5.91
02,19,2004,6.32
02,20,2004,5.45
02,21,2004,6.2
02,22,2004,0.96
02,23,2004,6.14
02,24,2004,3.84
02,25,2004,4.75
02,26,2004,4.58
02,27,2004,3.93
02,28,2004,3.5
02,29,2004,5.35
03,01,2004,4.76
03,02,2004,4.2
03,03,2004,3.7
03,04,2004,4.87
03,05,2004,3.62
03,06,2004,5.7
03,07,2004,5.18
03,08,2004,4.59
03,09,2004,5.09
03,10,2004,5.51
03,11,2004,2.05
03,12,2004,1.98
03,13,2004,5.95
03,14,2004,7.89
03,15,2004,6.42
03,16,2004,6.36
03,17,2004,3.64
03,18,2004,5.96
03,19,2004,6.5
03,20,2004,5.84
03,21,2004,7.77
03,22,2004,6.81
03,23,2004,5.96
03,24,2004,7.22
03,25,2004,6.66
03,26,2004,7.95
03,27,2004,7.53
03,28,2004,5.76
03,29,2004,5.89
03,30,2004,5.38
03,31,2004,6.19
04,01,2004,6.01
04,02,2004,4.22
04,03,2004,4.05
04,04,2004,7.12
04,05,2004,6.41
04,06,2004,7.88
04,07,2004,4.6
04,08,2004,7.08
04,09,2004,5.9
04,10,2004,7.24
04,11,2004,5.85
04,12,2004,6.89
04,13,2004,7.88
04,14,2004,7.92
04,15,2004,5.93
04,16,2004,7.05
04,17,2004,7.52
04,18,2004,8.96
04,19,2004,6.06
04,20,2004,7.69
04,21,2004,8.29
04,22,2004,5.66
04,23,2004,6.03
04,24,2004,5.29
04,25,2004,6.93
04,26,2004,8.0
04,27,2004,8.58
04,28,2004,8.68
04,29,2004,6.72
04,30,2004,8.98
05,01,2004,8.48
05,02,2004,9.17
05,03,2004,8.89
05,04,2004,9.48
05,05,2004,8.24
05,06,2004,10.55
05,07,2004,11.19
05,08,2004,10.11
05,09,2004,9.16
05,10,2004,8.54
05,11,2004,7.23
05,12,2004,8.4
05,13,2004,8.83
05,14,2004,10.72
05,15,2004,9.02
05,16,2004,7.62
05,17,2004,10.24
05,18,2004,8.92
05,19,2004,8.72
05,20,2004,7.75
05,21,2004,9.56
05,22,2004,9.94
05,23,2004,7.33
05,24,2004,8.13
05,25,2004,8.52
05,26,2004,8.42
05,27,2004,7.9
05,28,2004,8.9
05,29,2004,8.85
05,30,2004,9.2
05,31,2004,9.34
06,01,2004,9.29
06,02,2004,null
06,03,2004,9.0
06,04,2004,7.5
06,05,2004,11.41
06,06,2004,6.72
06,07,2004,8.2
06,08,2004,6.96
06,09,2004,8.22
06,10,2004,9.5
06,11,2004,9.43
06,12,2004,7.91
06,13,2004,11.15
06,14,2004,9.17
06,15,2004,12.13
06,16,2004,5.17
06,17,2004,11.29
06,18,2004,6.88
06,19,2004,6.69
06,20,2004,8.8
06,21,2004,7.21
06,22,2004,9.38
06,23,2004,9.34
06,24,2004,9.11
06,25,2004,9.65
06,26,2004,9.99
06,27,2004,9.39
06,28,2004,9.57
06,29,2004,8.76
06,30,2004,9.17
07,01,2004,10.04
07,02,2004,8.08
07,03,2004,7.7
07,04,2004,8.57
07,05,2004,6.98
07,06,2004,4.07
07,07,2004,7.18
07,08,2004,6.28
07,09,2004,8.36
07,10,2004,6.87
07,11,2004,6.52
07,12,2004,5.92
07,13,2004,6.55
07,14,2004,4.07
07,15,2004,3.44
07,16,2004,5.56
07,17,2004,5.16
07,18,2004,5.45
07,19,2004,3.99
07,20,2004,3.6
07,21,2004,3.88
07,22,2004,5.7
07,23,2004,2.25
07,24,2004,5.74
07,25,2004,2.35
07,26,2004,7.01
07,27,2004,7.19
07,28,2004,6.46
07,29,2004,3.85
07,30,2004,2.38
07,31,2004,3.87
08,01,2004,4.88
08,02,2004,6.78
08,03,2004,2.68
08,04,2004,4.94
08,05,2004,5.56
08,06,2004,4.88
08,07,2004,7.28
08,08,2004,8.13
08,09,2004,4.17
08,10,2004,6.03
08,11,2004,7.86
08,12,2004,8.08
08,13,2004,4.67
08,14,2004,5.0
08,15,2004,4.93
08,16,2004,5.85
08,17,2004,6.73
08,18,2004,5.84
08,19,2004,5.83
08,20,2004,4.66
08,21,2004,6.22
08,22,2004,4.99
08,23,2004,5.51
08,24,2004,4.27
08,25,2004,7.0
08,26,2004,6.98
08,27,2004,4.94
08,28,2004,3.96
08,29,2004,5.64
08,30,2004,4.38
08,31,2004,4.1
09,01,2004,8.43
09,02,2004,5.0
09,03,2004,4.37
09,04,2004,4.86
09,05,2004,1.69
09,06,2004,5.02
09,07,2004,6.63
09,08,2004,4.82
09,09,2004,6.36
09,10,2004,6.08
09,11,2004,5.97
09,12,2004,3.01
09,13,2004,6.02
09,14,2004,5.29
09,15,2004,7.57
09,16,2004,2.89
09,17,2004,2.71
09,18,2004,4.43
09,19,2004,3.36
09,20,2004,4.37
09,21,2004,1.43
09,22,2004,5.37
09,23,2004,5.19
09,24,2004,6.98
09,25,2004,5.06
09,26,2004,4.7
09,27,2004,5.28
09,28,2004,5.93
09,29,2004,4.9
09,30,2004,5.3
10,01,2004,5.18
10,02,2004,5.95
10,03,2004,5.24
10,04,2004,6.28
10,05,2004,5.79
10,06,2004,4.04
10,07,2004,6.65
10,08,2004,4.61
10,09,2004,4.37
10,10,2004,6.1
10,11,2004,4.33
10,12,2004,4.99
10,13,2004,3.37
10,14,2004,5.09
10,15,2004,4.45
10,16,2004,5.67
10,17,2004,4.5
10,18,2004,3.68
10,19,2004,5.57
10,20,2004,5.5
10,21,2004,4.5
10,22,2004,null
10,23,2004,1.93
10,24,2004,3.06
10,25,2004,1.04
10,26,2004,2.27
10,27,2004,4.34
10,28,2004,2.92
10,29,2004,3.75
10,30,2004,2.96
10,31,2004,1.18
11,01,2004,4.14
11,02,2004,2.76
11,03,2004,3.46
11,04,2004,3.36
11,05,2004,3.94
11,06,2004,4.06
11,07,2004,2.98
11,08,2004,2.37
11,09,2004,2.31
11,10,2004,5.31
11,11,2004,2.83
11,12,2004,2.01
11,13,2004,0.5
11,14,2004,2.0
11,15,2004,2.93
11,16,2004,1.47
11,17,2004,2.83
11,18,2004,2.57
11,19,2004,1.74
11,20,2004,1.81
11,21,2004,0.81
11,22,2004,1.97
11,23,2004,3.45
11,24,2004,2.5
11,25,2004,2.07
11,26,2004,2.32
11,27,2004,2.61
11,28,2004,1.97
11,29,2004,4.41
11,30,2004,2.4
12,01,2004,2.08
12,02,2004,1.87
12,03,2004,3.75
12,04,2004,0.6
12,05,2004,1.1
12,06,2004,2.36
12,07,2004,3.35
12,08,2004,1.57
12,09,2004,1.75
12,10,2004,3.14
12,11,2004,2.88
12,12,2004,2.37
12,13,2004,3.74
12,14,2004,0.91
12,15,2004,2.27
12,16,2004,2.4
12,17,2004,2.33
12,18,2004,2.1
12,19,2004,2.93
12,20,2004,2.31
12,21,2004,2.29
12,22,2004,2.32
12,23,2004,1.54
12,24,2004,1.32
12,25,2004,2.21
12,26,2004,2.77
12,27,2004,2.91
12,28,2004,1.63
12,29,2004,2.22
12,30,2004,3.49
12,31,2004,3.96
01,01,2005,2.3
01,02,2005,1.2
01,03,2005,2.0
01,04,2005,2.77
01,05,2005,4.39
01,06,2005,1.94
01,07,2005,2.71
01,08,2005,3.86
01,09,2005,2.25
01,10,2005,3.89
01,11,2005,3.28
01,12,2005,3.15
01,13,2005,3.56
01,14,2005,2.81
01,15,2005,2.49
01,16,2005,1.78
01,17,2005,2.22
01,18,2005,1.7
01,19,2005,2.48
01,20,2005,0.17
01,21,2005,2.96
01,22,2005,2.7
01,23,2005,2.34
01,24,2005,3.75
01,25,2005,1.97
01,26,2005,1.43
01,27,2005,3.37
01,28,2005,3.14
01,29,2005,3.31
01,30,2005,3.52
01,31,2005,2.18
02,01,2005,3.83
02,02,2005,1.55
02,03,2005,2.52
02,04,2005,3.53
02,05,2005,4.19
02,06,2005,3.67
02,07,2005,1.53
02,08,2005,3.38
02,09,2005,2.11
02,10,2005,0.68
02,11,2005,1.37
02,12,2005,2.46
02,13,2005,3.3
02,14,2005,3.87
02,15,2005,3.96
02,16,2005,3.13
02,17,2005,4.56
02,18,2005,4.86
02,19,2005,1.94
02,20,2005,3.51
02,21,2005,4.87
02,22,2005,2.35
02,23,2005,1.8
02,24,2005,4.68
02,25,2005,1.38
02,26,2005,3.02
02,27,2005,2.55
02,28,2005,4.77
03,01,2005,3.42
03,02,2005,2.63
03,03,2005,4.73
03,04,2005,1.24
03,05,2005,1.46
03,06,2005,4.67
03,07,2005,3.77
03,08,2005,3.88
03,09,2005,5.62
03,10,2005,2.57
03,11,2005,5.11
03,12,2005,5.5
03,13,2005,4.98
03,14,2005,3.59
03,15,2005,3.57
03,16,2005,4.92
03,17,2005,6.17
03,18,2005,4.97
03,19,2005,6.4
03,20,2005,5.4
03,21,2005,6.69
03,22,2005,4.59
03,23,2005,6.23
03,24,2005,6.13
03,25,2005,4.76
03,26,2005,5.3
03,27,2005,6.42
03,28,2005,6.57
03,29,2005,6.25
03,30,2005,7.03
03,31,2005,7.03
04,01,2005,7.28
04,02,2005,7.31
04,03,2005,6.25
04,04,2005,6.77
04,05,2005,8.26
04,06,2005,6.86
04,07,2005,7.02
04,08,2005,5.14
04,09,2005,6.28
04,10,2005,6.76
04,11,2005,7.66
04,12,2005,10.76
04,13,2005,2.88
04,14,2005,6.44
04,15,2005,7.79
04,16,2005,5.93
04,17,2005,4.41
04,18,2005,8.22
04,19,2005,9.54
04,20,2005,8.01
04,21,2005,10.21
04,22,2005,7.64
04,23,2005,5.19
04,24,2005,6.65
04,25,2005,8.3
04,26,2005,9.28
04,27,2005,6.89
04,28,2005,9.0
04,29,2005,9.61
04,30,2005,5.75
05,01,2005,6.3
05,02,2005,9.75
05,03,2005,6.15
05,04,2005,6.5
05,05,2005,6.94
05,06,2005,6.37
05,07,2005,9.2
05,08,2005,9.02
05,09,2005,9.52
05,10,2005,9.83
05,11,2005,8.73
05,12,2005,8.78
05,13,2005,7.34
05,14,2005,9.55
05,15,2005,9.85
05,16,2005,8.73
05,17,2005,7.97
05,18,2005,8.17
05,19,2005,9.76
05,20,2005,7.08
05,21,2005,8.83
05,22,2005,8.11
05,23,2005,5.62
05,24,2005,6.94
05,25,2005,6.68
05,26,2005,7.34
05,27,2005,8.23
05,28,2005,7.43
05,29,2005,6.57
05,30,2005,10.57
05,31,2005,6.02
06,01,2005,7.58
06,02,2005,7.22
06,03,2005,9.65
06,04,2005,7.72
06,05,2005,7.65
06,06,2005,9.25
06,07,2005,8.2
06,08,2005,8.84
06,09,2005,8.88
06,10,2005,8.57
06,11,2005,7.22
06,12,2005,7.57
06,13,2005,6.3
06,14,2005,5.03
06,15,2005,6.03
06,16,2005,2.94
06,17,2005,3.61
06,18,2005,6.72
06,19,2005,7.8
06,20,2005,4.09
06,21,2005,5.4
06,22,2005,8.14
06,23,2005,8.61
06,24,2005,8.13
06,25,2005,7.77
06,26,2005,8.88
06,27,2005,8.79
06,28,2005,8.83
06,29,2005,9.78
06,30,2005,6.08
07,01,2005,11.89
07,02,2005,2.65
07,03,2005,7.3
07,04,2005,7.57
07,05,2005,4.88
07,06,2005,4.08
07,07,2005,4.8
07,08,2005,6.8
07,09,2005,6.59
07,10,2005,7.23
07,11,2005,7.35
07,12,2005,7.47
07,13,2005,5.72
07,14,2005,5.82
07,15,2005,7.16
07,16,2005,6.67
07,17,2005,6.94
07,18,2005,7.42
07,19,2005,7.61
07,20,2005,6.61
07,21,2005,8.27
07,22,2005,4.34
07,23,2005,3.19
07,24,2005,6.72
07,25,2005,9.34
07,26,2005,3.24
07,27,2005,1.82
07,28,2005,7.4
07,29,2005,8.11
07,30,2005,6.71
07,31,2005,8.19
08,01,2005,6.37
08,02,2005,9.79
08,03,2005,2.66
08,04,2005,6.41
08,05,2005,3.18
08,06,2005,7.99
08,07,2005,5.31
08,08,2005,2.98
08,09,2005,7.47
08,10,2005,7.27
08,11,2005,5.53
08,12,2005,7.43
08,13,2005,5.4
08,14,2005,4.9
08,15,2005,8.29
08,16,2005,6.14
08,17,2005,3.72
08,18,2005,2.98
08,19,2005,5.61
08,20,2005,6.86
08,21,2005,6.73
08,22,2005,5.44
08,23,2005,5.3
08,24,2005,5.26
08,25,2005,4.87
08,26,2005,4.45
08,27,2005,5.27
08,28,2005,5.99
08,29,2005,5.44
08,30,2005,4.37
08,31,2005,4.52
09,01,2005,5.2
09,02,2005,1.53
09,03,2005,5.93
09,04,2005,3.89
09,05,2005,4.96
09,06,2005,5.32
09,07,2005,5.96
09,08,2005,8.0
09,09,2005,4.52
09,10,2005,5.67
09,11,2005,4.45
09,12,2005,6.52
09,13,2005,4.46
09,14,2005,6.02
09,15,2005,6.22
09,16,2005,6.39
09,17,2005,5.87
09,18,2005,2.93
09,19,2005,5.17
09,20,2005,4.77
09,21,2005,6.79
09,22,2005,7.6
09,23,2005,7.6
09,24,2005,5.27
09,25,2005,4.95
09,26,2005,4.99
09,27,2005,6.1
09,28,2005,6.27
09,29,2005,9.65
09,30,2005,2.57
10,01,2005,4.25
10,02,2005,4.05
10,03,2005,4.58
10,04,2005,6.23
10,05,2005,4.85
10,06,2005,6.91
10,07,2005,3.85
10,08,2005,3.18
10,09,2005,4.3
10,10,2005,3.12
10,11,2005,5.07
10,12,2005,5.33
10,13,2005,5.44
10,14,2005,5.3
10,15,2005,5.51
10,16,2005,5.6
10,17,2005,5.1
10,18,2005,5.49
10,19,2005,6.46
10,20,2005,6.33
10,21,2005,5.85
10,22,2005,4.92
10,23,2005,5.16
10,24,2005,4.77
10,25,2005,5.15
10,26,2005,3.65
10,27,2005,5.57
10,28,2005,4.16
10,29,2005,5.4
10,30,2005,5.73
10,31,2005,5.54
11,01,2005,6.77
11,02,2005,5.09
11,03,2005,5.83
11,04,2005,3.63
11,05,2005,5.03
11,06,2005,4.93
11,07,2005,4.85
11,08,2005,4.0
11,09,2005,2.82
11,10,2005,5.63
11,11,2005,2.96
11,12,2005,4.96
11,13,2005,4.48
11,14,2005,4.38
11,15,2005,4.32
11,16,2005,5.36
11,17,2005,5.5
11,18,2005,1.48
11,19,2005,3.8
11,20,2005,4.13
11,21,2005,3.85
11,22,2005,4.37
11,23,2005,3.25
11,24,2005,5.12
11,25,2005,1.79
11,26,2005,2.81
11,27,2005,4.49
11,28,2005,3.08
11,29,2005,2.25
11,30,2005,4.01
12,01,2005,3.04
12,02,2005,4.13
12,03,2005,4.27
12,04,2005,3.15
12,05,2005,1.77
12,06,2005,2.28
12,07,2005,3.21
12,08,2005,3.57
12,09,2005,2.88
12,10,2005,2.72
12,11,2005,1.94
12,12,2005,1.98
12,13,2005,4.09
12,14,2005,3.34
12,15,2005,3.36
12,16,2005,2.44
12,17,2005,2.77
12,18,2005,3.38
12,19,2005,2.85
12,20,2005,3.4
12,21,2005,3.58
12,22,2005,3.42
12,23,2005,4.4
12,24,2005,3.99
12,25,2005,2.6
12,26,2005,2.56
12,27,2005,3.05
12,28,2005,3.1
12,29,2005,3.54
12,30,2005,2.36
12,31,2005,2.75
01,01,2006,2.33
01,02,2006,4.36
01,03,2006,2.28
01,04,2006,2.97
01,05,2006,1.2
01,06,2006,4.69
01,07,2006,3.22
01,08,2006,4.05
01,09,2006,2.9
01,10,2006,2.49
01,11,2006,3.13
01,12,2006,4.15
01,13,2006,2.13
01,14,2006,2.95
01,15,2006,1.09
01,16,2006,5.23
01,17,2006,3.43
01,18,2006,4.27
01,19,2006,3.03
01,20,2006,3.31
01,21,2006,3.32
01,22,2006,2.89
01,23,2006,3.16
01,24,2006,2.53
01,25,2006,3.61
01,26,2006,4.23
01,27,2006,1.2
01,28,2006,2.66
01,29,2006,4.19
01,30,2006,3.88
01,31,2006,3.32
02,01,2006,3.92
02,02,2006,4.34
02,03,2006,4.18
02,04,2006,3.32
02,05,2006,3.4
02,06,2006,4.69
02,07,2006,3.03
02,08,2006,2.71
02,09,2006,2.86
02,10,2006,3.96
02,11,2006,4.78
02,12,2006,5.02
02,13,2006,3.9
02,14,2006,5.07
02,15,2006,5.51
02,16,2006,5.4
02,17,2006,4.7
02,18,2006,4.13
02,19,2006,4.73
02,20,2006,5.66
02,21,2006,4.13
02,22,2006,5.55
02,23,2006,5.02
02,24,2006,5.02
02,25,2006,6.5
02,26,2006,6.02
02,27,2006,6.1
02,28,2006,5.71
03,01,2006,4.88
03,02,2006,4.98
03,03,2006,4.89
03,04,2006,5.26
03,05,2006,6.84
03,06,2006,6.47
03,07,2006,5.79
03,08,2006,4.69
03,09,2006,6.9
03,10,2006,3.7
03,11,2006,5.09
03,12,2006,6.1
03,13,2006,5.51
03,14,2006,5.3
03,15,2006,5.05
03,16,2006,5.99
03,17,2006,6.49
03,18,2006,6.33
03,19,2006,2.42
03,20,2006,5.79
03,21,2006,7.13
03,22,2006,6.12
03,23,2006,4.53
03,24,2006,3.28
03,25,2006,7.08
03,26,2006,7.19
03,27,2006,6.08
03,28,2006,5.6
03,29,2006,7.45
03,30,2006,5.69
03,31,2006,5.97
04,01,2006,6.4
04,02,2006,6.03
04,03,2006,6.46
04,04,2006,6.63
04,05,2006,5.87
04,06,2006,5.78
04,07,2006,6.12
04,08,2006,6.07
04,09,2006,6.74
04,10,2006,6.7
04,11,2006,7.69
04,12,2006,7.31
04,13,2006,7.47
04,14,2006,7.26
04,15,2006,7.37
04,16,2006,7.46
04,17,2006,8.54
04,18,2006,7.9
04,19,2006,8.72
04,20,2006,9.37
04,21,2006,8.11
04,22,2006,7.48
04,23,2006,8.62
04,24,2006,8.67
04,25,2006,9.58
04,26,2006,8.64
04,27,2006,6.72
04,28,2006,9.45
04,29,2006,8.63
04,30,2006,8.34
05,01,2006,9.03
05,02,2006,8.29
05,03,2006,7.47
05,04,2006,8.68
05,05,2006,9.24
05,06,2006,9.73
05,07,2006,8.94
05,08,2006,9.43
05,09,2006,3.8
05,10,2006,10.04
05,11,2006,9.54
05,12,2006,8.74
05,13,2006,8.52
05,14,2006,8.13
05,15,2006,7.55
05,16,2006,7.62
05,17,2006,8.32
05,18,2006,8.93
05,19,2006,8.25
05,20,2006,9.63
05,21,2006,10.31
05,22,2006,8.61
05,23,2006,10.34
05,24,2006,8.45
05,25,2006,8.73
05,26,2006,8.21
05,27,2006,8.24
05,28,2006,8.4
05,29,2006,8.34
05,30,2006,10.43
05,31,2006,9.17
06,01,2006,9.5
06,02,2006,6.85
06,03,2006,9.26
06,04,2006,9.42
06,05,2006,9.6
06,06,2006,10.04
06,07,2006,8.91
06,08,2006,8.04
06,09,2006,7.43
06,10,2006,7.93
06,11,2006,6.94
06,12,2006,8.33
06,13,2006,9.02
06,14,2006,8.73
06,15,2006,8.47
06,16,2006,9.81
06,17,2006,9.34
06,18,2006,8.46
06,19,2006,10.12
06,20,2006,10.12
06,21,2006,8.96
06,22,2006,7.52
06,23,2006,8.34
06,24,2006,8.55
06,25,2006,8.93
06,26,2006,8.25
06,27,2006,10.79
06,28,2006,9.63
06,29,2006,9.12
06,30,2006,9.2
07,01,2006,5.26
07,02,2006,5.62
07,03,2006,8.56
07,04,2006,10.11
07,05,2006,10.07
07,06,2006,9.66
07,07,2006,10.05
07,08,2006,6.8
07,09,2006,7.28
07,10,2006,3.54
07,11,2006,8.48
07,12,2006,7.61
07,13,2006,4.63
07,14,2006,4.99
07,15,2006,6.39
07,16,2006,8.56
07,17,2006,9.04
07,18,2006,12.52
07,19,2006,4.31
07,20,2006,7.05
07,21,2006,6.62
07,22,2006,5.98
07,23,2006,9.91
07,24,2006,8.39
07,25,2006,2.99
07,26,2006,3.3
07,27,2006,4.37
07,28,2006,3.63
07,29,2006,5.57
07,30,2006,null
07,31,2006,11.95
08,01,2006,5.69
08,02,2006,6.58
08,03,2006,7.33
08,04,2006,5.66
08,05,2006,6.79
08,06,2006,4.16
08,07,2006,7.09
08,08,2006,5.67
08,09,2006,6.29
08,10,2006,6.86
08,11,2006,5.7
08,12,2006,6.78
08,13,2006,4.24
08,14,2006,6.25
08,15,2006,3.9
08,16,2006,5.62
08,17,2006,4.49
08,18,2006,9.73
08,19,2006,4.97
08,20,2006,5.5
08,21,2006,5.51
08,22,2006,6.58
08,23,2006,5.35
08,24,2006,4.66
08,25,2006,4.37
08,26,2006,6.95
08,27,2006,3.62
08,28,2006,4.53
08,29,2006,6.61
08,30,2006,6.58
08,31,2006,5.96
09,01,2006,1.67
09,02,2006,5.59
09,03,2006,5.31
09,04,2006,6.21
09,05,2006,11.34
09,06,2006,2.0
09,07,2006,2.5
09,08,2006,5.08
09,09,2006,5.64
09,10,2006,5.1
09,11,2006,5.69
09,12,2006,6.77
09,13,2006,6.11
09,14,2006,6.49
09,15,2006,3.42
09,16,2006,4.13
09,17,2006,4.52
09,18,2006,4.94
09,19,2006,5.63
09,20,2006,5.86
09,21,2006,2.31
09,22,2006,7.14
09,23,2006,3.7
09,24,2006,5.29
09,25,2006,5.58
09,26,2006,3.27
09,27,2006,3.76
09,28,2006,8.83
09,29,2006,9.55
09,30,2006,9.62
10,01,2006,2.62
10,02,2006,5.07
10,03,2006,6.49
10,04,2006,7.55
10,05,2006,2.67
10,06,2006,8.23
10,07,2006,4.95
10,08,2006,5.09
10,09,2006,2.58
10,10,2006,5.83
10,11,2006,7.69
10,12,2006,4.54
10,13,2006,5.59
10,14,2006,5.19
10,15,2006,6.62
10,16,2006,5.31
10,17,2006,4.51
10,18,2006,5.05
10,19,2006,5.55
10,20,2006,6.27
10,21,2006,4.56
10,22,2006,7.65
10,23,2006,5.0
10,24,2006,4.37
10,25,2006,2.0
10,26,2006,4.9
10,27,2006,3.07
10,28,2006,4.85
10,29,2006,4.2
10,30,2006,4.43
10,31,2006,4.2
11,01,2006,4.35
11,02,2006,3.8
11,03,2006,3.5
11,04,2006,3.97
11,05,2006,4.59
11,06,2006,3.94
11,07,2006,4.64
11,08,2006,2.65
11,09,2006,4.28
11,10,2006,4.2
11,11,2006,3.78
11,12,2006,5.13
11,13,2006,3.37
11,14,2006,4.1
11,15,2006,4.45
11,16,2006,3.69
11,17,2006,3.66
11,18,2006,4.58
11,19,2006,3.32
11,20,2006,4.58
11,21,2006,5.6
11,22,2006,3.07
11,23,2006,3.35
11,24,2006,3.91
11,25,2006,3.79
11,26,2006,2.69
11,27,2006,3.39
11,28,2006,3.09
11,29,2006,2.52
11,30,2006,3.2
12,01,2006,2.16
12,02,2006,3.15
12,03,2006,3.94
12,04,2006,2.95
12,05,2006,3.34
12,06,2006,5.72
12,07,2006,2.83
12,08,2006,2.66
12,09,2006,3.43
12,10,2006,2.64
12,11,2006,6.68
12,12,2006,3.67
12,13,2006,3.08
12,14,2006,1.3
12,15,2006,3.06
12,16,2006,4.16
12,17,2006,2.41
12,18,2006,1.83
12,19,2006,2.07
12,20,2006,2.88
12,21,2006,2.85
12,22,2006,2.26
12,23,2006,2.8
12,24,2006,3.81
12,25,2006,1.78
12,26,2006,2.91
12,27,2006,3.37
12,28,2006,0.7
12,29,2006,1.35
12,30,2006,2.45
12,31,2006,2.87
01,01,2007,2.71
01,02,2007,1.77
01,03,2007,3.02
01,04,2007,3.17
01,05,2007,3.02
01,06,2007,3.69
01,07,2007,1.65
01,08,2007,3.13
01,09,2007,3.16
01,10,2007,3.35
01,11,2007,1.13
01,12,2007,4.88
01,13,2007,0.49
01,14,2007,0.29
01,15,2007,0.78
01,16,2007,0.69
01,17,2007,1.2
01,18,2007,3.15
01,19,2007,0.7
01,20,2007,1.02
01,21,2007,2.51
01,22,2007,2.05
01,23,2007,1.65
01,24,2007,3.63
01,25,2007,2.3
01,26,2007,3.29
01,27,2007,3.28
01,28,2007,2.47
01,29,2007,0.89
01,30,2007,3.57
01,31,2007,3.19
02,01,2007,3.41
02,02,2007,2.48
02,03,2007,3.11
02,04,2007,3.65
02,05,2007,5.29
02,06,2007,3.11
02,07,2007,4.22
02,08,2007,4.59
02,09,2007,4.79
02,10,2007,4.1
02,11,2007,3.95
02,12,2007,3.17
02,13,2007,3.58
02,14,2007,4.45
02,15,2007,4.43
02,16,2007,4.4
02,17,2007,3.45
02,18,2007,3.32
02,19,2007,2.37
02,20,2007,3.8
02,21,2007,3.78
02,22,2007,4.96
02,23,2007,3.7
02,24,2007,5.18
02,25,2007,5.02
02,26,2007,4.1
02,27,2007,6.96
02,28,2007,4.09
03,01,2007,6.42
03,02,2007,3.87
03,03,2007,5.22
03,04,2007,5.01
03,05,2007,4.91
03,06,2007,5.57
03,07,2007,7.12
03,08,2007,6.7
03,09,2007,5.13
03,10,2007,3.98
03,11,2007,4.72
03,12,2007,5.98
03,13,2007,8.02
03,14,2007,7.29
03,15,2007,7.16
03,16,2007,6.52
03,17,2007,5.16
03,18,2007,7.2
03,19,2007,6.8
03,20,2007,7.12
03,21,2007,6.51
03,22,2007,1.79
03,23,2007,6.88
03,24,2007,5.29
03,25,2007,6.7
03,26,2007,6.44
03,27,2007,6.58
03,28,2007,5.21
03,29,2007,6.91
03,30,2007,6.86
03,31,2007,4.38
04,01,2007,6.98
04,02,2007,8.45
04,03,2007,7.71
04,04,2007,8.66
04,05,2007,7.94
04,06,2007,7.47
04,07,2007,6.65
04,08,2007,4.78
04,09,2007,6.91
04,10,2007,5.71
04,11,2007,6.45
04,12,2007,6.93
04,13,2007,6.15
04,14,2007,6.6
04,15,2007,7.1
04,16,2007,6.78
04,17,2007,7.65
04,18,2007,5.02
04,19,2007,4.19
04,20,2007,7.45
04,21,2007,8.34
04,22,2007,9.3
04,23,2007,5.78
04,24,2007,10.65
04,25,2007,8.15
04,26,2007,7.02
04,27,2007,7.63
04,28,2007,7.86
04,29,2007,8.15
04,30,2007,8.84
05,01,2007,7.8
05,02,2007,9.22
05,03,2007,9.35
05,04,2007,5.64
05,05,2007,7.79
05,06,2007,7.66
05,07,2007,7.94
05,08,2007,8.54
05,09,2007,7.07
05,10,2007,8.64
05,11,2007,12.45
05,12,2007,9.3
05,13,2007,6.59
05,14,2007,8.04
05,15,2007,8.59
05,16,2007,9.4
05,17,2007,8.78
05,18,2007,8.4
05,19,2007,7.28
05,20,2007,9.27
05,21,2007,6.49
05,22,2007,7.66
05,23,2007,8.9
05,24,2007,9.2
05,25,2007,9.65
05,26,2007,10.55
05,27,2007,8.82
05,28,2007,9.25
05,29,2007,8.57
05,30,2007,10.76
05,31,2007,10.77
06,01,2007,9.23
06,02,2007,7.92
06,03,2007,7.91
06,04,2007,7.93
06,05,2007,8.05
06,06,2007,8.89
06,07,2007,8.14
06,08,2007,7.42
06,09,2007,6.35
06,10,2007,9.48
06,11,2007,7.97
06,12,2007,9.13
06,13,2007,8.5
06,14,2007,7.42
06,15,2007,7.69
06,16,2007,6.69
06,17,2007,5.5
06,18,2007,6.84
06,19,2007,7.42
06,20,2007,9.99
06,21,2007,9.37
06,22,2007,7.52
06,23,2007,9.64
06,24,2007,8.63
06,25,2007,8.18
06,26,2007,8.22
06,27,2007,9.31
06,28,2007,10.8
06,29,2007,9.29
06,30,2007,9.3
07,01,2007,8.18
07,02,2007,8.3
07,03,2007,8.2
07,04,2007,9.5
07,05,2007,9.08
07,06,2007,6.23
07,07,2007,3.95
07,08,2007,10.39
07,09,2007,8.41
07,10,2007,9.77
07,11,2007,7.62
07,12,2007,8.35
07,13,2007,10.48
07,14,2007,7.65
07,15,2007,6.97
07,16,2007,7.91
07,17,2007,7.97
07,18,2007,7.05
07,19,2007,6.6
07,20,2007,5.51
07,21,2007,6.69
07,22,2007,5.55
07,23,2007,6.09
07,24,2007,6.36
07,25,2007,4.11
07,26,2007,7.01
07,27,2007,5.73
07,28,2007,6.76
07,29,2007,4.29
07,30,2007,3.6
07,31,2007,6.29
08,01,2007,3.7
08,02,2007,7.14
08,03,2007,1.97
08,04,2007,5.05
08,05,2007,7.45
08,06,2007,8.53
08,07,2007,9.95
08,08,2007,4.79
08,09,2007,5.36
08,10,2007,6.67
08,11,2007,6.63
08,12,2007,12.05
08,13,2007,5.8
08,14,2007,6.18
08,15,2007,6.34
08,16,2007,6.01
08,17,2007,6.17
08,18,2007,7.67
08,19,2007,3.83
08,20,2007,4.44
08,21,2007,6.14
08,22,2007,5.81
08,23,2007,2.31
08,24,2007,3.81
08,25,2007,3.72
08,26,2007,5.66
08,27,2007,4.42
08,28,2007,5.58
08,29,2007,7.02
08,30,2007,6.03
08,31,2007,6.92
09,01,2007,5.11
09,02,2007,8.16
09,03,2007,2.31
09,04,2007,6.28
09,05,2007,2.78
09,06,2007,4.4
09,07,2007,4.72
09,08,2007,8.28
09,09,2007,2.83
09,10,2007,6.35
09,11,2007,4.67
09,12,2007,5.28
09,13,2007,4.6
09,14,2007,4.53
09,15,2007,4.65
09,16,2007,1.87
09,17,2007,5.15
09,18,2007,9.26
09,19,2007,4.17
09,20,2007,4.96
09,21,2007,4.86
09,22,2007,3.82
09,23,2007,5.63
09,24,2007,5.6
09,25,2007,5.75
09,26,2007,4.75
09,27,2007,5.73
09,28,2007,6.27
09,29,2007,0.85
09,30,2007,5.02
10,01,2007,6.47
10,02,2007,8.19
10,03,2007,5.22
10,04,2007,2.2
10,05,2007,4.56
10,06,2007,2.04
10,07,2007,2.93
10,08,2007,7.47
10,09,2007,6.14
10,10,2007,6.01
10,11,2007,6.26
10,12,2007,5.34
10,13,2007,5.8
10,14,2007,4.6
10,15,2007,5.87
10,16,2007,5.05
10,17,2007,4.72
10,18,2007,6.03
10,19,2007,4.21
10,20,2007,6.14
10,21,2007,4.28
10,22,2007,3.87
10,23,2007,5.92
10,24,2007,6.62
10,25,2007,6.62
10,26,2007,6.48
10,27,2007,7.01
10,28,2007,6.39
10,29,2007,7.95
10,30,2007,8.93
10,31,2007,2.67
11,01,2007,6.4
11,02,2007,4.6
11,03,2007,6.25
11,04,2007,5.4
11,05,2007,5.52
11,06,2007,4.35
11,07,2007,4.03
11,08,2007,3.64
11,09,2007,5.18
11,10,2007,3.1
11,11,2007,4.48
11,12,2007,4.28
11,13,2007,3.82
11,14,2007,3.34
11,15,2007,4.29
11,16,2007,2.77
11,17,2007,3.7
11,18,2007,5.13
11,19,2007,2.06
11,20,2007,2.8
11,21,2007,3.68
11,22,2007,3.04
11,23,2007,2.92
11,24,2007,0.89
11,25,2007,2.7
11,26,2007,2.68
11,27,2007,3.1
11,28,2007,2.14
11,29,2007,1.42
11,30,2007,3.11
12,01,2007,1.38
12,02,2007,2.68
12,03,2007,2.35
12,04,2007,2.14
12,05,2007,2.22
12,06,2007,2.06
12,07,2007,2.8
12,08,2007,3.06
12,09,2007,2.81
12,10,2007,1.83
12,11,2007,2.4
12,12,2007,2.5
12,13,2007,2.02
12,14,2007,1.05
12,15,2007,1.93
12,16,2007,2.7
12,17,2007,1.47
12,18,2007,1.7
12,19,2007,2.48
12,20,2007,1.32
12,21,2007,2.3
12,22,2007,1.71
12,23,2007,2.02
12,24,2007,1.72
12,25,2007,3.77
12,26,2007,2.78
12,27,2007,1.88
12,28,2007,2.95
12,29,2007,1.51
12,30,2007,3.38
12,31,2007,1.86
01,01,2008,2.94
01,02,2008,3.28
01,03,2008,2.94
01,04,2008,1.86
01,05,2008,3.93
01,06,2008,2.6
01,07,2008,3.22
01,08,2008,2.39
01,09,2008,3.38
01,10,2008,3.67
01,11,2008,2.41
01,12,2008,3.16
01,13,2008,3.28
01,14,2008,1.8
01,15,2008,2.9
01,16,2008,3.57
01,17,2008,3.76
01,18,2008,3.28
01,19,2008,3.69
01,20,2008,3.24
01,21,2008,3.1
01,22,2008,2.66
01,23,2008,3.45
01,24,2008,3.25
01,25,2008,2.5
01,26,2008,2.58
01,27,2008,3.01
01,28,2008,3.92
01,29,2008,4.59
01,30,2008,3.52
01,31,2008,3.74
02,01,2008,3.73
02,02,2008,3.33
02,03,2008,3.02
02,04,2008,2.46
02,05,2008,3.84
02,06,2008,3.88
02,07,2008,3.22
02,08,2008,4.26
02,09,2008,4.0
02,10,2008,4.04
02,11,2008,3.62
02,12,2008,5.36
02,13,2008,4.36
02,14,2008,3.35
02,15,2008,6.07
02,16,2008,2.27
02,17,2008,5.69
02,18,2008,4.24
02,19,2008,3.48
02,20,2008,4.36
02,21,2008,5.64
02,22,2008,5.7
02,23,2008,6.6
02,24,2008,5.13
02,25,2008,4.89
02,26,2008,4.49
02,27,2008,5.12
02,28,2008,4.95
02,29,2008,4.96
03,01,2008,6.16
03,02,2008,5.77
03,03,2008,5.14
03,04,2008,4.35
03,05,2008,8.01
03,06,2008,5.73
03,07,2008,6.1
03,08,2008,5.1
03,09,2008,5.99
03,10,2008,5.51
03,11,2008,5.87
03,12,2008,5.94
03,13,2008,6.35
03,14,2008,6.53
03,15,2008,7.9
03,16,2008,5.06
03,17,2008,6.36
03,18,2008,5.63
03,19,2008,8.31
03,20,2008,6.94
03,21,2008,8.87
03,22,2008,7.98
03,23,2008,6.24
03,24,2008,4.07
03,25,2008,7.46
03,26,2008,8.21
03,27,2008,7.64
03,28,2008,5.38
03,29,2008,5.62
03,30,2008,7.32
03,31,2008,6.61
04,01,2008,6.97
04,02,2008,7.6
04,03,2008,8.18
04,04,2008,8.18
04,05,2008,6.27
04,06,2008,6.9
04,07,2008,9.1
04,08,2008,7.86
04,09,2008,6.99
04,10,2008,7.3
04,11,2008,7.5
04,12,2008,7.4
04,13,2008,5.98
04,14,2008,7.8
04,15,2008,6.56
04,16,2008,8.52
04,17,2008,8.58
04,18,2008,7.72
04,19,2008,6.98
04,20,2008,9.68
04,21,2008,9.0
04,22,2008,6.55
04,23,2008,7.32
04,24,2008,8.52
04,25,2008,8.88
04,26,2008,8.2
04,27,2008,7.7
04,28,2008,8.55
04,29,2008,7.64
04,30,2008,8.78
05,01,2008,7.25
05,02,2008,9.3
05,03,2008,7.95
05,04,2008,7.08
05,05,2008,8.28
05,06,2008,8.56
05,07,2008,8.45
05,08,2008,9.6
05,09,2008,8.17
05,10,2008,7.7
05,11,2008,10.22
05,12,2008,8.09
05,13,2008,6.9
05,14,2008,6.76
05,15,2008,7.13
05,16,2008,8.87
05,17,2008,7.68
05,18,2008,7.35
05,19,2008,9.15
05,20,2008,9.04
05,21,2008,7.97
05,22,2008,6.84
05,23,2008,6.15
05,24,2008,6.66
05,25,2008,6.74
05,26,2008,8.11
05,27,2008,10.56
05,28,2008,8.01
05,29,2008,7.88
05,30,2008,8.22
05,31,2008,6.52
06,01,2008,5.96
06,02,2008,8.38
06,03,2008,9.51
06,04,2008,6.88
06,05,2008,8.58
06,06,2008,5.0
06,07,2008,7.88
06,08,2008,8.08
06,09,2008,5.14
06,10,2008,6.13
06,11,2008,5.6
06,12,2008,2.88
06,13,2008,4.98
06,14,2008,3.57
06,15,2008,8.69
06,16,2008,7.23
06,17,2008,8.17
06,18,2008,8.14
06,19,2008,8.76
06,20,2008,10.43
06,21,2008,5.82
06,22,2008,8.3
06,23,2008,10.15
06,24,2008,10.4
06,25,2008,9.78
06,26,2008,9.72
06,27,2008,7.49
06,28,2008,10.76
06,29,2008,8.73
06,30,2008,8.92
07,01,2008,7.68
07,02,2008,8.14
07,03,2008,3.73
07,04,2008,5.57
07,05,2008,8.37
07,06,2008,6.94
07,07,2008,6.8
07,08,2008,3.29
07,09,2008,3.78
07,10,2008,6.08
07,11,2008,4.68
07,12,2008,6.85
07,13,2008,7.62
07,14,2008,6.31
07,15,2008,7.85
07,16,2008,5.82
07,17,2008,10.96
07,18,2008,4.87
07,19,2008,7.65
07,20,2008,10.22
07,21,2008,8.53
07,22,2008,6.88
07,23,2008,3.78
07,24,2008,6.34
07,25,2008,14.24
07,26,2008,10.71
07,27,2008,9.18
07,28,2008,4.58
07,29,2008,6.42
07,30,2008,2.69
07,31,2008,9.06
08,01,2008,6.3
08,02,2008,5.97
08,03,2008,6.15
08,04,2008,5.9
08,05,2008,3.5
08,06,2008,1.4
08,07,2008,2.35
08,08,2008,4.9
08,09,2008,6.43
08,10,2008,8.31
08,11,2008,6.28
08,12,2008,5.93
08,13,2008,4.75
08,14,2008,4.67
08,15,2008,4.38
08,16,2008,4.32
08,17,2008,3.12
08,18,2008,6.55
08,19,2008,5.52
08,20,2008,10.68
08,21,2008,2.62
08,22,2008,3.13
08,23,2008,7.78
08,24,2008,2.27
08,25,2008,14.53
08,26,2008,4.67
08,27,2008,4.73
08,28,2008,3.25
08,29,2008,5.53
08,30,2008,5.75
08,31,2008,2.7
09,01,2008,7.7
09,02,2008,6.65
09,03,2008,6.22
09,04,2008,4.71
09,05,2008,3.92
09,06,2008,6.1
09,07,2008,4.58
09,08,2008,3.69
09,09,2008,2.53
09,10,2008,5.26
09,11,2008,2.76
09,12,2008,5.92
09,13,2008,6.3
09,14,2008,5.33
09,15,2008,6.33
09,16,2008,1.14
09,17,2008,4.72
09,18,2008,6.01
09,19,2008,5.04
09,20,2008,6.29
09,21,2008,6.5
09,22,2008,6.03
09,23,2008,7.23
09,24,2008,4.61
09,25,2008,6.56
09,26,2008,9.01
09,27,2008,5.06
09,28,2008,5.48
09,29,2008,6.27
09,30,2008,6.58
10,01,2008,5.82
10,02,2008,6.1
10,03,2008,4.6
10,04,2008,4.7
10,05,2008,4.4
10,06,2008,6.27
10,07,2008,8.02
10,08,2008,7.73
10,09,2008,5.72
10,10,2008,2.26
10,11,2008,3.63
10,12,2008,3.63
10,13,2008,5.69
10,14,2008,4.9
10,15,2008,5.63
10,16,2008,4.99
10,17,2008,5.93
10,18,2008,6.55
10,19,2008,5.55
10,20,2008,5.22
10,21,2008,5.26
10,22,2008,5.97
10,23,2008,5.18
10,24,2008,5.2
10,25,2008,4.37
10,26,2008,5.45
10,27,2008,5.77
10,28,2008,4.96
10,29,2008,6.78
10,30,2008,3.54
10,31,2008,5.05
11,01,2008,5.97
11,02,2008,4.22
11,03,2008,4.71
11,04,2008,3.83
11,05,2008,4.68
11,06,2008,3.32
11,07,2008,5.84
11,08,2008,2.16
11,09,2008,5.3
11,10,2008,4.32
11,11,2008,4.56
11,12,2008,4.05
11,13,2008,3.96
11,14,2008,2.76
11,15,2008,5.51
11,16,2008,2.52
11,17,2008,5.02
11,18,2008,4.48
11,19,2008,4.92
11,20,2008,4.17
11,21,2008,3.16
11,22,2008,3.41
11,23,2008,1.78
11,24,2008,4.73
11,25,2008,1.54
11,26,2008,5.29
11,27,2008,2.8
11,28,2008,3.36
11,29,2008,2.38
11,30,2008,3.2
12,01,2008,2.08
12,02,2008,2.95
12,03,2008,2.95
12,04,2008,5.06
12,05,2008,3.41
12,06,2008,2.87
12,07,2008,3.34
12,08,2008,1.98
12,09,2008,3.54
12,10,2008,3.44
12,11,2008,2.88
12,12,2008,4.39
12,13,2008,2.93
12,14,2008,2.4
12,15,2008,2.43
12,16,2008,2.91
12,17,2008,2.46
12,18,2008,1.76
12,19,2008,3.22
12,20,2008,2.14
12,21,2008,3.42
12,22,2008,2.43
12,23,2008,3.32
12,24,2008,3.22
12,25,2008,3.37
12,26,2008,2.42
12,27,2008,2.08
12,28,2008,2.3
12,29,2008,3.15
12,30,2008,2.34
12,31,2008,3.91
01,01,2009,2.02
01,02,2009,3.4
01,03,2009,2.5
01,04,2009,6.0
01,05,2009,8.2
01,06,2009,2.15
01,07,2009,2.68
01,08,2009,2.92
01,09,2009,3.34
01,10,2009,2.79
01,11,2009,4.06
01,12,2009,1.89
01,13,2009,3.81
01,14,2009,3.79
01,15,2009,3.08
01,16,2009,2.97
01,17,2009,3.65
01,18,2009,3.31
01,19,2009,3.15
01,20,2009,4.67
01,21,2009,3.17
01,22,2009,2.51
01,23,2009,3.15
01,24,2009,3.6
01,25,2009,3.91
01,26,2009,2.89
01,27,2009,2.66
01,28,2009,3.15
01,29,2009,2.18
01,30,2009,2.66
01,31,2009,4.3
02,01,2009,5.8
02,02,2009,4.97
02,03,2009,7.47
02,04,2009,4.87
02,05,2009,5.43
02,06,2009,6.67
02,07,2009,4.64
02,08,2009,3.4
02,09,2009,5.19
02,10,2009,4.55
02,11,2009,3.89
02,12,2009,6.19
02,13,2009,3.95
02,14,2009,5.0
02,15,2009,5.34
02,16,2009,5.53
02,17,2009,4.45
02,18,2009,5.8
02,19,2009,5.04
02,20,2009,3.31
02,21,2009,5.85
02,22,2009,5.92
02,23,2009,6.04
02,24,2009,5.65
02,25,2009,4.75
02,26,2009,4.52
02,27,2009,6.52
02,28,2009,4.98
03,01,2009,5.08
03,02,2009,6.32
03,03,2009,4.97
03,04,2009,6.33
03,05,2009,5.67
03,06,2009,4.43
03,07,2009,3.84
03,08,2009,4.37
03,09,2009,5.32
03,10,2009,5.21
03,11,2009,6.03
03,12,2009,6.8
03,13,2009,6.45
03,14,2009,5.33
03,15,2009,6.45
03,16,2009,6.8
03,17,2009,8.36
03,18,2009,7.04
03,19,2009,7.6
03,20,2009,8.92
03,21,2009,6.48
03,22,2009,7.98
03,23,2009,5.37
03,24,2009,5.41
03,25,2009,8.12
03,26,2009,2.92
03,27,2009,7.86
03,28,2009,11.6
03,29,2009,8.15
03,30,2009,4.76
03,31,2009,4.61
04,01,2009,null
04,02,2009,null
04,03,2009,null
04,04,2009,null
04,05,2009,null
04,06,2009,null
04,07,2009,null
04,08,2009,null
04,09,2009,null
04,10,2009,null
04,11,2009,null
04,12,2009,null
04,13,2009,null
04,14,2009,null
04,15,2009,null
04,16,2009,null
04,17,2009,null
04,18,2009,null
04,19,2009,null
04,20,2009,null
04,21,2009,null
04,22,2009,null
04,23,2009,null
04,24,2009,null
04,25,2009,null
04,26,2009,null
04,27,2009,null
04,28,2009,null
04,29,2009,null
04,30,2009,null
05,01,2009,9.65
05,02,2009,5.93
05,03,2009,8.99
05,04,2009,8.16
05,05,2009,8.68
05,06,2009,7.45
05,07,2009,8.85
05,08,2009,8.65
05,09,2009,9.36
05,10,2009,8.18
05,11,2009,7.76
05,12,2009,8.94
05,13,2009,7.2
05,14,2009,7.41
05,15,2009,7.71
05,16,2009,8.78
05,17,2009,8.06
05,18,2009,9.14
05,19,2009,8.86
05,20,2009,9.65
05,21,2009,7.05
05,22,2009,7.52
05,23,2009,11.8
05,24,2009,9.7
05,25,2009,12.12
05,26,2009,10.42
05,27,2009,10.44
05,28,2009,8.6
05,29,2009,7.75
05,30,2009,8.32
05,31,2009,8.8
06,01,2009,9.0
06,02,2009,8.63
06,03,2009,9.16
06,04,2009,8.87
06,05,2009,11.05
06,06,2009,8.54
06,07,2009,11.69
06,08,2009,10.14
06,09,2009,8.14
06,10,2009,10.21
06,11,2009,10.51
06,12,2009,12.18
06,13,2009,12.1
06,14,2009,10.23
06,15,2009,9.84
06,16,2009,8.69
06,17,2009,9.12
06,18,2009,5.16
06,19,2009,2.19
06,20,2009,4.07
06,21,2009,10.92
06,22,2009,8.14
06,23,2009,4.66
06,24,2009,2.38
06,25,2009,2.78
06,26,2009,6.87
06,27,2009,4.05
06,28,2009,5.25
06,29,2009,6.35
06,30,2009,5.16
07,01,2009,4.84
07,02,2009,5.8
07,03,2009,4.7
07,04,2009,9.7
07,05,2009,7.2
07,06,2009,6.94
07,07,2009,6.44
07,08,2009,6.78
07,09,2009,8.64
07,10,2009,7.0
07,11,2009,12.84
07,12,2009,7.24
07,13,2009,7.62
07,14,2009,6.3
07,15,2009,3.38
07,16,2009,6.25
07,17,2009,8.05
07,18,2009,8.91
07,19,2009,7.13
07,20,2009,7.82
07,21,2009,9.53
07,22,2009,7.52
07,23,2009,6.66
07,24,2009,6.83
07,25,2009,6.01
07,26,2009,7.48
07,27,2009,9.66
07,28,2009,2.57
07,29,2009,8.97
07,30,2009,5.04
07,31,2009,6.14
08,01,2009,4.94
08,02,2009,7.85
08,03,2009,6.4
08,04,2009,7.05
08,05,2009,8.29
08,06,2009,7.09
08,07,2009,2.72
08,08,2009,8.05
08,09,2009,6.93
08,10,2009,3.86
08,11,2009,6.31
08,12,2009,7.26
08,13,2009,4.36
08,14,2009,7.57
08,15,2009,8.05
08,16,2009,8.12
08,17,2009,6.86
08,18,2009,4.6
08,19,2009,7.61
08,20,2009,6.11
08,21,2009,2.99
08,22,2009,6.01
08,23,2009,1.12
08,24,2009,6.83
08,25,2009,9.95
08,26,2009,6.86
08,27,2009,7.51
08,28,2009,14.85
08,29,2009,4.97
08,30,2009,8.88
08,31,2009,2.25
09,01,2009,1.62
09,02,2009,5.49
09,03,2009,6.49
09,04,2009,7.62
09,05,2009,6.77
09,06,2009,6.39
09,07,2009,8.97
09,08,2009,5.82
09,09,2009,6.32
09,10,2009,8.64
09,11,2009,5.66
09,12,2009,5.0
09,13,2009,6.6
09,14,2009,4.75
09,15,2009,7.27
09,16,2009,5.57
09,17,2009,6.61
09,18,2009,4.08
09,19,2009,5.55
09,20,2009,7.29
09,21,2009,6.08
09,22,2009,6.62
09,23,2009,5.34
09,24,2009,3.61
09,25,2009,5.93
09,26,2009,9.47
09,27,2009,6.19
09,28,2009,5.16
09,29,2009,4.43
09,30,2009,5.59
10,01,2009,4.86
10,02,2009,4.68
10,03,2009,4.75
10,04,2009,2.29
10,05,2009,5.06
10,06,2009,5.24
10,07,2009,4.86
10,08,2009,4.67
10,09,2009,5.47
10,10,2009,7.68
10,11,2009,3.29
10,12,2009,1.76
10,13,2009,5.28
10,14,2009,6.2
10,15,2009,6.57
10,16,2009,5.43
10,17,2009,7.2
10,18,2009,6.21
10,19,2009,null
10,20,2009,4.25
10,21,2009,3.57
10,22,2009,5.39
10,23,2009,5.35
10,24,2009,5.12
10,25,2009,5.8
10,26,2009,3.7
10,27,2009,5.39
10,28,2009,4.11
10,29,2009,4.1
10,30,2009,5.0
10,31,2009,3.8
11,01,2009,4.8
11,02,2009,6.13
11,03,2009,5.29
11,04,2009,4.36
11,05,2009,6.42
11,06,2009,4.92
11,07,2009,4.48
11,08,2009,4.75
11,09,2009,4.29
11,10,2009,5.68
11,11,2009,6.0
11,12,2009,5.15
11,13,2009,4.55
11,14,2009,3.92
11,15,2009,6.24
11,16,2009,4.0
11,17,2009,4.36
11,18,2009,4.73
11,19,2009,4.92
11,20,2009,4.06
11,21,2009,3.49
11,22,2009,5.11
11,23,2009,4.39
11,24,2009,4.23
11,25,2009,3.76
11,26,2009,3.78
11,27,2009,5.38
11,28,2009,5.25
11,29,2009,0.45
11,30,2009,4.52
12,01,2009,3.46
12,02,2009,3.46
12,03,2009,3.29
12,04,2009,3.47
12,05,2009,2.65
12,06,2009,3.64
12,07,2009,3.79
12,08,2009,3.74
12,09,2009,3.43
12,10,2009,3.92
12,11,2009,3.28
12,12,2009,2.6
12,13,2009,4.97
12,14,2009,4.82
12,15,2009,2.93
12,16,2009,4.37
12,17,2009,4.36
12,18,2009,2.98
12,19,2009,4.92
12,20,2009,3.83
12,21,2009,3.97
12,22,2009,3.29
12,23,2009,1.31
12,24,2009,4.4
12,25,2009,1.76
12,26,2009,3.04
12,27,2009,4.0
12,28,2009,4.71
12,29,2009,1.36
12,30,2009,1.6
12,31,2009,4.16
01,01,2010,3.12
01,02,2010,3.45
01,03,2010,3.51
01,04,2010,3.09
01,05,2010,3.49
01,06,2010,3.69
01,07,2010,3.42
01,08,2010,3.46
01,09,2010,4.04
01,10,2010,4.05
01,11,2010,4.05
01,12,2010,3.9
01,13,2010,3.89
01,14,2010,3.93
01,15,2010,4.17
01,16,2010,4.21
01,17,2010,3.69
01,18,2010,4.64
01,19,2010,4.05
01,20,2010,3.25
01,21,2010,3.53
01,22,2010,3.59
01,23,2010,3.35
01,24,2010,4.42
01,25,2010,3.75
01,26,2010,2.83
01,27,2010,2.43
01,28,2010,2.85
01,29,2010,3.71
01,30,2010,3.01
01,31,2010,4.82
02,01,2010,4.46
02,02,2010,4.1
02,03,2010,2.48
02,04,2010,4.74
02,05,2010,4.07
02,06,2010,3.15
02,07,2010,3.8
02,08,2010,3.51
02,09,2010,1.97
02,10,2010,1.67
02,11,2010,4.1
02,12,2010,4.15
02,13,2010,2.58
02,14,2010,4.27
02,15,2010,4.83
02,16,2010,3.67
02,17,2010,4.6
02,18,2010,3.17
02,19,2010,5.12
02,20,2010,5.41
02,21,2010,6.5
02,22,2010,4.7
02,23,2010,6.32
02,24,2010,6.33
02,25,2010,5.84
02,26,2010,5.75
02,27,2010,5.02
02,28,2010,5.55
03,01,2010,5.5
03,02,2010,5.35
03,03,2010,4.1
03,04,2010,7.22
03,05,2010,2.88
03,06,2010,3.2
03,07,2010,0.93
03,08,2010,6.46
03,09,2010,5.76
03,10,2010,4.65
03,11,2010,6.54
03,12,2010,6.41
03,13,2010,3.25
03,14,2010,6.26
03,15,2010,6.12
03,16,2010,7.56
03,17,2010,5.68
03,18,2010,7.94
03,19,2010,6.18
03,20,2010,7.22
03,21,2010,6.05
03,22,2010,6.42
03,23,2010,7.66
03,24,2010,6.95
03,25,2010,7.55
03,26,2010,7.43
03,27,2010,7.3
03,28,2010,8.25
03,29,2010,6.27
03,30,2010,6.55
03,31,2010,7.39
04,01,2010,6.68
04,02,2010,5.08
04,03,2010,7.5
04,04,2010,9.68
04,05,2010,9.0
04,06,2010,7.58
04,07,2010,4.58
04,08,2010,8.11
04,09,2010,4.88
04,10,2010,7.28
04,11,2010,8.57
04,12,2010,6.49
04,13,2010,8.0
04,14,2010,8.21
04,15,2010,8.18
04,16,2010,8.15
04,17,2010,7.0
04,18,2010,4.12
04,19,2010,8.02
04,20,2010,7.49
04,21,2010,6.54
04,22,2010,6.14
04,23,2010,6.75
04,24,2010,9.2
04,25,2010,8.98
04,26,2010,8.17
04,27,2010,7.26
04,28,2010,8.08
04,29,2010,7.03
04,30,2010,6.91
05,01,2010,4.18
05,02,2010,7.77
05,03,2010,9.88
05,04,2010,8.7
05,05,2010,9.76
05,06,2010,10.22
05,07,2010,8.7
05,08,2010,8.12
05,09,2010,10.63
05,10,2010,9.57
05,11,2010,10.11
05,12,2010,9.29
05,13,2010,10.29
05,14,2010,9.25
05,15,2010,9.47
05,16,2010,10.04
05,17,2010,7.81
05,18,2010,8.65
05,19,2010,8.49
05,20,2010,11.0
05,21,2010,10.08
05,22,2010,9.52
05,23,2010,9.39
05,24,2010,9.39
05,25,2010,10.58
05,26,2010,9.01
05,27,2010,9.44
05,28,2010,8.08
05,29,2010,8.3
05,30,2010,8.81
05,31,2010,7.41
06,01,2010,7.41
06,02,2010,5.19
06,03,2010,10.05
06,04,2010,2.96
06,05,2010,4.1
06,06,2010,4.3
06,07,2010,6.37
06,08,2010,6.4
06,09,2010,8.33
06,10,2010,6.4
06,11,2010,8.06
06,12,2010,5.93
06,13,2010,8.45
06,14,2010,9.89
06,15,2010,8.9
06,16,2010,10.42
06,17,2010,10.75
06,18,2010,9.36
06,19,2010,9.9
06,20,2010,8.69
06,21,2010,9.84
06,22,2010,8.71
06,23,2010,10.0
06,24,2010,9.42
06,25,2010,9.66
06,26,2010,11.55
06,27,2010,10.79
06,28,2010,10.58
06,29,2010,10.52
06,30,2010,11.17
07,01,2010,9.18
07,02,2010,2.6
07,03,2010,4.84
07,04,2010,5.37
07,05,2010,1.96
07,06,2010,5.7
07,07,2010,6.0
07,08,2010,3.31
07,09,2010,6.44
07,10,2010,4.01
07,11,2010,9.3
07,12,2010,8.09
07,13,2010,9.18
07,14,2010,8.07
07,15,2010,8.9
07,16,2010,5.18
07,17,2010,8.62
07,18,2010,9.75
07,19,2010,10.76
07,20,2010,9.46
07,21,2010,8.25
07,22,2010,7.41
07,23,2010,8.59
07,24,2010,7.2
07,25,2010,7.14
07,26,2010,8.29
07,27,2010,9.41
07,28,2010,6.05
07,29,2010,7.29
07,30,2010,7.83
07,31,2010,10.22
08,01,2010,7.93
08,02,2010,9.36
08,03,2010,8.45
08,04,2010,8.26
08,05,2010,6.75
08,06,2010,6.7
08,07,2010,8.53
08,08,2010,7.42
08,09,2010,8.17
08,10,2010,11.95
08,11,2010,4.59
08,12,2010,8.41
08,13,2010,6.95
08,14,2010,8.08
08,15,2010,4.38
08,16,2010,7.22
08,17,2010,4.52
08,18,2010,3.68
08,19,2010,6.07
08,20,2010,2.7
08,21,2010,6.58
08,22,2010,5.81
08,23,2010,6.4
08,24,2010,7.12
08,25,2010,8.04
08,26,2010,5.45
08,27,2010,5.43
08,28,2010,5.55
08,29,2010,7.3
08,30,2010,5.29
08,31,2010,2.63
09,01,2010,5.2
09,02,2010,6.02
09,03,2010,7.23
09,04,2010,4.9
09,05,2010,6.6
09,06,2010,7.98
09,07,2010,3.36
09,08,2010,8.48
09,09,2010,1.53
09,10,2010,3.95
09,11,2010,4.2
09,12,2010,2.99
09,13,2010,7.34
09,14,2010,6.3
09,15,2010,6.27
09,16,2010,4.12
09,17,2010,2.15
09,18,2010,5.43
09,19,2010,6.14
09,20,2010,2.84
09,21,2010,5.18
09,22,2010,4.04
09,23,2010,5.43
09,24,2010,5.17
09,25,2010,6.59
09,26,2010,1.29
09,27,2010,4.37
09,28,2010,3.39
09,29,2010,4.67
09,30,2010,5.28
10,01,2010,5.31
10,02,2010,5.8
10,03,2010,4.82
10,04,2010,2.9
10,05,2010,6.34
10,06,2010,3.94
10,07,2010,5.88
10,08,2010,5.69
10,09,2010,5.61
10,10,2010,5.92
10,11,2010,6.88
10,12,2010,5.41
10,13,2010,4.79
10,14,2010,4.64
10,15,2010,5.22
10,16,2010,4.84
10,17,2010,3.79
10,18,2010,4.34
10,19,2010,5.19
10,20,2010,5.86
10,21,2010,6.12
10,22,2010,4.74
10,23,2010,6.61
10,24,2010,4.25
10,25,2010,7.2
10,26,2010,5.34
10,27,2010,4.66
10,28,2010,3.95
10,29,2010,6.44
10,30,2010,5.39
10,31,2010,5.67
11,01,2010,4.95
11,02,2010,4.0
11,03,2010,6.8
11,04,2010,7.8
11,05,2010,6.62
11,06,2010,4.08
11,07,2010,6.4
11,08,2010,3.13
11,09,2010,5.54
11,10,2010,5.08
11,11,2010,4.65
11,12,2010,4.46
11,13,2010,5.14
11,14,2010,3.83
11,15,2010,4.22
11,16,2010,6.0
11,17,2010,5.08
11,18,2010,4.24
11,19,2010,4.55
11,20,2010,2.4
11,21,2010,6.19
11,22,2010,3.15
11,23,2010,4.58
11,24,2010,4.25
11,25,2010,3.68
11,26,2010,3.08
11,27,2010,3.84
11,28,2010,4.76
11,29,2010,2.6
11,30,2010,3.21
12,01,2010,3.04
12,02,2010,5.26
12,03,2010,3.45
12,04,2010,3.89
12,05,2010,2.74
12,06,2010,4.34
12,07,2010,3.03
12,08,2010,4.93
12,09,2010,4.55
12,10,2010,4.08
12,11,2010,2.13
12,12,2010,5.32
12,13,2010,3.1
12,14,2010,2.65
12,15,2010,2.22
12,16,2010,3.53
12,17,2010,2.64
12,18,2010,2.9
12,19,2010,3.04
12,20,2010,2.54
12,21,2010,2.33
12,22,2010,2.89
12,23,2010,2.45
12,24,2010,4.95
12,25,2010,2.62
12,26,2010,2.11
12,27,2010,2.44
12,28,2010,2.66
12,29,2010,3.08
12,30,2010,3.92
12,31,2010,1.35
01,01,2011,4.07
01,02,2011,2.65
01,03,2011,4.73
01,04,2011,3.53
01,05,2011,3.27
01,06,2011,3.38
01,07,2011,3.23
01,08,2011,3.76
01,09,2011,3.1
01,10,2011,4.04
01,11,2011,4.86
01,12,2011,2.93
01,13,2011,3.7
01,14,2011,3.38
01,15,2011,2.68
01,16,2011,3.7
01,17,2011,3.46
01,18,2011,2.39
01,19,2011,3.38
01,20,2011,3.42
01,21,2011,3.1
01,22,2011,3.26
01,23,2011,4.54
01,24,2011,3.15
01,25,2011,3.37
01,26,2011,3.01
01,27,2011,4.41
01,28,2011,1.16
01,29,2011,1.49
01,30,2011,4.43
01,31,2011,4.12
02,01,2011,4.44
02,02,2011,4.33
02,03,2011,7.21
02,04,2011,3.24
02,05,2011,5.35
02,06,2011,3.95
02,07,2011,4.85
02,08,2011,4.9
02,09,2011,3.69
02,10,2011,5.08
02,11,2011,4.78
02,12,2011,6.45
02,13,2011,3.68
02,14,2011,6.72
02,15,2011,4.26
02,16,2011,4.9
02,17,2011,6.17
02,18,2011,4.17
02,19,2011,5.2
02,20,2011,6.9
02,21,2011,4.27
02,22,2011,5.47
02,23,2011,4.56
02,24,2011,6.1
02,25,2011,6.9
02,26,2011,4.9
02,27,2011,3.46
02,28,2011,6.0
03,01,2011,6.25
03,02,2011,4.89
03,03,2011,6.13
03,04,2011,5.95
03,05,2011,5.99
03,06,2011,5.62
03,07,2011,4.04
03,08,2011,4.82
03,09,2011,4.55
03,10,2011,6.49
03,11,2011,6.64
03,12,2011,8.08
03,13,2011,8.41
03,14,2011,8.35
03,15,2011,6.37
03,16,2011,5.84
03,17,2011,7.8
03,18,2011,8.73
03,19,2011,9.63
03,20,2011,7.03
03,21,2011,7.94
03,22,2011,8.94
03,23,2011,8.32
03,24,2011,5.93
03,25,2011,7.31
03,26,2011,5.85
03,27,2011,9.37
03,28,2011,4.62
03,29,2011,9.17
03,30,2011,8.64
03,31,2011,8.45
04,01,2011,7.93
04,02,2011,8.21
04,03,2011,7.23
04,04,2011,6.6
04,05,2011,6.32
04,06,2011,7.2
04,07,2011,6.31
04,08,2011,9.18
04,09,2011,6.97
04,10,2011,5.97
04,11,2011,7.24
04,12,2011,7.87
04,13,2011,7.89
04,14,2011,6.11
04,15,2011,6.61
04,16,2011,7.39
04,17,2011,7.54
04,18,2011,5.46
04,19,2011,7.3
04,20,2011,8.98
04,21,2011,9.01
04,22,2011,8.43
04,23,2011,7.08
04,24,2011,6.89
04,25,2011,8.11
04,26,2011,8.2
04,27,2011,6.47
04,28,2011,9.39
04,29,2011,8.39
04,30,2011,7.47
05,01,2011,10.38
05,02,2011,9.75
05,03,2011,6.25
05,04,2011,8.79
05,05,2011,9.5
05,06,2011,9.22
05,07,2011,9.61
05,08,2011,8.96
05,09,2011,11.31
05,10,2011,9.62
05,11,2011,9.83
05,12,2011,10.6
05,13,2011,7.56
05,14,2011,9.21
05,15,2011,8.88
05,16,2011,12.3
05,17,2011,7.76
05,18,2011,10.08
05,19,2011,9.02
05,20,2011,10.03
05,21,2011,9.21
05,22,2011,9.79
05,23,2011,9.39
05,24,2011,9.81
05,25,2011,10.18
05,26,2011,8.97
05,27,2011,9.95
05,28,2011,9.08
05,29,2011,8.94
05,30,2011,9.35
05,31,2011,9.48
06,01,2011,9.12
06,02,2011,9.71
06,03,2011,9.97
06,04,2011,11.04
06,05,2011,9.89
06,06,2011,8.27
06,07,2011,9.08
06,08,2011,8.92
06,09,2011,8.87
06,10,2011,11.08
06,11,2011,9.08
06,12,2011,6.38
06,13,2011,8.6
06,14,2011,9.35
06,15,2011,9.7
06,16,2011,9.68
06,17,2011,10.49
06,18,2011,8.82
06,19,2011,8.45
06,20,2011,6.96
06,21,2011,8.22
06,22,2011,9.63
06,23,2011,7.22
06,24,2011,8.75
06,25,2011,9.47
06,26,2011,10.15
06,27,2011,6.86
06,28,2011,9.69
06,29,2011,9.8
06,30,2011,9.59
07,01,2011,10.03
07,02,2011,null
07,03,2011,6.38
07,04,2011,5.38
07,05,2011,9.13
07,06,2011,6.68
07,07,2011,9.17
07,08,2011,8.2
07,09,2011,6.09
07,10,2011,7.18
07,11,2011,6.98
07,12,2011,7.86
07,13,2011,5.43
07,14,2011,6.61
07,15,2011,7.75
07,16,2011,7.31
07,17,2011,8.89
07,18,2011,7.05
07,19,2011,4.94
07,20,2011,6.04
07,21,2011,7.16
07,22,2011,5.16
07,23,2011,6.36
07,24,2011,8.0
07,25,2011,9.19
07,26,2011,8.12
07,27,2011,10.27
07,28,2011,7.08
07,29,2011,7.36
07,30,2011,5.98
07,31,2011,8.75
08,01,2011,8.75
08,02,2011,6.98
08,03,2011,4.49
08,04,2011,4.22
08,05,2011,5.84
08,06,2011,2.18
08,07,2011,4.22
08,08,2011,7.95
08,09,2011,3.48
08,10,2011,8.06
08,11,2011,5.76
08,12,2011,7.32
08,13,2011,4.86
08,14,2011,14.82
08,15,2011,9.0
08,16,2011,5.7
08,17,2011,8.8
08,18,2011,14.65
08,19,2011,5.69
08,20,2011,3.78
08,21,2011,3.98
08,22,2011,3.53
08,23,2011,7.25
08,24,2011,4.29
08,25,2011,5.83
08,26,2011,6.05
08,27,2011,6.02
08,28,2011,4.85
08,29,2011,4.36
08,30,2011,7.01
08,31,2011,5.02
09,01,2011,3.25
09,02,2011,4.03
09,03,2011,2.53
09,04,2011,5.82
09,05,2011,6.99
09,06,2011,6.8
09,07,2011,5.3
09,08,2011,5.65
09,09,2011,7.03
09,10,2011,5.12
09,11,2011,6.06
09,12,2011,7.67
09,13,2011,2.24
09,14,2011,6.46
09,15,2011,7.21
09,16,2011,9.65
09,17,2011,7.27
09,18,2011,7.57
09,19,2011,7.63
09,20,2011,5.63
09,21,2011,6.77
09,22,2011,6.36
09,23,2011,7.36
09,24,2011,6.69
09,25,2011,6.86
09,26,2011,6.11
09,27,2011,6.21
09,28,2011,6.51
09,29,2011,7.95
09,30,2011,7.07
10,01,2011,6.88
10,02,2011,8.5
10,03,2011,6.69
10,04,2011,6.8
10,05,2011,7.56
10,06,2011,7.96
10,07,2011,7.17
10,08,2011,7.5
10,09,2011,8.29
10,10,2011,4.84
10,11,2011,8.12
10,12,2011,5.54
10,13,2011,5.98
10,14,2011,7.19
10,15,2011,7.63
10,16,2011,5.87
10,17,2011,7.05
10,18,2011,6.76
10,19,2011,6.01
10,20,2011,5.79
10,21,2011,5.03
10,22,2011,5.57
10,23,2011,4.42
10,24,2011,5.83
10,25,2011,5.43
10,26,2011,6.99
10,27,2011,7.23
10,28,2011,6.18
10,29,2011,5.66
10,30,2011,6.22
10,31,2011,4.78
11,01,2011,5.94
11,02,2011,4.46
11,03,2011,6.69
11,04,2011,5.62
11,05,2011,4.22
11,06,2011,4.08
11,07,2011,4.25
11,08,2011,7.1
11,09,2011,4.25
11,10,2011,7.05
11,11,2011,3.8
11,12,2011,5.57
11,13,2011,4.95
11,14,2011,3.36
11,15,2011,3.66
11,16,2011,4.26
11,17,2011,4.65
11,18,2011,3.82
11,19,2011,3.87
11,20,2011,3.76
11,21,2011,2.61
11,22,2011,4.63
11,23,2011,4.17
11,24,2011,3.75
11,25,2011,1.14
11,26,2011,4.9
11,27,2011,6.01
11,28,2011,4.88
11,29,2011,4.31
11,30,2011,3.73
12,01,2011,4.76
12,02,2011,1.27
12,03,2011,3.8
12,04,2011,3.04
12,05,2011,3.93
12,06,2011,2.68
12,07,2011,3.07
12,08,2011,2.87
12,09,2011,1.95
12,10,2011,4.06
12,11,2011,2.85
12,12,2011,3.62
12,13,2011,1.33
12,14,2011,4.64
12,15,2011,2.96
12,16,2011,2.91
12,17,2011,2.56
12,18,2011,2.37
12,19,2011,1.8
12,20,2011,2.89
12,21,2011,3.27
12,22,2011,2.85
12,23,2011,3.12
12,24,2011,2.08
12,25,2011,2.83
12,26,2011,2.26
12,27,2011,2.66
12,28,2011,1.28
12,29,2011,2.88
12,30,2011,2.89
12,31,2011,4.08
01,01,2012,3.48
01,02,2012,3.0
01,03,2012,5.26
01,04,2012,4.11
01,05,2012,3.91
01,06,2012,2.62
01,07,2012,2.2
01,08,2012,2.57
01,09,2012,2.9
01,10,2012,3.96
01,11,2012,3.45
01,12,2012,2.95
01,13,2012,3.39
01,14,2012,2.73
01,15,2012,3.48
01,16,2012,5.22
01,17,2012,5.06
01,18,2012,4.79
01,19,2012,0.8
01,20,2012,2.56
01,21,2012,2.37
01,22,2012,2.56
01,23,2012,3.98
01,24,2012,2.92
01,25,2012,4.83
01,26,2012,4.38
01,27,2012,4.12
01,28,2012,4.0
01,29,2012,4.82
01,30,2012,4.41
01,31,2012,4.74
02,01,2012,5.24
02,02,2012,3.64
02,03,2012,2.65
02,04,2012,1.99
02,05,2012,5.22
02,06,2012,3.44
02,07,2012,6.29
02,08,2012,3.88
02,09,2012,6.91
02,10,2012,5.0
02,11,2012,2.97
02,12,2012,3.81
02,13,2012,4.52
02,14,2012,4.58
02,15,2012,4.61
02,16,2012,3.05
02,17,2012,4.43
02,18,2012,6.33
02,19,2012,3.35
02,20,2012,5.48
02,21,2012,5.62
02,22,2012,4.92
02,23,2012,3.78
02,24,2012,4.8
02,25,2012,1.37
02,26,2012,4.18
02,27,2012,4.71
02,28,2012,4.03
02,29,2012,5.55
03,01,2012,3.36
03,02,2012,3.89
03,03,2012,4.2
03,04,2012,4.55
03,05,2012,3.46
03,06,2012,6.09
03,07,2012,6.09
03,08,2012,5.75
03,09,2012,4.25
03,10,2012,5.75
03,11,2012,4.0
03,12,2012,5.75
03,13,2012,5.03
03,14,2012,7.12
03,15,2012,5.35
03,16,2012,6.05
03,17,2012,6.65
03,18,2012,4.11
03,19,2012,3.72
03,20,2012,5.22
03,21,2012,5.94
03,22,2012,5.11
03,23,2012,3.74
03,24,2012,6.86
03,25,2012,6.21
03,26,2012,5.68
03,27,2012,5.91
03,28,2012,6.15
03,29,2012,6.65
03,30,2012,6.25
03,31,2012,5.94
04,01,2012,7.5
04,02,2012,5.92
04,03,2012,6.37
04,04,2012,6.07
04,05,2012,6.89
04,06,2012,7.18
04,07,2012,7.73
04,08,2012,7.36
04,09,2012,7.79
04,10,2012,7.76
04,11,2012,6.07
04,12,2012,7.18
04,13,2012,6.94
04,14,2012,5.74
04,15,2012,6.08
04,16,2012,6.11
04,17,2012,6.84
04,18,2012,8.88
04,19,2012,7.01
04,20,2012,9.96
04,21,2012,8.28
04,22,2012,9.36
04,23,2012,9.51
04,24,2012,6.81
04,25,2012,5.42
04,26,2012,11.4
04,27,2012,8.05
04,28,2012,8.29
04,29,2012,5.15
04,30,2012,7.43
05,01,2012,7.95
05,02,2012,6.01
05,03,2012,8.02
05,04,2012,2.82
05,05,2012,7.1
05,06,2012,8.38
05,07,2012,8.07
05,08,2012,10.83
05,09,2012,8.85
05,10,2012,11.8
05,11,2012,7.69
05,12,2012,9.94
05,13,2012,8.08
05,14,2012,9.12
05,15,2012,8.64
05,16,2012,8.27
05,17,2012,6.57
05,18,2012,9.58
05,19,2012,7.95
05,20,2012,8.52
05,21,2012,7.86
05,22,2012,7.67
05,23,2012,8.69
05,24,2012,9.12
05,25,2012,9.49
05,26,2012,9.74
05,27,2012,10.43
05,28,2012,10.76
05,29,2012,9.53
05,30,2012,10.93
05,31,2012,9.52
06,01,2012,7.08
06,02,2012,8.45
06,03,2012,7.82
06,04,2012,5.22
06,05,2012,8.61
06,06,2012,7.51
06,07,2012,6.29
06,08,2012,5.79
06,09,2012,8.22
06,10,2012,10.31
06,11,2012,7.84
06,12,2012,8.23
06,13,2012,7.7
06,14,2012,8.77
06,15,2012,11.79
06,16,2012,10.72
06,17,2012,9.64
06,18,2012,9.49
06,19,2012,9.59
06,20,2012,5.48
06,21,2012,7.85
06,22,2012,4.78
06,23,2012,5.33
06,24,2012,7.54
06,25,2012,7.65
06,26,2012,8.44
06,27,2012,3.43
06,28,2012,9.58
06,29,2012,8.92
06,30,2012,6.46
07,01,2012,6.75
07,02,2012,8.2
07,03,2012,7.35
07,04,2012,7.6
07,05,2012,8.12
07,06,2012,7.8
07,07,2012,3.7
07,08,2012,9.95
07,09,2012,7.85
07,10,2012,5.19
07,11,2012,8.39
07,12,2012,5.39
07,13,2012,6.81
07,14,2012,5.82
07,15,2012,3.35
07,16,2012,7.57
07,17,2012,4.97
07,18,2012,5.39
07,19,2012,8.55
07,20,2012,2.99
07,21,2012,8.59
07,22,2012,6.3
07,23,2012,6.02
07,24,2012,5.04
07,25,2012,5.07
07,26,2012,6.91
07,27,2012,4.83
07,28,2012,4.71
07,29,2012,7.93
07,30,2012,7.28
07,31,2012,7.25
08,01,2012,7.55
08,02,2012,7.52
08,03,2012,4.93
08,04,2012,6.52
08,05,2012,5.62
08,06,2012,6.15
08,07,2012,5.48
08,08,2012,4.78
08,09,2012,7.53
08,10,2012,7.88
08,11,2012,10.46
08,12,2012,9.27
08,13,2012,8.49
08,14,2012,5.71
08,15,2012,3.62
08,16,2012,1.78
08,17,2012,3.99
08,18,2012,8.69
08,19,2012,1.52
08,20,2012,4.95
08,21,2012,6.38
08,22,2012,5.59
08,23,2012,6.24
08,24,2012,4.51
08,25,2012,5.04
08,26,2012,2.4
08,27,2012,9.06
08,28,2012,4.49
08,29,2012,4.32
08,30,2012,4.83
08,31,2012,9.53
09,01,2012,4.17
09,02,2012,5.08
09,03,2012,5.02
09,04,2012,5.33
09,05,2012,4.63
09,06,2012,5.5
09,07,2012,7.25
09,08,2012,6.52
09,09,2012,7.11
09,10,2012,4.28
09,11,2012,7.35
09,12,2012,11.36
09,13,2012,4.61
09,14,2012,3.14
09,15,2012,4.52
09,16,2012,8.38
09,17,2012,5.2
09,18,2012,6.45
09,19,2012,7.13
09,20,2012,4.93
09,21,2012,5.92
09,22,2012,7.52
09,23,2012,6.75
09,24,2012,5.91
09,25,2012,3.89
09,26,2012,6.01
09,27,2012,2.36
09,28,2012,4.61
09,29,2012,5.96
09,30,2012,5.45
10,01,2012,4.27
10,02,2012,6.31
10,03,2012,6.53
10,04,2012,6.68
10,05,2012,5.21
10,06,2012,4.28
10,07,2012,6.39
10,08,2012,6.32
10,09,2012,6.14
10,10,2012,6.15
10,11,2012,3.75
10,12,2012,4.8
10,13,2012,4.44
10,14,2012,4.74
10,15,2012,0.58
10,16,2012,4.0
10,17,2012,4.89
10,18,2012,5.28
10,19,2012,3.08
10,20,2012,5.86
10,21,2012,4.67
10,22,2012,4.87
10,23,2012,4.34
10,24,2012,4.9
10,25,2012,3.35
10,26,2012,5.41
10,27,2012,4.72
10,28,2012,4.45
10,29,2012,5.27
10,30,2012,5.89
10,31,2012,3.8
11,01,2012,5.76
11,02,2012,3.76
11,03,2012,5.7
11,04,2012,5.01
11,05,2012,4.43
11,06,2012,4.17
11,07,2012,4.74
11,08,2012,4.23
11,09,2012,4.04
11,10,2012,4.73
11,11,2012,4.91
11,12,2012,4.39
11,13,2012,3.08
11,14,2012,4.06
11,15,2012,4.56
11,16,2012,2.71
11,17,2012,3.04
11,18,2012,4.5
11,19,2012,3.69
11,20,2012,1.95
11,21,2012,4.17
11,22,2012,2.7
11,23,2012,5.22
11,24,2012,3.48
11,25,2012,4.45
11,26,2012,2.81
11,27,2012,3.91
11,28,2012,4.5
11,29,2012,3.81
11,30,2012,3.32
12,01,2012,2.48
12,02,2012,2.49
12,03,2012,5.41
12,04,2012,3.66
12,05,2012,2.62
12,06,2012,2.98
12,07,2012,4.0
12,08,2012,2.98
12,09,2012,4.21
12,10,2012,3.45
12,11,2012,2.62
12,12,2012,3.5
12,13,2012,2.99
12,14,2012,1.52
12,15,2012,1.54
12,16,2012,0.54
12,17,2012,3.64
12,18,2012,2.84
12,19,2012,0.97
12,20,2012,4.51
12,21,2012,2.44
12,22,2012,2.27
12,23,2012,2.53
12,24,2012,3.08
12,25,2012,2.59
12,26,2012,3.18
12,27,2012,1.79
12,28,2012,1.92
12,29,2012,1.1
12,30,2012,1.01
12,31,2012,1.6
01,01,2013,1.16
01,02,2013,2.88
01,03,2013,2.57
01,04,2013,1.91
01,05,2013,2.8
01,06,2013,3.82
01,07,2013,2.13
01,08,2013,3.81
01,09,2013,2.71
01,10,2013,3.01
01,11,2013,1.59
01,12,2013,3.47
01,13,2013,2.63
01,14,2013,4.44
01,15,2013,1.51
01,16,2013,3.09
01,17,2013,3.68
01,18,2013,2.29
01,19,2013,4.52
01,20,2013,1.37
01,21,2013,3.23
01,22,2013,3.01
01,23,2013,3.0
01,24,2013,4.5
01,25,2013,3.9
01,26,2013,2.85
01,27,2013,4.06
01,28,2013,4.12
01,29,2013,2.57
01,30,2013,4.36
01,31,2013,2.0
02,01,2013,2.46
02,02,2013,4.86
02,03,2013,3.11
02,04,2013,4.74
02,05,2013,2.75
02,06,2013,4.7
02,07,2013,4.9
02,08,2013,4.8
02,09,2013,4.67
02,10,2013,0.69
02,11,2013,4.05
02,12,2013,0.89
02,13,2013,4.13
02,14,2013,6.1
02,15,2013,4.02
02,16,2013,6.21
02,17,2013,4.87
02,18,2013,6.02
02,19,2013,3.39
02,20,2013,7.09
02,21,2013,2.55
02,22,2013,3.88
02,23,2013,5.05
02,24,2013,3.92
02,25,2013,5.59
02,26,2013,3.52
02,27,2013,5.04
02,28,2013,5.85
03,01,2013,7.21
03,02,2013,7.85
03,03,2013,8.5
03,04,2013,7.84
03,05,2013,5.84
03,06,2013,3.53
03,07,2013,5.76
03,08,2013,3.31
03,09,2013,4.19
03,10,2013,5.06
03,11,2013,3.31
03,12,2013,4.44
03,13,2013,4.84
03,14,2013,6.66
03,15,2013,5.46
03,16,2013,7.48
03,17,2013,5.9
03,18,2013,7.33
03,19,2013,6.85
03,20,2013,6.72
03,21,2013,7.23
03,22,2013,6.36
03,23,2013,7.08
03,24,2013,7.47
03,25,2013,5.58
03,26,2013,7.46
03,27,2013,7.43
03,28,2013,6.94
03,29,2013,9.02
03,30,2013,7.82
03,31,2013,6.87
04,01,2013,6.87
04,02,2013,9.15
04,03,2013,7.94
04,04,2013,8.52
04,05,2013,5.11
04,06,2013,9.83
04,07,2013,6.27
04,08,2013,7.92
04,09,2013,8.08
04,10,2013,6.66
04,11,2013,5.18
04,12,2013,5.33
04,13,2013,9.56
04,14,2013,8.74
04,15,2013,7.05
04,16,2013,5.79
04,17,2013,8.61
04,18,2013,7.22
04,19,2013,7.49
04,20,2013,8.34
04,21,2013,7.4
04,22,2013,9.4
04,23,2013,8.23
04,24,2013,3.56
04,25,2013,7.73
04,26,2013,8.44
04,27,2013,10.69
04,28,2013,8.48
04,29,2013,5.91
04,30,2013,8.51
05,01,2013,8.52
05,02,2013,4.55
05,03,2013,5.5
05,04,2013,8.8
05,05,2013,10.6
05,06,2013,8.1
05,07,2013,8.67
05,08,2013,7.37
05,09,2013,12.05
05,10,2013,10.15
05,11,2013,11.01
05,12,2013,10.05
05,13,2013,7.85
05,14,2013,10.64
05,15,2013,9.21
05,16,2013,8.95
05,17,2013,7.75
05,18,2013,9.8
05,19,2013,11.35
05,20,2013,12.45
05,21,2013,7.77
05,22,2013,8.78
05,23,2013,9.25
05,24,2013,8.95
05,25,2013,9.25
05,26,2013,8.3
05,27,2013,9.55
05,28,2013,7.85
05,29,2013,9.6
05,30,2013,7.45
05,31,2013,8.45
06,01,2013,8.1
06,02,2013,6.9
06,03,2013,5.2
06,04,2013,8.16
06,05,2013,9.64
06,06,2013,7.97
06,07,2013,7.08
06,08,2013,4.75
06,09,2013,8.9
06,10,2013,7.77
06,11,2013,10.73
06,12,2013,9.05
06,13,2013,7.62
06,14,2013,10.03
06,15,2013,10.05
06,16,2013,13.55
06,17,2013,8.9
06,18,2013,8.95
06,19,2013,7.45
06,20,2013,10.0
06,21,2013,8.75
06,22,2013,11.05
06,23,2013,10.65
06,24,2013,10.9
06,25,2013,11.55
06,26,2013,10.7
06,27,2013,5.4
06,28,2013,6.65
06,29,2013,9.15
06,30,2013,6.6
07,01,2013,7.35
07,02,2013,10.45
07,03,2013,9.3
07,04,2013,11.16
07,05,2013,6.02
07,06,2013,9.3
07,07,2013,8.6
07,08,2013,3.85
07,09,2013,8.05
07,10,2013,9.1
07,11,2013,8.65
07,12,2013,11.7
07,13,2013,8.5
07,14,2013,7.15
07,15,2013,5.05
07,16,2013,8.95
07,17,2013,9.0
07,18,2013,2.55
07,19,2013,7.4
07,20,2013,9.3
07,21,2013,7.45
07,22,2013,7.6
07,23,2013,7.8
07,24,2013,9.2
07,25,2013,5.65
07,26,2013,9.26
07,27,2013,10.71
07,28,2013,3.53
07,29,2013,7.5
07,30,2013,7.53
07,31,2013,6.11
08,01,2013,6.01
08,02,2013,7.13
08,03,2013,1.62
08,04,2013,7.6
08,05,2013,6.45
08,06,2013,8.7
08,07,2013,7.62
08,08,2013,10.23
08,09,2013,15.05
08,10,2013,6.0
08,11,2013,null
08,12,2013,5.35
08,13,2013,4.3
08,14,2013,9.34
08,15,2013,7.81
08,16,2013,9.04
08,17,2013,null
08,18,2013,null
08,19,2013,null
08,20,2013,8.16
08,21,2013,null
08,22,2013,5.27
08,23,2013,null
08,24,2013,4.3
08,25,2013,6.06
08,26,2013,6.89
08,27,2013,6.25
08,28,2013,3.94
08,29,2013,7.85
08,30,2013,4.52
08,31,2013,6.32
09,01,2013,5.9
09,02,2013,4.72
09,03,2013,3.18
09,04,2013,3.96
09,05,2013,7.12
09,06,2013,2.7
09,07,2013,3.02
09,08,2013,2.3
09,09,2013,2.95
09,10,2013,6.56
09,11,2013,5.5
09,12,2013,16.0
09,13,2013,7.36
09,14,2013,7.22
09,15,2013,6.99
09,16,2013,4.55
09,17,2013,3.95
09,18,2013,null
09,19,2013,null
09,20,2013,5.2
09,21,2013,4.13
09,22,2013,2.97
09,23,2013,8.75
09,24,2013,4.45
09,25,2013,6.12
09,26,2013,4.43
09,27,2013,4.6
09,28,2013,6.0
09,29,2013,7.26
09,30,2013,7.23
10,01,2013,3.98
10,02,2013,7.43
10,03,2013,5.35
10,04,2013,5.85
10,05,2013,4.5
10,06,2013,7.94
10,07,2013,4.66
10,08,2013,5.2
10,09,2013,4.41
10,10,2013,4.94
10,11,2013,5.85
10,12,2013,6.59
10,13,2013,2.31
10,14,2013,3.7
10,15,2013,3.72
10,16,2013,8.13
10,17,2013,7.11
10,18,2013,5.88
10,19,2013,6.32
10,20,2013,5.34
10,21,2013,6.67
10,22,2013,4.77
10,23,2013,6.09
10,24,2013,6.34
10,25,2013,4.5
10,26,2013,5.66
10,27,2013,5.48
10,28,2013,6.13
10,29,2013,1.32
10,30,2013,4.8
10,31,2013,3.35
11,01,2013,6.07
11,02,2013,6.95
11,03,2013,null
11,04,2013,3.77
11,05,2013,3.07
11,06,2013,3.98
11,07,2013,1.08
11,08,2013,2.97
11,09,2013,2.71
11,10,2013,3.95
11,11,2013,4.53
11,12,2013,3.34
11,13,2013,4.4
11,14,2013,3.57
11,15,2013,3.35
11,16,2013,0.61
11,17,2013,1.49
11,18,2013,4.85
11,19,2013,2.12
11,20,2013,3.67
11,21,2013,3.26
11,22,2013,1.29
11,23,2013,5.41
11,24,2013,3.27
11,25,2013,3.99
11,26,2013,2.59
11,27,2013,4.42
11,28,2013,1.73
11,29,2013,3.16
11,30,2013,4.0
12,01,2013,2.07
12,02,2013,2.17
12,03,2013,1.96
12,04,2013,2.73
12,05,2013,1.57
12,06,2013,2.89
12,07,2013,3.27
12,08,2013,2.34
12,09,2013,3.41
12,10,2013,2.77
12,11,2013,1.5
12,12,2013,3.89
12,13,2013,2.46
12,14,2013,3.57
12,15,2013,3.08
12,16,2013,3.18
12,17,2013,2.6
12,18,2013,2.43
12,19,2013,1.4
12,20,2013,0.82
12,21,2013,1.9
12,22,2013,3.05
12,23,2013,3.13
12,24,2013,0.9
12,25,2013,3.27
12,26,2013,3.83
12,27,2013,2.03
12,28,2013,3.89
12,29,2013,2.64
12,30,2013,3.33
12,31,2013,3.71
01,01,2014,1.12
01,02,2014,1.75
01,03,2014,5.41
01,04,2014,3.99
01,05,2014,7.89
01,06,2014,2.1
01,07,2014,2.81
01,08,2014,5.69
01,09,2014,5.52
01,10,2014,6.27
01,11,2014,6.65
01,12,2014,6.43
01,13,2014,5.34
01,14,2014,7.21
01,15,2014,5.71
01,16,2014,5.98
01,17,2014,7.73
01,18,2014,5.92
01,19,2014,4.2
01,20,2014,7.22
01,21,2014,6.56
01,22,2014,5.77
01,23,2014,4.42
01,24,2014,5.48
01,25,2014,5.62
01,26,2014,5.94
01,27,2014,6.47
01,28,2014,3.82
01,29,2014,4.5
01,30,2014,7.24
01,31,2014,5.8
02,01,2014,3.8
02,02,2014,3.9
02,03,2014,5.04
02,04,2014,4.23
02,05,2014,2.96
02,06,2014,4.0
02,07,2014,4.78
02,08,2014,3.69
02,09,2014,4.99
02,10,2014,5.22
02,11,2014,4.27
02,12,2014,4.17
02,13,2014,4.85
02,14,2014,1.53
02,15,2014,7.67
02,16,2014,3.21
02,17,2014,5.14
02,18,2014,5.55
02,19,2014,6.7
02,20,2014,5.2
02,21,2014,5.48
02,22,2014,7.12
02,23,2014,3.71
02,24,2014,5.69
02,25,2014,5.3
02,26,2014,3.5
02,27,2014,6.9
02,28,2014,4.25
03,01,2014,6.3
03,02,2014,5.73
03,03,2014,5.12
03,04,2014,6.0
03,05,2014,6.5
03,06,2014,6.0
03,07,2014,3.84
03,08,2014,3.76
03,09,2014,4.8
03,10,2014,6.38
03,11,2014,4.45
03,12,2014,7.37
03,13,2014,5.48
03,14,2014,4.42
03,15,2014,2.89
03,16,2014,7.71
03,17,2014,7.73
03,18,2014,4.95
03,19,2014,7.89
03,20,2014,7.06
03,21,2014,5.25
03,22,2014,9.7
03,23,2014,8.55
03,24,2014,9.52
03,25,2014,6.3
03,26,2014,6.68
03,27,2014,5.03
03,28,2014,7.97
03,29,2014,6.41
03,30,2014,6.8
03,31,2014,8.19
04,01,2014,9.58
04,02,2014,7.77
04,03,2014,6.94
04,04,2014,2.25
04,05,2014,5.35
04,06,2014,9.02
04,07,2014,7.38
04,08,2014,11.97
04,09,2014,5.19
04,10,2014,9.26
04,11,2014,10.68
04,12,2014,5.7
04,13,2014,8.35
04,14,2014,9.49
04,15,2014,4.92
04,16,2014,5.58
04,17,2014,8.17
04,18,2014,3.39
04,19,2014,6.9
04,20,2014,8.65
04,21,2014,8.02
04,22,2014,8.06
04,23,2014,11.0
04,24,2014,7.91
04,25,2014,1.47
04,26,2014,10.75
04,27,2014,9.16
04,28,2014,10.83
04,29,2014,7.5
04,30,2014,6.51
05,01,2014,9.51
05,02,2014,8.34
05,03,2014,10.23
05,04,2014,4.67
05,05,2014,13.37
05,06,2014,2.68
05,07,2014,8.45
05,08,2014,8.97
05,09,2014,10.38
05,10,2014,9.76
05,11,2014,9.86
05,12,2014,9.43
05,13,2014,9.32
05,14,2014,9.93
05,15,2014,9.7
05,16,2014,10.7
05,17,2014,10.3
05,18,2014,null
05,19,2014,9.07
05,20,2014,5.33
05,21,2014,6.04
05,22,2014,4.16
05,23,2014,9.99
05,24,2014,11.95
05,25,2014,13.61
05,26,2014,12.36
05,27,2014,10.36
05,28,2014,7.4
05,29,2014,5.37
05,30,2014,9.7
05,31,2014,15.09
06,01,2014,5.21
06,02,2014,11.13
06,03,2014,9.04
06,04,2014,8.76
06,05,2014,8.57
06,06,2014,null
06,07,2014,9.47
06,08,2014,10.23
06,09,2014,8.15
06,10,2014,10.35
06,11,2014,9.28
06,12,2014,11.45
06,13,2014,8.42
06,14,2014,8.9
06,15,2014,12.67
06,16,2014,8.82
06,17,2014,8.26
06,18,2014,12.96
06,19,2014,8.08
06,20,2014,6.62
06,21,2014,4.94
06,22,2014,9.88
06,23,2014,7.17
06,24,2014,8.81
06,25,2014,7.88
06,26,2014,7.72
06,27,2014,3.89
06,28,2014,6.75
06,29,2014,8.45
06,30,2014,null
07,01,2014,null
07,02,2014,6.25
07,03,2014,4.56
07,04,2014,9.61
07,05,2014,null
07,06,2014,5.9
07,07,2014,6.63
07,08,2014,6.2
07,09,2014,1.19
07,10,2014,4.96
07,11,2014,7.15
07,12,2014,9.75
07,13,2014,10.79
07,14,2014,8.17
07,15,2014,9.03
07,16,2014,7.56
07,17,2014,5.35
07,18,2014,6.35
07,19,2014,8.0
07,20,2014,4.95
07,21,2014,6.6
07,22,2014,4.03
07,23,2014,7.9
07,24,2014,8.39
07,25,2014,6.43
07,26,2014,6.24
07,27,2014,8.21
07,28,2014,8.45
07,29,2014,8.0
07,30,2014,9.09
07,31,2014,7.29
08,01,2014,6.84
08,02,2014,null
08,03,2014,10.5
08,04,2014,7.44
08,05,2014,5.86
08,06,2014,6.11
08,07,2014,2.36
08,08,2014,5.93
08,09,2014,2.0
08,10,2014,6.2
08,11,2014,5.68
08,12,2014,4.87
08,13,2014,4.9
08,14,2014,13.52
08,15,2014,6.08
08,16,2014,5.08
08,17,2014,7.87
08,18,2014,1.78
08,19,2014,6.07
08,20,2014,8.95
08,21,2014,null
08,22,2014,6.13
08,23,2014,5.53
08,24,2014,8.6
08,25,2014,3.5
08,26,2014,6.0
08,27,2014,6.32
08,28,2014,6.17
08,29,2014,6.21
08,30,2014,4.87
08,31,2014,7.23
09,01,2014,2.73
09,02,2014,5.37
09,03,2014,1.89
09,04,2014,4.57
09,05,2014,2.95
09,06,2014,2.97
09,07,2014,7.01
09,08,2014,4.22
09,09,2014,5.65
09,10,2014,4.71
09,11,2014,7.82
09,12,2014,3.15
09,13,2014,6.32
09,14,2014,7.78
09,15,2014,5.87
09,16,2014,0.98
09,17,2014,5.25
09,18,2014,2.8
09,19,2014,8.38
09,20,2014,3.81
09,21,2014,5.56
09,22,2014,5.74
09,23,2014,7.37
09,24,2014,1.75
09,25,2014,4.79
09,26,2014,5.6
09,27,2014,6.44
09,28,2014,5.27
09,29,2014,3.99
09,30,2014,14.13
10,01,2014,1.12
10,02,2014,1.75
10,03,2014,5.41
10,04,2014,3.99
10,05,2014,7.89
10,06,2014,2.1
10,07,2014,2.81
10,08,2014,5.69
10,09,2014,5.52
10,10,2014,6.27
10,11,2014,6.65
10,12,2014,6.43
10,13,2014,5.34
10,14,2014,7.21
10,15,2014,5.71
10,16,2014,5.98
10,17,2014,7.73
10,18,2014,5.92
10,19,2014,4.2
10,20,2014,7.22
10,21,2014,6.56
10,22,2014,5.77
10,23,2014,4.42
10,24,2014,5.48
10,25,2014,5.62
10,26,2014,5.94
10,27,2014,6.47
10,28,2014,3.82
10,29,2014,4.5
10,30,2014,7.24
10,31,2014,5.8
11,01,2014,5.7
11,02,2014,6.22
11,03,2014,4.26
11,04,2014,0.67
11,05,2014,3.53
11,06,2014,5.36
11,07,2014,3.14
11,08,2014,4.6
11,09,2014,6.0
11,10,2014,3.49
11,11,2014,8.57
11,12,2014,3.68
11,13,2014,2.31
11,14,2014,6.2
11,15,2014,4.15
11,16,2014,3.7
11,17,2014,4.05
11,18,2014,4.02
11,19,2014,4.82
11,20,2014,4.15
11,21,2014,2.36
11,22,2014,4.9
11,23,2014,4.32
11,24,2014,3.89
11,25,2014,4.64
11,26,2014,5.45
11,27,2014,4.78
11,28,2014,6.68
11,29,2014,5.16
11,30,2014,1.52
12,01,2014,1.21
12,02,2014,3.46
12,03,2014,5.84
12,04,2014,4.5
12,05,2014,2.25
12,06,2014,3.0
12,07,2014,2.48
12,08,2014,0.67
12,09,2014,5.23
12,10,2014,1.89
12,11,2014,1.48
12,12,2014,6.05
12,13,2014,3.0
12,14,2014,2.75
12,15,2014,4.57
12,16,2014,6.08
12,17,2014,2.57
12,18,2014,4.01
12,19,2014,1.12
12,20,2014,1.1
12,21,2014,4.3
12,22,2014,3.79
12,23,2014,2.15
12,24,2014,4.16
12,25,2014,4.2
12,26,2014,1.76
12,27,2014,2.04
12,28,2014,5.35
12,29,2014,8.58
12,30,2014,4.28
12,31,2014,1.41
01,01,2015,4.53
01,02,2015,1.56
01,03,2015,3.2
01,04,2015,3.45
01,05,2015,4.78
01,06,2015,4.89
01,07,2015,1.93
01,08,2015,3.62
01,09,2015,3.88
01,10,2015,4.66
01,11,2015,6.49
01,12,2015,3.72
01,13,2015,3.17
01,14,2015,3.47
01,15,2015,2.89
01,16,2015,2.51
01,17,2015,3.18
01,18,2015,2.71
01,19,2015,5.5
01,20,2015,2.96
01,21,2015,4.95
01,22,2015,3.78
01,23,2015,3.81
01,24,2015,2.05
01,25,2015,1.16
01,26,2015,5.07
01,27,2015,3.72
01,28,2015,5.46
01,29,2015,4.37
01,30,2015,1.32
01,31,2015,2.0
02,01,2015,4.98
02,02,2015,3.79
02,03,2015,3.17
02,04,2015,5.38
02,05,2015,3.19
02,06,2015,5.46
02,07,2015,5.72
02,08,2015,5.48
02,09,2015,5.14
02,10,2015,6.21
02,11,2015,4.86
02,12,2015,4.67
02,13,2015,2.7
02,14,2015,2.16
02,15,2015,6.04
02,16,2015,3.7
02,17,2015,5.84
02,18,2015,5.32
02,19,2015,5.63
02,20,2015,6.57
02,21,2015,6.0
02,22,2015,5.33
02,23,2015,6.86
02,24,2015,4.85
02,25,2015,6.0
02,26,2015,6.15
02,27,2015,3.8
02,28,2015,4.0
03,01,2015,6.65
03,02,2015,5.55
03,03,2015,3.39
03,04,2015,3.54
03,05,2015,4.29
03,06,2015,5.4
03,07,2015,5.31
03,08,2015,0.87
03,09,2015,4.66
03,10,2015,5.76
03,11,2015,7.19
03,12,2015,4.6
03,13,2015,4.44
03,14,2015,4.44
03,15,2015,6.07
03,16,2015,7.65
03,17,2015,6.43
03,18,2015,5.39
03,19,2015,7.43
03,20,2015,4.65
03,21,2015,7.17
03,22,2015,8.89
03,23,2015,7.48
03,24,2015,7.66
03,25,2015,7.65
03,26,2015,6.38
03,27,2015,7.27
03,28,2015,7.1
03,29,2015,7.49
03,30,2015,8.43
03,31,2015,5.47
04,01,2015,5.47
04,02,2015,6.11
04,03,2015,6.1
04,04,2015,7.92
04,05,2015,9.05
04,06,2015,5.69
04,07,2015,8.22
04,08,2015,8.7
04,09,2015,8.87
04,10,2015,3.61
04,11,2015,5.92
04,12,2015,5.97
04,13,2015,5.77
04,14,2015,7.71
04,15,2015,8.64
04,16,2015,11.12
04,17,2015,5.11
04,18,2015,3.7
04,19,2015,8.1
04,20,2015,8.56
04,21,2015,8.2
04,22,2015,5.97
04,23,2015,7.64
04,24,2015,5.31
04,25,2015,6.92
04,26,2015,7.59
04,27,2015,11.02
04,28,2015,9.09
04,29,2015,10.83
04,30,2015,8.03
05,01,2015,11.1
05,02,2015,7.41
05,03,2015,9.93
05,04,2015,7.81
05,05,2015,6.36
05,06,2015,9.67
05,07,2015,8.25
05,08,2015,7.82
05,09,2015,null
05,10,2015,null
05,11,2015,5.71
05,12,2015,5.54
05,13,2015,9.28
05,14,2015,8.1
05,15,2015,11.23
05,16,2015,9.37
05,17,2015,10.19
05,18,2015,8.35
05,19,2015,10.06
05,20,2015,8.77
05,21,2015,8.15
05,22,2015,5.65
05,23,2015,6.33
05,24,2015,null
05,25,2015,null
05,26,2015,13.3
05,27,2015,13.09
05,28,2015,9.66
05,29,2015,10.88
05,30,2015,9.67
05,31,2015,11.37
06,01,2015,9.77
06,02,2015,10.96
06,03,2015,9.85
06,04,2015,9.31
06,05,2015,8.15
06,06,2015,11.27
06,07,2015,8.04
06,08,2015,8.63
06,09,2015,8.47
06,10,2015,10.38
06,11,2015,11.92
06,12,2015,9.98
06,13,2015,9.22
06,14,2015,11.8
06,15,2015,12.63
06,16,2015,9.48
06,17,2015,12.62
06,18,2015,10.81
06,19,2015,5.62
06,20,2015,8.74
06,21,2015,8.02
06,22,2015,11.78
06,23,2015,7.75
06,24,2015,5.05
06,25,2015,6.79
06,26,2015,9.81
06,27,2015,9.0
06,28,2015,9.1
06,29,2015,9.54
06,30,2015,2.69
07,01,2015,6.5
07,02,2015,3.1
07,03,2015,5.68
07,04,2015,7.23
07,05,2015,5.29
07,06,2015,7.25
07,07,2015,8.3
07,08,2015,6.0
07,09,2015,9.14
07,10,2015,8.36
07,11,2015,7.35
07,12,2015,9.71
07,13,2015,7.27
07,14,2015,9.52
07,15,2015,1.37
07,16,2015,5.43
07,17,2015,8.1
07,18,2015,5.95
07,19,2015,9.92
07,20,2015,2.68
07,21,2015,4.35
07,22,2015,3.83
07,23,2015,0.44
07,24,2015,5.63
07,25,2015,5.07
07,26,2015,9.55
07,27,2015,5.68
07,28,2015,10.3
07,29,2015,6.2
07,30,2015,6.59
07,31,2015,1.41
08,01,2015,5.37
08,02,2015,8.3
08,03,2015,9.99
08,04,2015,9.3
08,05,2015,6.05
08,06,2015,5.01
08,07,2015,5.54
08,08,2015,9.6
08,09,2015,4.73
08,10,2015,8.27
08,11,2015,6.72
08,12,2015,10.86
08,13,2015,8.61
08,14,2015,6.41
08,15,2015,5.97
08,16,2015,null
08,17,2015,3.55
08,18,2015,10.84
08,19,2015,null
08,20,2015,5.41
08,21,2015,6.69
08,22,2015,5.7
08,23,2015,6.2
08,24,2015,7.12
08,25,2015,7.79
08,26,2015,9.39
08,27,2015,7.15
08,28,2015,4.37
08,29,2015,6.08
08,30,2015,10.94
08,31,2015,3.29
09,01,2015,2.67
09,02,2015,5.65
09,03,2015,6.05
09,04,2015,6.1
09,05,2015,5.6
09,06,2015,4.05
09,07,2015,7.27
09,08,2015,5.08
09,09,2015,9.0
09,10,2015,3.32
09,11,2015,8.05
09,12,2015,3.1
09,13,2015,3.64
09,14,2015,6.06
09,15,2015,7.1
09,16,2015,4.51
09,17,2015,null
09,18,2015,2.74
09,19,2015,9.05
09,20,2015,1.94
09,21,2015,6.81
09,22,2015,5.52
09,23,2015,9.78
09,24,2015,5.85
09,25,2015,2.95
09,26,2015,4.9
09,27,2015,4.87
09,28,2015,4.38
09,29,2015,7.06
09,30,2015,5.85
10,01,2015,5.85
10,02,2015,6.16
10,03,2015,5.94
10,04,2015,null
10,05,2015,1.2
10,06,2015,4.91
10,07,2015,5.36
10,08,2015,4.98
10,09,2015,6.05
10,10,2015,3.7
10,11,2015,3.8
10,12,2015,3.55
10,13,2015,5.49
10,14,2015,5.22
10,15,2015,4.78
10,16,2015,8.77
10,17,2015,5.13
10,18,2015,5.11
10,19,2015,6.55
10,20,2015,10.13
10,21,2015,3.16
10,22,2015,3.92
10,23,2015,6.59
10,24,2015,4.14
10,25,2015,5.22
10,26,2015,6.78
10,27,2015,1.9
10,28,2015,5.85
10,29,2015,3.85
10,30,2015,10.98
10,31,2015,5.02
11,01,2015,15.81
11,02,2015,3.39
11,03,2015,4.84
11,04,2015,3.68
11,05,2015,2.42
11,06,2015,4.97
11,07,2015,3.89
11,08,2015,4.6
11,09,2015,3.67
11,10,2015,5.08
11,11,2015,3.41
11,12,2015,5.27
11,13,2015,2.32
11,14,2015,2.45
11,15,2015,3.55
11,16,2015,3.25
11,17,2015,2.27
11,18,2015,4.99
11,19,2015,0.65
11,20,2015,2.52
11,21,2015,10.57
11,22,2015,6.6
11,23,2015,4.29
11,24,2015,0.96
11,25,2015,1.5
11,26,2015,5.0
11,27,2015,8.39
11,28,2015,2.08
11,29,2015,2.51
11,30,2015,2.41
12,01,2015,2.81
12,02,2015,1.58
12,03,2015,2.45
12,04,2015,3.27
12,05,2015,2.6
12,06,2015,1.5
12,07,2015,4.77
12,08,2015,5.81
12,09,2015,0.97
12,10,2015,3.71
12,11,2015,3.07
12,12,2015,3.57
12,13,2015,null
12,14,2015,1.98
12,15,2015,1.96
12,16,2015,2.41
12,17,2015,2.63
12,18,2015,1.47
12,19,2015,2.18
12,20,2015,1.3
12,21,2015,0.7
12,22,2015,1.93
12,23,2015,3.23
12,24,2015,1.92
12,25,2015,2.55
12,26,2015,1.2
12,27,2015,4.3
12,28,2015,5.33
12,29,2015,2.05
12,30,2015,4.17
12,31,2015,3.15
01,01,2016,1.85
01,02,2016,1.6
01,03,2016,2.89
01,04,2016,3.24
01,05,2016,2.59
01,06,2016,3.09
01,07,2016,1.77
01,08,2016,3.79
01,09,2016,2.66
01,10,2016,2.77
01,11,2016,3.55
01,12,2016,2.7
01,13,2016,1.41
01,14,2016,2.14
01,15,2016,3.41
01,16,2016,1.55
01,17,2016,4.35
01,18,2016,2.34
01,19,2016,2.4
01,20,2016,3.77
01,21,2016,2.27
01,22,2016,3.26
01,23,2016,3.31
01,24,2016,4.09
01,25,2016,3.66
01,26,2016,1.46
01,27,2016,3.62
01,28,2016,3.03
01,29,2016,4.9
01,30,2016,2.08
01,31,2016,4.25
02,01,2016,3.8
02,02,2016,1.7
02,03,2016,5.8
02,04,2016,4.97
02,05,2016,3.74
02,06,2016,3.93
02,07,2016,7.22
02,08,2016,0.07
02,09,2016,1.23
02,10,2016,4.52
02,11,2016,3.42
02,12,2016,2.78
02,13,2016,4.95
02,14,2016,3.64
02,15,2016,3.52
02,16,2016,4.29
02,17,2016,3.24
02,18,2016,4.78
02,19,2016,5.32
02,20,2016,3.59
02,21,2016,3.15
02,22,2016,3.15
02,23,2016,3.94
02,24,2016,3.6
02,25,2016,5.97
02,26,2016,2.82
02,27,2016,1.92
02,28,2016,4.05
02,29,2016,5.94
03,01,2016,4.94
03,02,2016,4.81
03,03,2016,5.2
03,04,2016,4.22
03,05,2016,4.23
03,06,2016,3.5
03,07,2016,5.56
03,08,2016,3.89
03,09,2016,3.49
03,10,2016,2.79
03,11,2016,5.64
03,12,2016,2.62
03,13,2016,2.89
03,14,2016,8.17
03,15,2016,3.94
03,16,2016,1.57
03,17,2016,5.4
03,18,2016,2.57
03,19,2016,5.95
03,20,2016,5.05
03,21,2016,6.1
03,22,2016,5.35
03,23,2016,5.2
03,24,2016,4.5
03,25,2016,6.3
03,26,2016,4.24
03,27,2016,3.31
03,28,2016,6.37
03,29,2016,4.74
03,30,2016,3.74
03,31,2016,4.36
04,01,2016,5.45
04,02,2016,6.86
04,03,2016,6.08
04,04,2016,3.39
04,05,2016,7.49
04,06,2016,4.94
04,07,2016,4.91
04,08,2016,5.24
04,09,2016,5.55
04,10,2016,6.53
04,11,2016,9.0
04,12,2016,7.89
04,13,2016,2.1
04,14,2016,6.66
04,15,2016,5.43
04,16,2016,3.79
04,17,2016,3.7
04,18,2016,8.86
04,19,2016,7.64
04,20,2016,5.12
04,21,2016,9.49
04,22,2016,8.47
04,23,2016,null
04,24,2016,7.3
04,25,2016,9.9
04,26,2016,7.51
04,27,2016,7.46
04,28,2016,8.56
04,29,2016,5.95
04,30,2016,7.46
05,01,2016,3.84
05,02,2016,7.61
05,03,2016,6.68
05,04,2016,7.53
05,05,2016,7.77
05,06,2016,6.61
05,07,2016,5.04
05,08,2016,6.83
05,09,2016,5.1
05,10,2016,5.3
05,11,2016,8.68
05,12,2016,6.74
05,13,2016,7.32
05,14,2016,6.95
05,15,2016,7.75
05,16,2016,5.11
05,17,2016,10.29
05,18,2016,6.05
05,19,2016,7.9
05,20,2016,5.6
05,21,2016,8.8
05,22,2016,8.91
05,23,2016,7.19
05,24,2016,6.99
05,25,2016,6.27
05,26,2016,1.85
05,27,2016,4.89
05,28,2016,9.27
05,29,2016,8.77
05,30,2016,6.75
05,31,2016,1.18
